version 1
nodes
0 "root" -1
end
skeleton
time 0
0 0 0 0 0 0 0
end
triangles
cabinet.bmp
0 -18.050000 -14.000000 3.851000 0.000000 -1.000000 0.000000 0.078833 0.021270
0 18.050000 -14.000000 3.851000 0.000000 -1.000000 0.000000 0.921167 0.021270
0 19.950000 -14.000000 5.805000 0.000000 -1.000000 0.000000 0.965500 0.047147
cabinet.bmp
0 -18.050000 -14.000000 3.851000 0.000000 -1.000000 0.000000 0.078833 0.021270
0 19.950000 -14.000000 5.805000 0.000000 -1.000000 0.000000 0.965500 0.047147
0 19.950000 -14.000000 69.310000 0.000000 -1.000000 0.000000 0.965500 0.888159
cabinet.bmp
0 -18.050000 -14.000000 3.851000 0.000000 -1.000000 0.000000 0.078833 0.021270
0 19.950000 -14.000000 69.310000 0.000000 -1.000000 0.000000 0.965500 0.888159
0 15.200000 -14.000000 76.149000 0.000000 -1.000000 0.000000 0.854667 0.978730
cabinet.bmp
0 -18.050000 -14.000000 3.851000 0.000000 -1.000000 0.000000 0.078833 0.021270
0 15.200000 -14.000000 76.149000 0.000000 -1.000000 0.000000 0.854667 0.978730
0 -15.200000 -14.000000 76.149000 0.000000 -1.000000 0.000000 0.145333 0.978730
cabinet.bmp
0 -18.050000 -14.000000 3.851000 0.000000 -1.000000 0.000000 0.078833 0.021270
0 -15.200000 -14.000000 76.149000 0.000000 -1.000000 0.000000 0.145333 0.978730
0 -19.950000 -14.000000 69.310000 0.000000 -1.000000 0.000000 0.034500 0.888159
cabinet.bmp
0 -18.050000 -14.000000 3.851000 0.000000 -1.000000 0.000000 0.078833 0.021270
0 -19.950000 -14.000000 69.310000 0.000000 -1.000000 0.000000 0.034500 0.888159
0 -19.950000 -14.000000 5.805000 0.000000 -1.000000 0.000000 0.034500 0.047147
details.bmp
0 -18.050000 -14.000000 3.851000 0.000000 -0.391530 -0.920165 0.515625 0.769531
0 -19.000000 -12.000000 3.000000 0.000000 -0.391530 -0.920165 0.730469 0.769531
0 19.000000 -12.000000 3.000000 0.000000 -0.391530 -0.920165 0.730469 0.984375
details.bmp
0 -18.050000 -14.000000 3.851000 0.000000 -0.391530 -0.920165 0.515625 0.769531
0 19.000000 -12.000000 3.000000 0.000000 -0.391530 -0.920165 0.730469 0.984375
0 18.050000 -14.000000 3.851000 0.000000 -0.391530 -0.920165 0.515625 0.984375
details.bmp
0 18.050000 -14.000000 3.851000 0.596454 -0.537107 -0.596454 0.515625 0.769531
0 19.000000 -12.000000 3.000000 0.596454 -0.537107 -0.596454 0.730469 0.769531
0 21.000000 -12.000000 5.000000 0.596454 -0.537107 -0.596454 0.730469 0.984375
details.bmp
0 18.050000 -14.000000 3.851000 0.599196 -0.549089 -0.582637 0.515625 0.769531
0 21.000000 -12.000000 5.000000 0.599196 -0.549089 -0.582637 0.730469 0.984375
0 19.950000 -14.000000 5.805000 0.599196 -0.549089 -0.582637 0.515625 0.984375
details.bmp
0 19.950000 -14.000000 5.805000 0.885398 -0.464834 0.000000 0.515625 0.769531
0 21.000000 -12.000000 5.000000 0.885398 -0.464834 0.000000 0.730469 0.769531
0 21.000000 -12.000000 70.000000 0.885398 -0.464834 0.000000 0.730469 0.984375
details.bmp
0 19.950000 -14.000000 5.805000 0.885398 -0.464834 0.000000 0.515625 0.769531
0 21.000000 -12.000000 70.000000 0.885398 -0.464834 0.000000 0.730469 0.984375
0 19.950000 -14.000000 69.310000 0.885398 -0.464834 0.000000 0.515625 0.984375
details.bmp
0 19.950000 -14.000000 69.310000 0.689195 -0.531665 0.492282 0.515625 0.769531
0 21.000000 -12.000000 70.000000 0.689195 -0.531665 0.492282 0.730469 0.769531
0 16.000000 -12.000000 77.000000 0.689195 -0.531665 0.492282 0.730469 0.984375
details.bmp
0 19.950000 -14.000000 69.310000 0.713167 -0.496028 0.495327 0.515625 0.769531
0 16.000000 -12.000000 77.000000 0.713167 -0.496028 0.495327 0.730469 0.984375
0 15.200000 -14.000000 76.149000 0.713167 -0.496028 0.495327 0.515625 0.984375
details.bmp
0 15.200000 -14.000000 76.149000 0.000000 -0.391530 0.920165 0.515625 0.769531
0 16.000000 -12.000000 77.000000 0.000000 -0.391530 0.920165 0.730469 0.769531
0 -16.000000 -12.000000 77.000000 0.000000 -0.391530 0.920165 0.730469 0.984375
details.bmp
0 15.200000 -14.000000 76.149000 0.000000 -0.391530 0.920165 0.515625 0.769531
0 -16.000000 -12.000000 77.000000 0.000000 -0.391530 0.920165 0.730469 0.984375
0 -15.200000 -14.000000 76.149000 0.000000 -0.391530 0.920165 0.515625 0.984375
details.bmp
0 -15.200000 -14.000000 76.149000 -0.706098 -0.497042 0.504356 0.515625 0.769531
0 -16.000000 -12.000000 77.000000 -0.706098 -0.497042 0.504356 0.730469 0.769531
0 -21.000000 -12.000000 70.000000 -0.706098 -0.497042 0.504356 0.730469 0.984375
details.bmp
0 -15.200000 -14.000000 76.149000 -0.695546 -0.531827 0.483089 0.515625 0.769531
0 -21.000000 -12.000000 70.000000 -0.695546 -0.531827 0.483089 0.730469 0.984375
0 -19.950000 -14.000000 69.310000 -0.695546 -0.531827 0.483089 0.515625 0.984375
details.bmp
0 -19.950000 -14.000000 69.310000 -0.885398 -0.464834 0.000000 0.515625 0.769531
0 -21.000000 -12.000000 70.000000 -0.885398 -0.464834 0.000000 0.730469 0.769531
0 -21.000000 -12.000000 5.000000 -0.885398 -0.464834 0.000000 0.730469 0.984375
details.bmp
0 -19.950000 -14.000000 69.310000 -0.885398 -0.464834 -0.000000 0.515625 0.769531
0 -21.000000 -12.000000 5.000000 -0.885398 -0.464834 -0.000000 0.730469 0.984375
0 -19.950000 -14.000000 5.805000 -0.885398 -0.464834 -0.000000 0.515625 0.984375
details.bmp
0 -19.950000 -14.000000 5.805000 -0.591286 -0.548418 -0.591286 0.515625 0.769531
0 -21.000000 -12.000000 5.000000 -0.591286 -0.548418 -0.591286 0.730469 0.769531
0 -19.000000 -12.000000 3.000000 -0.591286 -0.548418 -0.591286 0.730469 0.984375
details.bmp
0 -19.950000 -14.000000 5.805000 -0.604635 -0.537364 -0.587926 0.515625 0.769531
0 -19.000000 -12.000000 3.000000 -0.604635 -0.537364 -0.587926 0.730469 0.984375
0 -18.050000 -14.000000 3.851000 -0.604635 -0.537364 -0.587926 0.515625 0.984375
details.bmp
0 -19.000000 -12.000000 3.000000 0.000000 0.000000 -1.000000 0.265625 0.769531
0 -19.000000 13.000000 3.000000 0.000000 0.000000 -1.000000 0.480469 0.769531
0 19.000000 13.000000 3.000000 0.000000 0.000000 -1.000000 0.480469 0.984375
details.bmp
0 -19.000000 -12.000000 3.000000 0.000000 0.000000 -1.000000 0.265625 0.769531
0 19.000000 13.000000 3.000000 0.000000 0.000000 -1.000000 0.480469 0.984375
0 19.000000 -12.000000 3.000000 0.000000 0.000000 -1.000000 0.265625 0.984375
details.bmp
0 19.000000 -12.000000 3.000000 0.707107 0.000000 -0.707107 0.265625 0.769531
0 19.000000 13.000000 3.000000 0.707107 0.000000 -0.707107 0.480469 0.769531
0 21.000000 13.000000 5.000000 0.707107 0.000000 -0.707107 0.480469 0.984375
details.bmp
0 19.000000 -12.000000 3.000000 0.707107 0.000000 -0.707107 0.265625 0.769531
0 21.000000 13.000000 5.000000 0.707107 0.000000 -0.707107 0.480469 0.984375
0 21.000000 -12.000000 5.000000 0.707107 0.000000 -0.707107 0.265625 0.984375
sides.bmp
0 21.000000 -12.000000 5.000000 1.000000 0.000000 0.000000 0.020000 0.027027
0 21.000000 13.000000 5.000000 1.000000 0.000000 0.000000 0.980000 0.027027
0 21.000000 13.000000 70.000000 1.000000 0.000000 0.000000 0.980000 0.905405
sides.bmp
0 21.000000 -12.000000 5.000000 1.000000 0.000000 0.000000 0.020000 0.027027
0 21.000000 13.000000 70.000000 1.000000 0.000000 0.000000 0.980000 0.905405
0 21.000000 -12.000000 70.000000 1.000000 0.000000 0.000000 0.020000 0.905405
details.bmp
0 21.000000 -12.000000 70.000000 0.813733 -0.000000 0.581238 0.515625 0.769531
0 21.000000 13.000000 70.000000 0.813733 -0.000000 0.581238 0.730469 0.769531
0 16.000000 13.000000 77.000000 0.813733 -0.000000 0.581238 0.730469 0.984375
details.bmp
0 21.000000 -12.000000 70.000000 0.813733 0.000000 0.581238 0.515625 0.769531
0 16.000000 13.000000 77.000000 0.813733 0.000000 0.581238 0.730469 0.984375
0 16.000000 -12.000000 77.000000 0.813733 0.000000 0.581238 0.515625 0.984375
details.bmp
0 16.000000 -12.000000 77.000000 0.000000 -0.000000 1.000000 0.515625 0.769531
0 16.000000 13.000000 77.000000 0.000000 -0.000000 1.000000 0.730469 0.769531
0 -16.000000 13.000000 77.000000 0.000000 -0.000000 1.000000 0.730469 0.984375
details.bmp
0 16.000000 -12.000000 77.000000 0.000000 0.000000 1.000000 0.515625 0.769531
0 -16.000000 13.000000 77.000000 0.000000 0.000000 1.000000 0.730469 0.984375
0 -16.000000 -12.000000 77.000000 0.000000 0.000000 1.000000 0.515625 0.984375
details.bmp
0 -16.000000 -12.000000 77.000000 -0.813733 0.000000 0.581238 0.515625 0.769531
0 -16.000000 13.000000 77.000000 -0.813733 0.000000 0.581238 0.730469 0.769531
0 -21.000000 13.000000 70.000000 -0.813733 0.000000 0.581238 0.730469 0.984375
details.bmp
0 -16.000000 -12.000000 77.000000 -0.813733 0.000000 0.581238 0.515625 0.769531
0 -21.000000 13.000000 70.000000 -0.813733 0.000000 0.581238 0.730469 0.984375
0 -21.000000 -12.000000 70.000000 -0.813733 0.000000 0.581238 0.515625 0.984375
sides.bmp
0 -21.000000 -12.000000 70.000000 -1.000000 0.000000 0.000000 0.980000 0.905405
0 -21.000000 13.000000 70.000000 -1.000000 0.000000 0.000000 0.020000 0.905405
0 -21.000000 13.000000 5.000000 -1.000000 0.000000 0.000000 0.020000 0.027027
sides.bmp
0 -21.000000 -12.000000 70.000000 -1.000000 0.000000 0.000000 0.980000 0.905405
0 -21.000000 13.000000 5.000000 -1.000000 0.000000 0.000000 0.020000 0.027027
0 -21.000000 -12.000000 5.000000 -1.000000 0.000000 0.000000 0.980000 0.027027
details.bmp
0 -21.000000 -12.000000 5.000000 -0.707107 0.000000 -0.707107 0.265625 0.769531
0 -21.000000 13.000000 5.000000 -0.707107 0.000000 -0.707107 0.480469 0.769531
0 -19.000000 13.000000 3.000000 -0.707107 0.000000 -0.707107 0.480469 0.984375
details.bmp
0 -21.000000 -12.000000 5.000000 -0.707107 0.000000 -0.707107 0.265625 0.769531
0 -19.000000 13.000000 3.000000 -0.707107 0.000000 -0.707107 0.480469 0.984375
0 -19.000000 -12.000000 3.000000 -0.707107 0.000000 -0.707107 0.265625 0.984375
rear.bmp
0 -21.000000 13.000000 5.000000 0.000000 1.000000 0.000000 0.990000 0.036486
0 -21.000000 13.000000 70.000000 0.000000 1.000000 0.000000 0.990000 0.897297
0 -16.000000 13.000000 77.000000 0.000000 1.000000 0.000000 0.873333 0.990000
rear.bmp
0 -21.000000 13.000000 5.000000 0.000000 1.000000 0.000000 0.990000 0.036486
0 -16.000000 13.000000 77.000000 0.000000 1.000000 0.000000 0.873333 0.990000
0 16.000000 13.000000 77.000000 0.000000 1.000000 0.000000 0.126667 0.990000
rear.bmp
0 -21.000000 13.000000 5.000000 0.000000 1.000000 0.000000 0.990000 0.036486
0 16.000000 13.000000 77.000000 0.000000 1.000000 0.000000 0.126667 0.990000
0 21.000000 13.000000 70.000000 0.000000 1.000000 0.000000 0.010000 0.897297
rear.bmp
0 -21.000000 13.000000 5.000000 0.000000 1.000000 0.000000 0.990000 0.036486
0 21.000000 13.000000 70.000000 0.000000 1.000000 0.000000 0.010000 0.897297
0 21.000000 13.000000 5.000000 0.000000 1.000000 0.000000 0.010000 0.036486
rear.bmp
0 -21.000000 13.000000 5.000000 -0.000000 1.000000 0.000000 0.990000 0.036486
0 21.000000 13.000000 5.000000 -0.000000 1.000000 0.000000 0.010000 0.036486
0 19.000000 13.000000 3.000000 -0.000000 1.000000 0.000000 0.056667 0.010000
rear.bmp
0 -21.000000 13.000000 5.000000 0.000000 1.000000 0.000000 0.990000 0.036486
0 19.000000 13.000000 3.000000 0.000000 1.000000 0.000000 0.056667 0.010000
0 -19.000000 13.000000 3.000000 0.000000 1.000000 0.000000 0.943333 0.010000
details.bmp
0 -21.500000 -13.500000 1.000000 0.000000 -1.000000 0.000000 0.265625 0.769531
0 21.500000 -13.500000 1.000000 0.000000 -1.000000 0.000000 0.480469 0.769531
0 21.500000 -13.500000 4.000000 0.000000 -1.000000 0.000000 0.480469 0.984375
details.bmp
0 -21.500000 -13.500000 1.000000 0.000000 -1.000000 0.000000 0.265625 0.769531
0 21.500000 -13.500000 4.000000 0.000000 -1.000000 0.000000 0.480469 0.984375
0 -21.500000 -13.500000 4.000000 0.000000 -1.000000 0.000000 0.265625 0.984375
details.bmp
0 21.500000 13.500000 1.000000 0.000000 1.000000 0.000000 0.265625 0.769531
0 -21.500000 13.500000 1.000000 0.000000 1.000000 0.000000 0.480469 0.769531
0 -21.500000 13.500000 4.000000 0.000000 1.000000 0.000000 0.480469 0.984375
details.bmp
0 21.500000 13.500000 1.000000 0.000000 1.000000 -0.000000 0.265625 0.769531
0 -21.500000 13.500000 4.000000 0.000000 1.000000 -0.000000 0.480469 0.984375
0 21.500000 13.500000 4.000000 0.000000 1.000000 -0.000000 0.265625 0.984375
details.bmp
0 -21.500000 13.500000 1.000000 -1.000000 0.000000 0.000000 0.265625 0.769531
0 -21.500000 -13.500000 1.000000 -1.000000 0.000000 0.000000 0.480469 0.769531
0 -21.500000 -13.500000 4.000000 -1.000000 0.000000 0.000000 0.480469 0.984375
details.bmp
0 -21.500000 13.500000 1.000000 -1.000000 0.000000 0.000000 0.265625 0.769531
0 -21.500000 -13.500000 4.000000 -1.000000 0.000000 0.000000 0.480469 0.984375
0 -21.500000 13.500000 4.000000 -1.000000 0.000000 0.000000 0.265625 0.984375
details.bmp
0 21.500000 -13.500000 1.000000 1.000000 0.000000 0.000000 0.265625 0.769531
0 21.500000 13.500000 1.000000 1.000000 0.000000 0.000000 0.480469 0.769531
0 21.500000 13.500000 4.000000 1.000000 0.000000 0.000000 0.480469 0.984375
details.bmp
0 21.500000 -13.500000 1.000000 1.000000 0.000000 0.000000 0.265625 0.769531
0 21.500000 13.500000 4.000000 1.000000 0.000000 0.000000 0.480469 0.984375
0 21.500000 -13.500000 4.000000 1.000000 0.000000 0.000000 0.265625 0.984375
details.bmp
0 -21.500000 -13.500000 4.000000 0.000000 0.000000 1.000000 0.265625 0.769531
0 21.500000 -13.500000 4.000000 0.000000 0.000000 1.000000 0.480469 0.769531
0 21.500000 13.500000 4.000000 0.000000 0.000000 1.000000 0.480469 0.984375
details.bmp
0 -21.500000 -13.500000 4.000000 0.000000 0.000000 1.000000 0.265625 0.769531
0 21.500000 13.500000 4.000000 0.000000 0.000000 1.000000 0.480469 0.984375
0 -21.500000 13.500000 4.000000 0.000000 0.000000 1.000000 0.265625 0.984375
details.bmp
0 -21.500000 13.500000 1.000000 0.000000 0.000000 -1.000000 0.265625 0.769531
0 21.500000 13.500000 1.000000 0.000000 0.000000 -1.000000 0.480469 0.769531
0 21.500000 -13.500000 1.000000 0.000000 0.000000 -1.000000 0.480469 0.984375
details.bmp
0 -21.500000 13.500000 1.000000 0.000000 0.000000 -1.000000 0.265625 0.769531
0 21.500000 -13.500000 1.000000 0.000000 0.000000 -1.000000 0.480469 0.984375
0 -21.500000 -13.500000 1.000000 0.000000 0.000000 -1.000000 0.265625 0.984375
details.bmp
0 -19.000000 -11.000000 0.000000 0.000000 -1.000000 0.000000 0.898438 0.136719
0 -15.000000 -11.000000 0.000000 0.000000 -1.000000 0.000000 0.980469 0.136719
0 -15.000000 -11.000000 1.300000 0.000000 -1.000000 0.000000 0.980469 0.226562
details.bmp
0 -19.000000 -11.000000 0.000000 0.000000 -1.000000 0.000000 0.898438 0.136719
0 -15.000000 -11.000000 1.300000 0.000000 -1.000000 0.000000 0.980469 0.226562
0 -19.000000 -11.000000 1.300000 0.000000 -1.000000 0.000000 0.898438 0.226562
details.bmp
0 -15.000000 -7.000000 0.000000 0.000000 1.000000 0.000000 0.898438 0.136719
0 -19.000000 -7.000000 0.000000 0.000000 1.000000 0.000000 0.980469 0.136719
0 -19.000000 -7.000000 1.300000 0.000000 1.000000 0.000000 0.980469 0.226562
details.bmp
0 -15.000000 -7.000000 0.000000 0.000000 1.000000 -0.000000 0.898438 0.136719
0 -19.000000 -7.000000 1.300000 0.000000 1.000000 -0.000000 0.980469 0.226562
0 -15.000000 -7.000000 1.300000 0.000000 1.000000 -0.000000 0.898438 0.226562
details.bmp
0 -19.000000 -7.000000 0.000000 -1.000000 0.000000 0.000000 0.898438 0.136719
0 -19.000000 -11.000000 0.000000 -1.000000 0.000000 0.000000 0.980469 0.136719
0 -19.000000 -11.000000 1.300000 -1.000000 0.000000 0.000000 0.980469 0.226562
details.bmp
0 -19.000000 -7.000000 0.000000 -1.000000 0.000000 0.000000 0.898438 0.136719
0 -19.000000 -11.000000 1.300000 -1.000000 0.000000 0.000000 0.980469 0.226562
0 -19.000000 -7.000000 1.300000 -1.000000 0.000000 0.000000 0.898438 0.226562
details.bmp
0 -15.000000 -11.000000 0.000000 1.000000 0.000000 0.000000 0.898438 0.136719
0 -15.000000 -7.000000 0.000000 1.000000 0.000000 0.000000 0.980469 0.136719
0 -15.000000 -7.000000 1.300000 1.000000 0.000000 0.000000 0.980469 0.226562
details.bmp
0 -15.000000 -11.000000 0.000000 1.000000 0.000000 0.000000 0.898438 0.136719
0 -15.000000 -7.000000 1.300000 1.000000 0.000000 0.000000 0.980469 0.226562
0 -15.000000 -11.000000 1.300000 1.000000 0.000000 0.000000 0.898438 0.226562
details.bmp
0 -19.000000 -11.000000 1.300000 0.000000 0.000000 1.000000 0.898438 0.136719
0 -15.000000 -11.000000 1.300000 0.000000 0.000000 1.000000 0.980469 0.136719
0 -15.000000 -7.000000 1.300000 0.000000 0.000000 1.000000 0.980469 0.226562
details.bmp
0 -19.000000 -11.000000 1.300000 0.000000 0.000000 1.000000 0.898438 0.136719
0 -15.000000 -7.000000 1.300000 0.000000 0.000000 1.000000 0.980469 0.226562
0 -19.000000 -7.000000 1.300000 0.000000 0.000000 1.000000 0.898438 0.226562
details.bmp
0 -19.000000 -7.000000 0.000000 0.000000 0.000000 -1.000000 0.898438 0.136719
0 -15.000000 -7.000000 0.000000 0.000000 0.000000 -1.000000 0.980469 0.136719
0 -15.000000 -11.000000 0.000000 0.000000 0.000000 -1.000000 0.980469 0.226562
details.bmp
0 -19.000000 -7.000000 0.000000 0.000000 0.000000 -1.000000 0.898438 0.136719
0 -15.000000 -11.000000 0.000000 0.000000 0.000000 -1.000000 0.980469 0.226562
0 -19.000000 -11.000000 0.000000 0.000000 0.000000 -1.000000 0.898438 0.226562
details.bmp
0 -19.000000 7.000000 0.000000 0.000000 -1.000000 0.000000 0.898438 0.136719
0 -15.000000 7.000000 0.000000 0.000000 -1.000000 0.000000 0.980469 0.136719
0 -15.000000 7.000000 1.300000 0.000000 -1.000000 0.000000 0.980469 0.226562
details.bmp
0 -19.000000 7.000000 0.000000 0.000000 -1.000000 0.000000 0.898438 0.136719
0 -15.000000 7.000000 1.300000 0.000000 -1.000000 0.000000 0.980469 0.226562
0 -19.000000 7.000000 1.300000 0.000000 -1.000000 0.000000 0.898438 0.226562
details.bmp
0 -15.000000 11.000000 0.000000 0.000000 1.000000 0.000000 0.898438 0.136719
0 -19.000000 11.000000 0.000000 0.000000 1.000000 0.000000 0.980469 0.136719
0 -19.000000 11.000000 1.300000 0.000000 1.000000 0.000000 0.980469 0.226562
details.bmp
0 -15.000000 11.000000 0.000000 0.000000 1.000000 -0.000000 0.898438 0.136719
0 -19.000000 11.000000 1.300000 0.000000 1.000000 -0.000000 0.980469 0.226562
0 -15.000000 11.000000 1.300000 0.000000 1.000000 -0.000000 0.898438 0.226562
details.bmp
0 -19.000000 11.000000 0.000000 -1.000000 0.000000 0.000000 0.898438 0.136719
0 -19.000000 7.000000 0.000000 -1.000000 0.000000 0.000000 0.980469 0.136719
0 -19.000000 7.000000 1.300000 -1.000000 0.000000 0.000000 0.980469 0.226562
details.bmp
0 -19.000000 11.000000 0.000000 -1.000000 0.000000 0.000000 0.898438 0.136719
0 -19.000000 7.000000 1.300000 -1.000000 0.000000 0.000000 0.980469 0.226562
0 -19.000000 11.000000 1.300000 -1.000000 0.000000 0.000000 0.898438 0.226562
details.bmp
0 -15.000000 7.000000 0.000000 1.000000 0.000000 0.000000 0.898438 0.136719
0 -15.000000 11.000000 0.000000 1.000000 0.000000 0.000000 0.980469 0.136719
0 -15.000000 11.000000 1.300000 1.000000 0.000000 0.000000 0.980469 0.226562
details.bmp
0 -15.000000 7.000000 0.000000 1.000000 0.000000 0.000000 0.898438 0.136719
0 -15.000000 11.000000 1.300000 1.000000 0.000000 0.000000 0.980469 0.226562
0 -15.000000 7.000000 1.300000 1.000000 0.000000 0.000000 0.898438 0.226562
details.bmp
0 -19.000000 7.000000 1.300000 0.000000 0.000000 1.000000 0.898438 0.136719
0 -15.000000 7.000000 1.300000 0.000000 0.000000 1.000000 0.980469 0.136719
0 -15.000000 11.000000 1.300000 0.000000 0.000000 1.000000 0.980469 0.226562
details.bmp
0 -19.000000 7.000000 1.300000 0.000000 0.000000 1.000000 0.898438 0.136719
0 -15.000000 11.000000 1.300000 0.000000 0.000000 1.000000 0.980469 0.226562
0 -19.000000 11.000000 1.300000 0.000000 0.000000 1.000000 0.898438 0.226562
details.bmp
0 -19.000000 11.000000 0.000000 0.000000 0.000000 -1.000000 0.898438 0.136719
0 -15.000000 11.000000 0.000000 0.000000 0.000000 -1.000000 0.980469 0.136719
0 -15.000000 7.000000 0.000000 0.000000 0.000000 -1.000000 0.980469 0.226562
details.bmp
0 -19.000000 11.000000 0.000000 0.000000 0.000000 -1.000000 0.898438 0.136719
0 -15.000000 7.000000 0.000000 0.000000 0.000000 -1.000000 0.980469 0.226562
0 -19.000000 7.000000 0.000000 0.000000 0.000000 -1.000000 0.898438 0.226562
details.bmp
0 15.000000 -11.000000 0.000000 0.000000 -1.000000 0.000000 0.898438 0.136719
0 19.000000 -11.000000 0.000000 0.000000 -1.000000 0.000000 0.980469 0.136719
0 19.000000 -11.000000 1.300000 0.000000 -1.000000 0.000000 0.980469 0.226562
details.bmp
0 15.000000 -11.000000 0.000000 0.000000 -1.000000 0.000000 0.898438 0.136719
0 19.000000 -11.000000 1.300000 0.000000 -1.000000 0.000000 0.980469 0.226562
0 15.000000 -11.000000 1.300000 0.000000 -1.000000 0.000000 0.898438 0.226562
details.bmp
0 19.000000 -7.000000 0.000000 0.000000 1.000000 0.000000 0.898438 0.136719
0 15.000000 -7.000000 0.000000 0.000000 1.000000 0.000000 0.980469 0.136719
0 15.000000 -7.000000 1.300000 0.000000 1.000000 0.000000 0.980469 0.226562
details.bmp
0 19.000000 -7.000000 0.000000 0.000000 1.000000 -0.000000 0.898438 0.136719
0 15.000000 -7.000000 1.300000 0.000000 1.000000 -0.000000 0.980469 0.226562
0 19.000000 -7.000000 1.300000 0.000000 1.000000 -0.000000 0.898438 0.226562
details.bmp
0 15.000000 -7.000000 0.000000 -1.000000 0.000000 0.000000 0.898438 0.136719
0 15.000000 -11.000000 0.000000 -1.000000 0.000000 0.000000 0.980469 0.136719
0 15.000000 -11.000000 1.300000 -1.000000 0.000000 0.000000 0.980469 0.226562
details.bmp
0 15.000000 -7.000000 0.000000 -1.000000 0.000000 0.000000 0.898438 0.136719
0 15.000000 -11.000000 1.300000 -1.000000 0.000000 0.000000 0.980469 0.226562
0 15.000000 -7.000000 1.300000 -1.000000 0.000000 0.000000 0.898438 0.226562
details.bmp
0 19.000000 -11.000000 0.000000 1.000000 0.000000 0.000000 0.898438 0.136719
0 19.000000 -7.000000 0.000000 1.000000 0.000000 0.000000 0.980469 0.136719
0 19.000000 -7.000000 1.300000 1.000000 0.000000 0.000000 0.980469 0.226562
details.bmp
0 19.000000 -11.000000 0.000000 1.000000 0.000000 0.000000 0.898438 0.136719
0 19.000000 -7.000000 1.300000 1.000000 0.000000 0.000000 0.980469 0.226562
0 19.000000 -11.000000 1.300000 1.000000 0.000000 0.000000 0.898438 0.226562
details.bmp
0 15.000000 -11.000000 1.300000 0.000000 0.000000 1.000000 0.898438 0.136719
0 19.000000 -11.000000 1.300000 0.000000 0.000000 1.000000 0.980469 0.136719
0 19.000000 -7.000000 1.300000 0.000000 0.000000 1.000000 0.980469 0.226562
details.bmp
0 15.000000 -11.000000 1.300000 0.000000 0.000000 1.000000 0.898438 0.136719
0 19.000000 -7.000000 1.300000 0.000000 0.000000 1.000000 0.980469 0.226562
0 15.000000 -7.000000 1.300000 0.000000 0.000000 1.000000 0.898438 0.226562
details.bmp
0 15.000000 -7.000000 0.000000 0.000000 0.000000 -1.000000 0.898438 0.136719
0 19.000000 -7.000000 0.000000 0.000000 0.000000 -1.000000 0.980469 0.136719
0 19.000000 -11.000000 0.000000 0.000000 0.000000 -1.000000 0.980469 0.226562
details.bmp
0 15.000000 -7.000000 0.000000 0.000000 0.000000 -1.000000 0.898438 0.136719
0 19.000000 -11.000000 0.000000 0.000000 0.000000 -1.000000 0.980469 0.226562
0 15.000000 -11.000000 0.000000 0.000000 0.000000 -1.000000 0.898438 0.226562
details.bmp
0 15.000000 7.000000 0.000000 0.000000 -1.000000 0.000000 0.898438 0.136719
0 19.000000 7.000000 0.000000 0.000000 -1.000000 0.000000 0.980469 0.136719
0 19.000000 7.000000 1.300000 0.000000 -1.000000 0.000000 0.980469 0.226562
details.bmp
0 15.000000 7.000000 0.000000 0.000000 -1.000000 0.000000 0.898438 0.136719
0 19.000000 7.000000 1.300000 0.000000 -1.000000 0.000000 0.980469 0.226562
0 15.000000 7.000000 1.300000 0.000000 -1.000000 0.000000 0.898438 0.226562
details.bmp
0 19.000000 11.000000 0.000000 0.000000 1.000000 0.000000 0.898438 0.136719
0 15.000000 11.000000 0.000000 0.000000 1.000000 0.000000 0.980469 0.136719
0 15.000000 11.000000 1.300000 0.000000 1.000000 0.000000 0.980469 0.226562
details.bmp
0 19.000000 11.000000 0.000000 0.000000 1.000000 -0.000000 0.898438 0.136719
0 15.000000 11.000000 1.300000 0.000000 1.000000 -0.000000 0.980469 0.226562
0 19.000000 11.000000 1.300000 0.000000 1.000000 -0.000000 0.898438 0.226562
details.bmp
0 15.000000 11.000000 0.000000 -1.000000 0.000000 0.000000 0.898438 0.136719
0 15.000000 7.000000 0.000000 -1.000000 0.000000 0.000000 0.980469 0.136719
0 15.000000 7.000000 1.300000 -1.000000 0.000000 0.000000 0.980469 0.226562
details.bmp
0 15.000000 11.000000 0.000000 -1.000000 0.000000 0.000000 0.898438 0.136719
0 15.000000 7.000000 1.300000 -1.000000 0.000000 0.000000 0.980469 0.226562
0 15.000000 11.000000 1.300000 -1.000000 0.000000 0.000000 0.898438 0.226562
details.bmp
0 19.000000 7.000000 0.000000 1.000000 0.000000 0.000000 0.898438 0.136719
0 19.000000 11.000000 0.000000 1.000000 0.000000 0.000000 0.980469 0.136719
0 19.000000 11.000000 1.300000 1.000000 0.000000 0.000000 0.980469 0.226562
details.bmp
0 19.000000 7.000000 0.000000 1.000000 0.000000 0.000000 0.898438 0.136719
0 19.000000 11.000000 1.300000 1.000000 0.000000 0.000000 0.980469 0.226562
0 19.000000 7.000000 1.300000 1.000000 0.000000 0.000000 0.898438 0.226562
details.bmp
0 15.000000 7.000000 1.300000 0.000000 0.000000 1.000000 0.898438 0.136719
0 19.000000 7.000000 1.300000 0.000000 0.000000 1.000000 0.980469 0.136719
0 19.000000 11.000000 1.300000 0.000000 0.000000 1.000000 0.980469 0.226562
details.bmp
0 15.000000 7.000000 1.300000 0.000000 0.000000 1.000000 0.898438 0.136719
0 19.000000 11.000000 1.300000 0.000000 0.000000 1.000000 0.980469 0.226562
0 15.000000 11.000000 1.300000 0.000000 0.000000 1.000000 0.898438 0.226562
details.bmp
0 15.000000 11.000000 0.000000 0.000000 0.000000 -1.000000 0.898438 0.136719
0 19.000000 11.000000 0.000000 0.000000 0.000000 -1.000000 0.980469 0.136719
0 19.000000 7.000000 0.000000 0.000000 0.000000 -1.000000 0.980469 0.226562
details.bmp
0 15.000000 11.000000 0.000000 0.000000 0.000000 -1.000000 0.898438 0.136719
0 19.000000 7.000000 0.000000 0.000000 0.000000 -1.000000 0.980469 0.226562
0 15.000000 7.000000 0.000000 0.000000 0.000000 -1.000000 0.898438 0.226562
details.bmp
0 -18.000000 -18.000000 39.500000 0.000000 -1.000000 0.000000 0.015625 0.769531
0 -16.500000 -18.000000 39.500000 0.000000 -1.000000 0.000000 0.230469 0.769531
0 -16.500000 -18.000000 65.000000 0.000000 -1.000000 0.000000 0.230469 0.984375
details.bmp
0 -18.000000 -18.000000 39.500000 0.000000 -1.000000 0.000000 0.015625 0.769531
0 -16.500000 -18.000000 65.000000 0.000000 -1.000000 0.000000 0.230469 0.984375
0 -18.000000 -18.000000 65.000000 0.000000 -1.000000 0.000000 0.015625 0.984375
details.bmp
0 -16.500000 -13.900000 39.500000 0.000000 1.000000 0.000000 0.015625 0.769531
0 -18.000000 -13.900000 39.500000 0.000000 1.000000 0.000000 0.230469 0.769531
0 -18.000000 -13.900000 65.000000 0.000000 1.000000 0.000000 0.230469 0.984375
details.bmp
0 -16.500000 -13.900000 39.500000 0.000000 1.000000 -0.000000 0.015625 0.769531
0 -18.000000 -13.900000 65.000000 0.000000 1.000000 -0.000000 0.230469 0.984375
0 -16.500000 -13.900000 65.000000 0.000000 1.000000 -0.000000 0.015625 0.984375
details.bmp
0 -18.000000 -13.900000 39.500000 -1.000000 0.000000 0.000000 0.015625 0.769531
0 -18.000000 -18.000000 39.500000 -1.000000 0.000000 0.000000 0.230469 0.769531
0 -18.000000 -18.000000 65.000000 -1.000000 0.000000 0.000000 0.230469 0.984375
details.bmp
0 -18.000000 -13.900000 39.500000 -1.000000 0.000000 0.000000 0.015625 0.769531
0 -18.000000 -18.000000 65.000000 -1.000000 0.000000 0.000000 0.230469 0.984375
0 -18.000000 -13.900000 65.000000 -1.000000 0.000000 0.000000 0.015625 0.984375
details.bmp
0 -16.500000 -18.000000 39.500000 1.000000 0.000000 0.000000 0.015625 0.769531
0 -16.500000 -13.900000 39.500000 1.000000 0.000000 0.000000 0.230469 0.769531
0 -16.500000 -13.900000 65.000000 1.000000 0.000000 0.000000 0.230469 0.984375
details.bmp
0 -16.500000 -18.000000 39.500000 1.000000 0.000000 0.000000 0.015625 0.769531
0 -16.500000 -13.900000 65.000000 1.000000 0.000000 0.000000 0.230469 0.984375
0 -16.500000 -18.000000 65.000000 1.000000 0.000000 0.000000 0.015625 0.984375
details.bmp
0 -18.000000 -18.000000 65.000000 0.000000 0.000000 1.000000 0.015625 0.769531
0 -16.500000 -18.000000 65.000000 0.000000 0.000000 1.000000 0.230469 0.769531
0 -16.500000 -13.900000 65.000000 0.000000 0.000000 1.000000 0.230469 0.984375
details.bmp
0 -18.000000 -18.000000 65.000000 0.000000 0.000000 1.000000 0.015625 0.769531
0 -16.500000 -13.900000 65.000000 0.000000 0.000000 1.000000 0.230469 0.984375
0 -18.000000 -13.900000 65.000000 0.000000 0.000000 1.000000 0.015625 0.984375
details.bmp
0 -18.000000 -13.900000 39.500000 0.000000 0.000000 -1.000000 0.015625 0.769531
0 -16.500000 -13.900000 39.500000 0.000000 0.000000 -1.000000 0.230469 0.769531
0 -16.500000 -18.000000 39.500000 0.000000 0.000000 -1.000000 0.230469 0.984375
details.bmp
0 -18.000000 -13.900000 39.500000 0.000000 0.000000 -1.000000 0.015625 0.769531
0 -16.500000 -18.000000 39.500000 0.000000 0.000000 -1.000000 0.230469 0.984375
0 -18.000000 -18.000000 39.500000 0.000000 0.000000 -1.000000 0.015625 0.984375
details.bmp
0 16.500000 -18.000000 39.500000 0.000000 -1.000000 0.000000 0.015625 0.769531
0 18.000000 -18.000000 39.500000 0.000000 -1.000000 0.000000 0.230469 0.769531
0 18.000000 -18.000000 65.000000 0.000000 -1.000000 0.000000 0.230469 0.984375
details.bmp
0 16.500000 -18.000000 39.500000 0.000000 -1.000000 0.000000 0.015625 0.769531
0 18.000000 -18.000000 65.000000 0.000000 -1.000000 0.000000 0.230469 0.984375
0 16.500000 -18.000000 65.000000 0.000000 -1.000000 0.000000 0.015625 0.984375
details.bmp
0 18.000000 -13.900000 39.500000 0.000000 1.000000 0.000000 0.015625 0.769531
0 16.500000 -13.900000 39.500000 0.000000 1.000000 0.000000 0.230469 0.769531
0 16.500000 -13.900000 65.000000 0.000000 1.000000 0.000000 0.230469 0.984375
details.bmp
0 18.000000 -13.900000 39.500000 0.000000 1.000000 -0.000000 0.015625 0.769531
0 16.500000 -13.900000 65.000000 0.000000 1.000000 -0.000000 0.230469 0.984375
0 18.000000 -13.900000 65.000000 0.000000 1.000000 -0.000000 0.015625 0.984375
details.bmp
0 16.500000 -13.900000 39.500000 -1.000000 0.000000 0.000000 0.015625 0.769531
0 16.500000 -18.000000 39.500000 -1.000000 0.000000 0.000000 0.230469 0.769531
0 16.500000 -18.000000 65.000000 -1.000000 0.000000 0.000000 0.230469 0.984375
details.bmp
0 16.500000 -13.900000 39.500000 -1.000000 0.000000 0.000000 0.015625 0.769531
0 16.500000 -18.000000 65.000000 -1.000000 0.000000 0.000000 0.230469 0.984375
0 16.500000 -13.900000 65.000000 -1.000000 0.000000 0.000000 0.015625 0.984375
details.bmp
0 18.000000 -18.000000 39.500000 1.000000 0.000000 0.000000 0.015625 0.769531
0 18.000000 -13.900000 39.500000 1.000000 0.000000 0.000000 0.230469 0.769531
0 18.000000 -13.900000 65.000000 1.000000 0.000000 0.000000 0.230469 0.984375
details.bmp
0 18.000000 -18.000000 39.500000 1.000000 0.000000 0.000000 0.015625 0.769531
0 18.000000 -13.900000 65.000000 1.000000 0.000000 0.000000 0.230469 0.984375
0 18.000000 -18.000000 65.000000 1.000000 0.000000 0.000000 0.015625 0.984375
details.bmp
0 16.500000 -18.000000 65.000000 0.000000 0.000000 1.000000 0.015625 0.769531
0 18.000000 -18.000000 65.000000 0.000000 0.000000 1.000000 0.230469 0.769531
0 18.000000 -13.900000 65.000000 0.000000 0.000000 1.000000 0.230469 0.984375
details.bmp
0 16.500000 -18.000000 65.000000 0.000000 0.000000 1.000000 0.015625 0.769531
0 18.000000 -13.900000 65.000000 0.000000 0.000000 1.000000 0.230469 0.984375
0 16.500000 -13.900000 65.000000 0.000000 0.000000 1.000000 0.015625 0.984375
details.bmp
0 16.500000 -13.900000 39.500000 0.000000 0.000000 -1.000000 0.015625 0.769531
0 18.000000 -13.900000 39.500000 0.000000 0.000000 -1.000000 0.230469 0.769531
0 18.000000 -18.000000 39.500000 0.000000 0.000000 -1.000000 0.230469 0.984375
details.bmp
0 16.500000 -13.900000 39.500000 0.000000 0.000000 -1.000000 0.015625 0.769531
0 18.000000 -18.000000 39.500000 0.000000 0.000000 -1.000000 0.230469 0.984375
0 16.500000 -18.000000 39.500000 0.000000 0.000000 -1.000000 0.015625 0.984375
details.bmp
0 -18.000000 -18.000000 64.000000 0.000000 -1.000000 0.000000 0.015625 0.769531
0 18.000000 -18.000000 64.000000 0.000000 -1.000000 0.000000 0.230469 0.769531
0 18.000000 -18.000000 65.000000 0.000000 -1.000000 0.000000 0.230469 0.984375
details.bmp
0 -18.000000 -18.000000 64.000000 0.000000 -1.000000 0.000000 0.015625 0.769531
0 18.000000 -18.000000 65.000000 0.000000 -1.000000 0.000000 0.230469 0.984375
0 -18.000000 -18.000000 65.000000 0.000000 -1.000000 0.000000 0.015625 0.984375
details.bmp
0 18.000000 -13.900000 64.000000 0.000000 1.000000 0.000000 0.015625 0.769531
0 -18.000000 -13.900000 64.000000 0.000000 1.000000 0.000000 0.230469 0.769531
0 -18.000000 -13.900000 65.000000 0.000000 1.000000 0.000000 0.230469 0.984375
details.bmp
0 18.000000 -13.900000 64.000000 0.000000 1.000000 -0.000000 0.015625 0.769531
0 -18.000000 -13.900000 65.000000 0.000000 1.000000 -0.000000 0.230469 0.984375
0 18.000000 -13.900000 65.000000 0.000000 1.000000 -0.000000 0.015625 0.984375
details.bmp
0 -18.000000 -13.900000 64.000000 -1.000000 0.000000 0.000000 0.015625 0.769531
0 -18.000000 -18.000000 64.000000 -1.000000 0.000000 0.000000 0.230469 0.769531
0 -18.000000 -18.000000 65.000000 -1.000000 0.000000 0.000000 0.230469 0.984375
details.bmp
0 -18.000000 -13.900000 64.000000 -1.000000 0.000000 0.000000 0.015625 0.769531
0 -18.000000 -18.000000 65.000000 -1.000000 0.000000 0.000000 0.230469 0.984375
0 -18.000000 -13.900000 65.000000 -1.000000 0.000000 0.000000 0.015625 0.984375
details.bmp
0 18.000000 -18.000000 64.000000 1.000000 0.000000 0.000000 0.015625 0.769531
0 18.000000 -13.900000 64.000000 1.000000 0.000000 0.000000 0.230469 0.769531
0 18.000000 -13.900000 65.000000 1.000000 0.000000 0.000000 0.230469 0.984375
details.bmp
0 18.000000 -18.000000 64.000000 1.000000 0.000000 0.000000 0.015625 0.769531
0 18.000000 -13.900000 65.000000 1.000000 0.000000 0.000000 0.230469 0.984375
0 18.000000 -18.000000 65.000000 1.000000 0.000000 0.000000 0.015625 0.984375
details.bmp
0 -18.000000 -18.000000 65.000000 0.000000 0.000000 1.000000 0.015625 0.769531
0 18.000000 -18.000000 65.000000 0.000000 0.000000 1.000000 0.230469 0.769531
0 18.000000 -13.900000 65.000000 0.000000 0.000000 1.000000 0.230469 0.984375
details.bmp
0 -18.000000 -18.000000 65.000000 0.000000 0.000000 1.000000 0.015625 0.769531
0 18.000000 -13.900000 65.000000 0.000000 0.000000 1.000000 0.230469 0.984375
0 -18.000000 -13.900000 65.000000 0.000000 0.000000 1.000000 0.015625 0.984375
details.bmp
0 -18.000000 -13.900000 64.000000 0.000000 0.000000 -1.000000 0.015625 0.769531
0 18.000000 -13.900000 64.000000 0.000000 0.000000 -1.000000 0.230469 0.769531
0 18.000000 -18.000000 64.000000 0.000000 0.000000 -1.000000 0.230469 0.984375
details.bmp
0 -18.000000 -13.900000 64.000000 0.000000 0.000000 -1.000000 0.015625 0.769531
0 18.000000 -18.000000 64.000000 0.000000 0.000000 -1.000000 0.230469 0.984375
0 -18.000000 -18.000000 64.000000 0.000000 0.000000 -1.000000 0.015625 0.984375
details.bmp
0 -18.000000 -18.500000 39.500000 0.000000 -1.000000 0.000000 0.015625 0.769531
0 18.000000 -18.500000 39.500000 0.000000 -1.000000 0.000000 0.230469 0.769531
0 18.000000 -18.500000 41.000000 0.000000 -1.000000 0.000000 0.230469 0.984375
details.bmp
0 -18.000000 -18.500000 39.500000 0.000000 -1.000000 0.000000 0.015625 0.769531
0 18.000000 -18.500000 41.000000 0.000000 -1.000000 0.000000 0.230469 0.984375
0 -18.000000 -18.500000 41.000000 0.000000 -1.000000 0.000000 0.015625 0.984375
details.bmp
0 18.000000 -13.900000 39.500000 0.000000 1.000000 0.000000 0.015625 0.769531
0 -18.000000 -13.900000 39.500000 0.000000 1.000000 0.000000 0.230469 0.769531
0 -18.000000 -13.900000 41.000000 0.000000 1.000000 0.000000 0.230469 0.984375
details.bmp
0 18.000000 -13.900000 39.500000 0.000000 1.000000 -0.000000 0.015625 0.769531
0 -18.000000 -13.900000 41.000000 0.000000 1.000000 -0.000000 0.230469 0.984375
0 18.000000 -13.900000 41.000000 0.000000 1.000000 -0.000000 0.015625 0.984375
details.bmp
0 -18.000000 -13.900000 39.500000 -1.000000 0.000000 0.000000 0.015625 0.769531
0 -18.000000 -18.500000 39.500000 -1.000000 0.000000 0.000000 0.230469 0.769531
0 -18.000000 -18.500000 41.000000 -1.000000 0.000000 0.000000 0.230469 0.984375
details.bmp
0 -18.000000 -13.900000 39.500000 -1.000000 0.000000 0.000000 0.015625 0.769531
0 -18.000000 -18.500000 41.000000 -1.000000 0.000000 0.000000 0.230469 0.984375
0 -18.000000 -13.900000 41.000000 -1.000000 0.000000 0.000000 0.015625 0.984375
details.bmp
0 18.000000 -18.500000 39.500000 1.000000 0.000000 0.000000 0.015625 0.769531
0 18.000000 -13.900000 39.500000 1.000000 0.000000 0.000000 0.230469 0.769531
0 18.000000 -13.900000 41.000000 1.000000 0.000000 0.000000 0.230469 0.984375
details.bmp
0 18.000000 -18.500000 39.500000 1.000000 0.000000 0.000000 0.015625 0.769531
0 18.000000 -13.900000 41.000000 1.000000 0.000000 0.000000 0.230469 0.984375
0 18.000000 -18.500000 41.000000 1.000000 0.000000 0.000000 0.015625 0.984375
details.bmp
0 -18.000000 -18.500000 41.000000 0.000000 0.000000 1.000000 0.015625 0.769531
0 18.000000 -18.500000 41.000000 0.000000 0.000000 1.000000 0.230469 0.769531
0 18.000000 -13.900000 41.000000 0.000000 0.000000 1.000000 0.230469 0.984375
details.bmp
0 -18.000000 -18.500000 41.000000 0.000000 0.000000 1.000000 0.015625 0.769531
0 18.000000 -13.900000 41.000000 0.000000 0.000000 1.000000 0.230469 0.984375
0 -18.000000 -13.900000 41.000000 0.000000 0.000000 1.000000 0.015625 0.984375
details.bmp
0 -18.000000 -13.900000 39.500000 0.000000 0.000000 -1.000000 0.015625 0.769531
0 18.000000 -13.900000 39.500000 0.000000 0.000000 -1.000000 0.230469 0.769531
0 18.000000 -18.500000 39.500000 0.000000 0.000000 -1.000000 0.230469 0.984375
details.bmp
0 -18.000000 -13.900000 39.500000 0.000000 0.000000 -1.000000 0.015625 0.769531
0 18.000000 -18.500000 39.500000 0.000000 0.000000 -1.000000 0.230469 0.984375
0 -18.000000 -18.500000 39.500000 0.000000 0.000000 -1.000000 0.015625 0.984375
details.bmp
0 -15.000000 -14.800000 23.500000 0.000000 -1.000000 0.000000 0.265625 0.769531
0 -3.000000 -14.800000 23.500000 0.000000 -1.000000 0.000000 0.480469 0.769531
0 -3.000000 -14.800000 32.800000 0.000000 -1.000000 0.000000 0.480469 0.984375
details.bmp
0 -15.000000 -14.800000 23.500000 0.000000 -1.000000 0.000000 0.265625 0.769531
0 -3.000000 -14.800000 32.800000 0.000000 -1.000000 0.000000 0.480469 0.984375
0 -15.000000 -14.800000 32.800000 0.000000 -1.000000 0.000000 0.265625 0.984375
details.bmp
0 -3.000000 -14.000000 23.500000 0.000000 1.000000 0.000000 0.265625 0.769531
0 -15.000000 -14.000000 23.500000 0.000000 1.000000 0.000000 0.480469 0.769531
0 -15.000000 -14.000000 32.800000 0.000000 1.000000 0.000000 0.480469 0.984375
details.bmp
0 -3.000000 -14.000000 23.500000 0.000000 1.000000 -0.000000 0.265625 0.769531
0 -15.000000 -14.000000 32.800000 0.000000 1.000000 -0.000000 0.480469 0.984375
0 -3.000000 -14.000000 32.800000 0.000000 1.000000 -0.000000 0.265625 0.984375
details.bmp
0 -15.000000 -14.000000 23.500000 -1.000000 0.000000 0.000000 0.265625 0.769531
0 -15.000000 -14.800000 23.500000 -1.000000 0.000000 0.000000 0.480469 0.769531
0 -15.000000 -14.800000 32.800000 -1.000000 0.000000 0.000000 0.480469 0.984375
details.bmp
0 -15.000000 -14.000000 23.500000 -1.000000 0.000000 0.000000 0.265625 0.769531
0 -15.000000 -14.800000 32.800000 -1.000000 0.000000 0.000000 0.480469 0.984375
0 -15.000000 -14.000000 32.800000 -1.000000 0.000000 0.000000 0.265625 0.984375
details.bmp
0 -3.000000 -14.800000 23.500000 1.000000 0.000000 0.000000 0.265625 0.769531
0 -3.000000 -14.000000 23.500000 1.000000 0.000000 0.000000 0.480469 0.769531
0 -3.000000 -14.000000 32.800000 1.000000 0.000000 0.000000 0.480469 0.984375
details.bmp
0 -3.000000 -14.800000 23.500000 1.000000 0.000000 0.000000 0.265625 0.769531
0 -3.000000 -14.000000 32.800000 1.000000 0.000000 0.000000 0.480469 0.984375
0 -3.000000 -14.800000 32.800000 1.000000 0.000000 0.000000 0.265625 0.984375
details.bmp
0 -15.000000 -14.800000 32.800000 0.000000 0.000000 1.000000 0.265625 0.769531
0 -3.000000 -14.800000 32.800000 0.000000 0.000000 1.000000 0.480469 0.769531
0 -3.000000 -14.000000 32.800000 0.000000 0.000000 1.000000 0.480469 0.984375
details.bmp
0 -15.000000 -14.800000 32.800000 0.000000 0.000000 1.000000 0.265625 0.769531
0 -3.000000 -14.000000 32.800000 0.000000 0.000000 1.000000 0.480469 0.984375
0 -15.000000 -14.000000 32.800000 0.000000 0.000000 1.000000 0.265625 0.984375
details.bmp
0 -15.000000 -14.000000 23.500000 0.000000 0.000000 -1.000000 0.265625 0.769531
0 -3.000000 -14.000000 23.500000 0.000000 0.000000 -1.000000 0.480469 0.769531
0 -3.000000 -14.800000 23.500000 0.000000 0.000000 -1.000000 0.480469 0.984375
details.bmp
0 -15.000000 -14.000000 23.500000 0.000000 0.000000 -1.000000 0.265625 0.769531
0 -3.000000 -14.800000 23.500000 0.000000 0.000000 -1.000000 0.480469 0.984375
0 -15.000000 -14.800000 23.500000 0.000000 0.000000 -1.000000 0.265625 0.984375
details.bmp
0 -16.000000 -18.000000 23.000000 0.000000 -1.000000 0.000000 0.015625 0.769531
0 -14.500000 -18.000000 23.000000 0.000000 -1.000000 0.000000 0.230469 0.769531
0 -14.500000 -18.000000 33.500000 0.000000 -1.000000 0.000000 0.230469 0.984375
details.bmp
0 -16.000000 -18.000000 23.000000 0.000000 -1.000000 0.000000 0.015625 0.769531
0 -14.500000 -18.000000 33.500000 0.000000 -1.000000 0.000000 0.230469 0.984375
0 -16.000000 -18.000000 33.500000 0.000000 -1.000000 0.000000 0.015625 0.984375
details.bmp
0 -14.500000 -14.000000 23.000000 0.000000 1.000000 0.000000 0.015625 0.769531
0 -16.000000 -14.000000 23.000000 0.000000 1.000000 0.000000 0.230469 0.769531
0 -16.000000 -14.000000 33.500000 0.000000 1.000000 0.000000 0.230469 0.984375
details.bmp
0 -14.500000 -14.000000 23.000000 0.000000 1.000000 -0.000000 0.015625 0.769531
0 -16.000000 -14.000000 33.500000 0.000000 1.000000 -0.000000 0.230469 0.984375
0 -14.500000 -14.000000 33.500000 0.000000 1.000000 -0.000000 0.015625 0.984375
details.bmp
0 -16.000000 -14.000000 23.000000 -1.000000 0.000000 0.000000 0.015625 0.769531
0 -16.000000 -18.000000 23.000000 -1.000000 0.000000 0.000000 0.230469 0.769531
0 -16.000000 -18.000000 33.500000 -1.000000 0.000000 0.000000 0.230469 0.984375
details.bmp
0 -16.000000 -14.000000 23.000000 -1.000000 0.000000 0.000000 0.015625 0.769531
0 -16.000000 -18.000000 33.500000 -1.000000 0.000000 0.000000 0.230469 0.984375
0 -16.000000 -14.000000 33.500000 -1.000000 0.000000 0.000000 0.015625 0.984375
details.bmp
0 -14.500000 -18.000000 23.000000 1.000000 0.000000 0.000000 0.015625 0.769531
0 -14.500000 -14.000000 23.000000 1.000000 0.000000 0.000000 0.230469 0.769531
0 -14.500000 -14.000000 33.500000 1.000000 0.000000 0.000000 0.230469 0.984375
details.bmp
0 -14.500000 -18.000000 23.000000 1.000000 0.000000 0.000000 0.015625 0.769531
0 -14.500000 -14.000000 33.500000 1.000000 0.000000 0.000000 0.230469 0.984375
0 -14.500000 -18.000000 33.500000 1.000000 0.000000 0.000000 0.015625 0.984375
details.bmp
0 -16.000000 -18.000000 33.500000 0.000000 0.000000 1.000000 0.015625 0.769531
0 -14.500000 -18.000000 33.500000 0.000000 0.000000 1.000000 0.230469 0.769531
0 -14.500000 -14.000000 33.500000 0.000000 0.000000 1.000000 0.230469 0.984375
details.bmp
0 -16.000000 -18.000000 33.500000 0.000000 0.000000 1.000000 0.015625 0.769531
0 -14.500000 -14.000000 33.500000 0.000000 0.000000 1.000000 0.230469 0.984375
0 -16.000000 -14.000000 33.500000 0.000000 0.000000 1.000000 0.015625 0.984375
details.bmp
0 -16.000000 -14.000000 23.000000 0.000000 0.000000 -1.000000 0.015625 0.769531
0 -14.500000 -14.000000 23.000000 0.000000 0.000000 -1.000000 0.230469 0.769531
0 -14.500000 -18.000000 23.000000 0.000000 0.000000 -1.000000 0.230469 0.984375
details.bmp
0 -16.000000 -14.000000 23.000000 0.000000 0.000000 -1.000000 0.015625 0.769531
0 -14.500000 -18.000000 23.000000 0.000000 0.000000 -1.000000 0.230469 0.984375
0 -16.000000 -18.000000 23.000000 0.000000 0.000000 -1.000000 0.015625 0.984375
details.bmp
0 -3.500000 -18.000000 23.000000 0.000000 -1.000000 0.000000 0.015625 0.769531
0 -2.000000 -18.000000 23.000000 0.000000 -1.000000 0.000000 0.230469 0.769531
0 -2.000000 -18.000000 33.500000 0.000000 -1.000000 0.000000 0.230469 0.984375
details.bmp
0 -3.500000 -18.000000 23.000000 0.000000 -1.000000 0.000000 0.015625 0.769531
0 -2.000000 -18.000000 33.500000 0.000000 -1.000000 0.000000 0.230469 0.984375
0 -3.500000 -18.000000 33.500000 0.000000 -1.000000 0.000000 0.015625 0.984375
details.bmp
0 -2.000000 -14.000000 23.000000 0.000000 1.000000 0.000000 0.015625 0.769531
0 -3.500000 -14.000000 23.000000 0.000000 1.000000 0.000000 0.230469 0.769531
0 -3.500000 -14.000000 33.500000 0.000000 1.000000 0.000000 0.230469 0.984375
details.bmp
0 -2.000000 -14.000000 23.000000 0.000000 1.000000 -0.000000 0.015625 0.769531
0 -3.500000 -14.000000 33.500000 0.000000 1.000000 -0.000000 0.230469 0.984375
0 -2.000000 -14.000000 33.500000 0.000000 1.000000 -0.000000 0.015625 0.984375
details.bmp
0 -3.500000 -14.000000 23.000000 -1.000000 0.000000 0.000000 0.015625 0.769531
0 -3.500000 -18.000000 23.000000 -1.000000 0.000000 0.000000 0.230469 0.769531
0 -3.500000 -18.000000 33.500000 -1.000000 0.000000 0.000000 0.230469 0.984375
details.bmp
0 -3.500000 -14.000000 23.000000 -1.000000 0.000000 0.000000 0.015625 0.769531
0 -3.500000 -18.000000 33.500000 -1.000000 0.000000 0.000000 0.230469 0.984375
0 -3.500000 -14.000000 33.500000 -1.000000 0.000000 0.000000 0.015625 0.984375
details.bmp
0 -2.000000 -18.000000 23.000000 1.000000 0.000000 0.000000 0.015625 0.769531
0 -2.000000 -14.000000 23.000000 1.000000 0.000000 0.000000 0.230469 0.769531
0 -2.000000 -14.000000 33.500000 1.000000 0.000000 0.000000 0.230469 0.984375
details.bmp
0 -2.000000 -18.000000 23.000000 1.000000 0.000000 0.000000 0.015625 0.769531
0 -2.000000 -14.000000 33.500000 1.000000 0.000000 0.000000 0.230469 0.984375
0 -2.000000 -18.000000 33.500000 1.000000 0.000000 0.000000 0.015625 0.984375
details.bmp
0 -3.500000 -18.000000 33.500000 0.000000 0.000000 1.000000 0.015625 0.769531
0 -2.000000 -18.000000 33.500000 0.000000 0.000000 1.000000 0.230469 0.769531
0 -2.000000 -14.000000 33.500000 0.000000 0.000000 1.000000 0.230469 0.984375
details.bmp
0 -3.500000 -18.000000 33.500000 0.000000 0.000000 1.000000 0.015625 0.769531
0 -2.000000 -14.000000 33.500000 0.000000 0.000000 1.000000 0.230469 0.984375
0 -3.500000 -14.000000 33.500000 0.000000 0.000000 1.000000 0.015625 0.984375
details.bmp
0 -3.500000 -14.000000 23.000000 0.000000 0.000000 -1.000000 0.015625 0.769531
0 -2.000000 -14.000000 23.000000 0.000000 0.000000 -1.000000 0.230469 0.769531
0 -2.000000 -18.000000 23.000000 0.000000 0.000000 -1.000000 0.230469 0.984375
details.bmp
0 -3.500000 -14.000000 23.000000 0.000000 0.000000 -1.000000 0.015625 0.769531
0 -2.000000 -18.000000 23.000000 0.000000 0.000000 -1.000000 0.230469 0.984375
0 -3.500000 -18.000000 23.000000 0.000000 0.000000 -1.000000 0.015625 0.984375
details.bmp
0 -16.000000 -18.500000 32.500000 0.000000 -1.000000 0.000000 0.015625 0.769531
0 -2.000000 -18.500000 32.500000 0.000000 -1.000000 0.000000 0.230469 0.769531
0 -2.000000 -18.500000 34.000000 0.000000 -1.000000 0.000000 0.230469 0.984375
details.bmp
0 -16.000000 -18.500000 32.500000 0.000000 -1.000000 0.000000 0.015625 0.769531
0 -2.000000 -18.500000 34.000000 0.000000 -1.000000 0.000000 0.230469 0.984375
0 -16.000000 -18.500000 34.000000 0.000000 -1.000000 0.000000 0.015625 0.984375
details.bmp
0 -2.000000 -14.000000 32.500000 0.000000 1.000000 0.000000 0.015625 0.769531
0 -16.000000 -14.000000 32.500000 0.000000 1.000000 0.000000 0.230469 0.769531
0 -16.000000 -14.000000 34.000000 0.000000 1.000000 0.000000 0.230469 0.984375
details.bmp
0 -2.000000 -14.000000 32.500000 0.000000 1.000000 -0.000000 0.015625 0.769531
0 -16.000000 -14.000000 34.000000 0.000000 1.000000 -0.000000 0.230469 0.984375
0 -2.000000 -14.000000 34.000000 0.000000 1.000000 -0.000000 0.015625 0.984375
details.bmp
0 -16.000000 -14.000000 32.500000 -1.000000 0.000000 0.000000 0.015625 0.769531
0 -16.000000 -18.500000 32.500000 -1.000000 0.000000 0.000000 0.230469 0.769531
0 -16.000000 -18.500000 34.000000 -1.000000 0.000000 0.000000 0.230469 0.984375
details.bmp
0 -16.000000 -14.000000 32.500000 -1.000000 0.000000 0.000000 0.015625 0.769531
0 -16.000000 -18.500000 34.000000 -1.000000 0.000000 0.000000 0.230469 0.984375
0 -16.000000 -14.000000 34.000000 -1.000000 0.000000 0.000000 0.015625 0.984375
details.bmp
0 -2.000000 -18.500000 32.500000 1.000000 0.000000 0.000000 0.015625 0.769531
0 -2.000000 -14.000000 32.500000 1.000000 0.000000 0.000000 0.230469 0.769531
0 -2.000000 -14.000000 34.000000 1.000000 0.000000 0.000000 0.230469 0.984375
details.bmp
0 -2.000000 -18.500000 32.500000 1.000000 0.000000 0.000000 0.015625 0.769531
0 -2.000000 -14.000000 34.000000 1.000000 0.000000 0.000000 0.230469 0.984375
0 -2.000000 -18.500000 34.000000 1.000000 0.000000 0.000000 0.015625 0.984375
details.bmp
0 -16.000000 -18.500000 34.000000 0.000000 0.000000 1.000000 0.015625 0.769531
0 -2.000000 -18.500000 34.000000 0.000000 0.000000 1.000000 0.230469 0.769531
0 -2.000000 -14.000000 34.000000 0.000000 0.000000 1.000000 0.230469 0.984375
details.bmp
0 -16.000000 -18.500000 34.000000 0.000000 0.000000 1.000000 0.015625 0.769531
0 -2.000000 -14.000000 34.000000 0.000000 0.000000 1.000000 0.230469 0.984375
0 -16.000000 -14.000000 34.000000 0.000000 0.000000 1.000000 0.015625 0.984375
details.bmp
0 -16.000000 -14.000000 32.500000 0.000000 0.000000 -1.000000 0.015625 0.769531
0 -2.000000 -14.000000 32.500000 0.000000 0.000000 -1.000000 0.230469 0.769531
0 -2.000000 -18.500000 32.500000 0.000000 0.000000 -1.000000 0.230469 0.984375
details.bmp
0 -16.000000 -14.000000 32.500000 0.000000 0.000000 -1.000000 0.015625 0.769531
0 -2.000000 -18.500000 32.500000 0.000000 0.000000 -1.000000 0.230469 0.984375
0 -16.000000 -18.500000 32.500000 0.000000 0.000000 -1.000000 0.015625 0.984375
details.bmp
0 -16.000000 -19.000000 22.800000 0.000000 -1.000000 0.000000 0.015625 0.769531
0 -2.000000 -19.000000 22.800000 0.000000 -1.000000 0.000000 0.230469 0.769531
0 -2.000000 -19.000000 24.000000 0.000000 -1.000000 0.000000 0.230469 0.984375
details.bmp
0 -16.000000 -19.000000 22.800000 0.000000 -1.000000 0.000000 0.015625 0.769531
0 -2.000000 -19.000000 24.000000 0.000000 -1.000000 0.000000 0.230469 0.984375
0 -16.000000 -19.000000 24.000000 0.000000 -1.000000 0.000000 0.015625 0.984375
details.bmp
0 -2.000000 -14.000000 22.800000 0.000000 1.000000 0.000000 0.015625 0.769531
0 -16.000000 -14.000000 22.800000 0.000000 1.000000 0.000000 0.230469 0.769531
0 -16.000000 -14.000000 24.000000 0.000000 1.000000 0.000000 0.230469 0.984375
details.bmp
0 -2.000000 -14.000000 22.800000 0.000000 1.000000 -0.000000 0.015625 0.769531
0 -16.000000 -14.000000 24.000000 0.000000 1.000000 -0.000000 0.230469 0.984375
0 -2.000000 -14.000000 24.000000 0.000000 1.000000 -0.000000 0.015625 0.984375
details.bmp
0 -16.000000 -14.000000 22.800000 -1.000000 0.000000 0.000000 0.015625 0.769531
0 -16.000000 -19.000000 22.800000 -1.000000 0.000000 0.000000 0.230469 0.769531
0 -16.000000 -19.000000 24.000000 -1.000000 0.000000 0.000000 0.230469 0.984375
details.bmp
0 -16.000000 -14.000000 22.800000 -1.000000 0.000000 0.000000 0.015625 0.769531
0 -16.000000 -19.000000 24.000000 -1.000000 0.000000 0.000000 0.230469 0.984375
0 -16.000000 -14.000000 24.000000 -1.000000 0.000000 0.000000 0.015625 0.984375
details.bmp
0 -2.000000 -19.000000 22.800000 1.000000 0.000000 0.000000 0.015625 0.769531
0 -2.000000 -14.000000 22.800000 1.000000 0.000000 0.000000 0.230469 0.769531
0 -2.000000 -14.000000 24.000000 1.000000 0.000000 0.000000 0.230469 0.984375
details.bmp
0 -2.000000 -19.000000 22.800000 1.000000 0.000000 0.000000 0.015625 0.769531
0 -2.000000 -14.000000 24.000000 1.000000 0.000000 0.000000 0.230469 0.984375
0 -2.000000 -19.000000 24.000000 1.000000 0.000000 0.000000 0.015625 0.984375
details.bmp
0 -16.000000 -19.000000 24.000000 0.000000 0.000000 1.000000 0.015625 0.769531
0 -2.000000 -19.000000 24.000000 0.000000 0.000000 1.000000 0.230469 0.769531
0 -2.000000 -14.000000 24.000000 0.000000 0.000000 1.000000 0.230469 0.984375
details.bmp
0 -16.000000 -19.000000 24.000000 0.000000 0.000000 1.000000 0.015625 0.769531
0 -2.000000 -14.000000 24.000000 0.000000 0.000000 1.000000 0.230469 0.984375
0 -16.000000 -14.000000 24.000000 0.000000 0.000000 1.000000 0.015625 0.984375
details.bmp
0 -16.000000 -14.000000 22.800000 0.000000 0.000000 -1.000000 0.015625 0.769531
0 -2.000000 -14.000000 22.800000 0.000000 0.000000 -1.000000 0.230469 0.769531
0 -2.000000 -19.000000 22.800000 0.000000 0.000000 -1.000000 0.230469 0.984375
details.bmp
0 -16.000000 -14.000000 22.800000 0.000000 0.000000 -1.000000 0.015625 0.769531
0 -2.000000 -19.000000 22.800000 0.000000 0.000000 -1.000000 0.230469 0.984375
0 -16.000000 -19.000000 22.800000 0.000000 0.000000 -1.000000 0.015625 0.984375
details.bmp
0 -16.000000 -19.200000 23.600000 0.000000 -1.000000 0.000000 0.265625 0.769531
0 -2.000000 -19.200000 23.600000 0.000000 -1.000000 0.000000 0.480469 0.769531
0 -2.000000 -19.200000 24.600000 0.000000 -1.000000 0.000000 0.480469 0.984375
details.bmp
0 -16.000000 -19.200000 23.600000 0.000000 -1.000000 0.000000 0.265625 0.769531
0 -2.000000 -19.200000 24.600000 0.000000 -1.000000 0.000000 0.480469 0.984375
0 -16.000000 -19.200000 24.600000 0.000000 -1.000000 0.000000 0.265625 0.984375
details.bmp
0 -2.000000 -18.600000 23.600000 0.000000 1.000000 0.000000 0.265625 0.769531
0 -16.000000 -18.600000 23.600000 0.000000 1.000000 0.000000 0.480469 0.769531
0 -16.000000 -18.600000 24.600000 0.000000 1.000000 0.000000 0.480469 0.984375
details.bmp
0 -2.000000 -18.600000 23.600000 0.000000 1.000000 -0.000000 0.265625 0.769531
0 -16.000000 -18.600000 24.600000 0.000000 1.000000 -0.000000 0.480469 0.984375
0 -2.000000 -18.600000 24.600000 0.000000 1.000000 -0.000000 0.265625 0.984375
details.bmp
0 -16.000000 -18.600000 23.600000 -1.000000 0.000000 0.000000 0.265625 0.769531
0 -16.000000 -19.200000 23.600000 -1.000000 0.000000 0.000000 0.480469 0.769531
0 -16.000000 -19.200000 24.600000 -1.000000 0.000000 0.000000 0.480469 0.984375
details.bmp
0 -16.000000 -18.600000 23.600000 -1.000000 0.000000 0.000000 0.265625 0.769531
0 -16.000000 -19.200000 24.600000 -1.000000 0.000000 0.000000 0.480469 0.984375
0 -16.000000 -18.600000 24.600000 -1.000000 0.000000 0.000000 0.265625 0.984375
details.bmp
0 -2.000000 -19.200000 23.600000 1.000000 0.000000 0.000000 0.265625 0.769531
0 -2.000000 -18.600000 23.600000 1.000000 0.000000 0.000000 0.480469 0.769531
0 -2.000000 -18.600000 24.600000 1.000000 0.000000 0.000000 0.480469 0.984375
details.bmp
0 -2.000000 -19.200000 23.600000 1.000000 0.000000 0.000000 0.265625 0.769531
0 -2.000000 -18.600000 24.600000 1.000000 0.000000 0.000000 0.480469 0.984375
0 -2.000000 -19.200000 24.600000 1.000000 0.000000 0.000000 0.265625 0.984375
details.bmp
0 -16.000000 -19.200000 24.600000 0.000000 0.000000 1.000000 0.265625 0.769531
0 -2.000000 -19.200000 24.600000 0.000000 0.000000 1.000000 0.480469 0.769531
0 -2.000000 -18.600000 24.600000 0.000000 0.000000 1.000000 0.480469 0.984375
details.bmp
0 -16.000000 -19.200000 24.600000 0.000000 0.000000 1.000000 0.265625 0.769531
0 -2.000000 -18.600000 24.600000 0.000000 0.000000 1.000000 0.480469 0.984375
0 -16.000000 -18.600000 24.600000 0.000000 0.000000 1.000000 0.265625 0.984375
details.bmp
0 -16.000000 -18.600000 23.600000 0.000000 0.000000 -1.000000 0.265625 0.769531
0 -2.000000 -18.600000 23.600000 0.000000 0.000000 -1.000000 0.480469 0.769531
0 -2.000000 -19.200000 23.600000 0.000000 0.000000 -1.000000 0.480469 0.984375
details.bmp
0 -16.000000 -18.600000 23.600000 0.000000 0.000000 -1.000000 0.265625 0.769531
0 -2.000000 -19.200000 23.600000 0.000000 0.000000 -1.000000 0.480469 0.984375
0 -16.000000 -19.200000 23.600000 0.000000 0.000000 -1.000000 0.265625 0.984375
details.bmp
0 9.000000 -18.000000 23.000000 0.000000 -1.000000 0.000000 0.515625 0.394531
0 17.500000 -18.000000 23.000000 0.000000 -1.000000 0.000000 0.730469 0.394531
0 17.500000 -18.000000 37.500000 0.000000 -1.000000 0.000000 0.730469 0.734375
details.bmp
0 9.000000 -18.000000 23.000000 0.000000 -1.000000 0.000000 0.515625 0.394531
0 17.500000 -18.000000 37.500000 0.000000 -1.000000 0.000000 0.730469 0.734375
0 9.000000 -18.000000 37.500000 0.000000 -1.000000 0.000000 0.515625 0.734375
details.bmp
0 17.500000 -14.000000 23.000000 0.000000 1.000000 0.000000 0.015625 0.769531
0 9.000000 -14.000000 23.000000 0.000000 1.000000 0.000000 0.230469 0.769531
0 9.000000 -14.000000 37.500000 0.000000 1.000000 0.000000 0.230469 0.984375
details.bmp
0 17.500000 -14.000000 23.000000 0.000000 1.000000 -0.000000 0.015625 0.769531
0 9.000000 -14.000000 37.500000 0.000000 1.000000 -0.000000 0.230469 0.984375
0 17.500000 -14.000000 37.500000 0.000000 1.000000 -0.000000 0.015625 0.984375
details.bmp
0 9.000000 -14.000000 23.000000 -1.000000 0.000000 0.000000 0.015625 0.769531
0 9.000000 -18.000000 23.000000 -1.000000 0.000000 0.000000 0.230469 0.769531
0 9.000000 -18.000000 37.500000 -1.000000 0.000000 0.000000 0.230469 0.984375
details.bmp
0 9.000000 -14.000000 23.000000 -1.000000 0.000000 0.000000 0.015625 0.769531
0 9.000000 -18.000000 37.500000 -1.000000 0.000000 0.000000 0.230469 0.984375
0 9.000000 -14.000000 37.500000 -1.000000 0.000000 0.000000 0.015625 0.984375
details.bmp
0 17.500000 -18.000000 23.000000 1.000000 0.000000 0.000000 0.015625 0.769531
0 17.500000 -14.000000 23.000000 1.000000 0.000000 0.000000 0.230469 0.769531
0 17.500000 -14.000000 37.500000 1.000000 0.000000 0.000000 0.230469 0.984375
details.bmp
0 17.500000 -18.000000 23.000000 1.000000 0.000000 0.000000 0.015625 0.769531
0 17.500000 -14.000000 37.500000 1.000000 0.000000 0.000000 0.230469 0.984375
0 17.500000 -18.000000 37.500000 1.000000 0.000000 0.000000 0.015625 0.984375
details.bmp
0 9.000000 -18.000000 37.500000 0.000000 0.000000 1.000000 0.015625 0.769531
0 17.500000 -18.000000 37.500000 0.000000 0.000000 1.000000 0.230469 0.769531
0 17.500000 -14.000000 37.500000 0.000000 0.000000 1.000000 0.230469 0.984375
details.bmp
0 9.000000 -18.000000 37.500000 0.000000 0.000000 1.000000 0.015625 0.769531
0 17.500000 -14.000000 37.500000 0.000000 0.000000 1.000000 0.230469 0.984375
0 9.000000 -14.000000 37.500000 0.000000 0.000000 1.000000 0.015625 0.984375
details.bmp
0 9.000000 -14.000000 23.000000 0.000000 0.000000 -1.000000 0.015625 0.769531
0 17.500000 -14.000000 23.000000 0.000000 0.000000 -1.000000 0.230469 0.769531
0 17.500000 -18.000000 23.000000 0.000000 0.000000 -1.000000 0.230469 0.984375
details.bmp
0 9.000000 -14.000000 23.000000 0.000000 0.000000 -1.000000 0.015625 0.769531
0 17.500000 -18.000000 23.000000 0.000000 0.000000 -1.000000 0.230469 0.984375
0 9.000000 -18.000000 23.000000 0.000000 0.000000 -1.000000 0.015625 0.984375
details.bmp
0 11.000000 -18.800000 23.700000 0.000000 -1.000000 0.000000 0.515625 0.769531
0 15.500000 -18.800000 23.700000 0.000000 -1.000000 0.000000 0.730469 0.769531
0 15.500000 -18.800000 25.500000 0.000000 -1.000000 0.000000 0.730469 0.984375
details.bmp
0 11.000000 -18.800000 23.700000 0.000000 -1.000000 0.000000 0.515625 0.769531
0 15.500000 -18.800000 25.500000 0.000000 -1.000000 0.000000 0.730469 0.984375
0 11.000000 -18.800000 25.500000 0.000000 -1.000000 0.000000 0.515625 0.984375
details.bmp
0 15.500000 -17.800000 23.700000 0.000000 1.000000 0.000000 0.515625 0.769531
0 11.000000 -17.800000 23.700000 0.000000 1.000000 0.000000 0.730469 0.769531
0 11.000000 -17.800000 25.500000 0.000000 1.000000 0.000000 0.730469 0.984375
details.bmp
0 15.500000 -17.800000 23.700000 0.000000 1.000000 -0.000000 0.515625 0.769531
0 11.000000 -17.800000 25.500000 0.000000 1.000000 -0.000000 0.730469 0.984375
0 15.500000 -17.800000 25.500000 0.000000 1.000000 -0.000000 0.515625 0.984375
details.bmp
0 11.000000 -17.800000 23.700000 -1.000000 0.000000 0.000000 0.515625 0.769531
0 11.000000 -18.800000 23.700000 -1.000000 0.000000 0.000000 0.730469 0.769531
0 11.000000 -18.800000 25.500000 -1.000000 0.000000 0.000000 0.730469 0.984375
details.bmp
0 11.000000 -17.800000 23.700000 -1.000000 0.000000 0.000000 0.515625 0.769531
0 11.000000 -18.800000 25.500000 -1.000000 0.000000 0.000000 0.730469 0.984375
0 11.000000 -17.800000 25.500000 -1.000000 0.000000 0.000000 0.515625 0.984375
details.bmp
0 15.500000 -18.800000 23.700000 1.000000 0.000000 0.000000 0.515625 0.769531
0 15.500000 -17.800000 23.700000 1.000000 0.000000 0.000000 0.730469 0.769531
0 15.500000 -17.800000 25.500000 1.000000 0.000000 0.000000 0.730469 0.984375
details.bmp
0 15.500000 -18.800000 23.700000 1.000000 0.000000 0.000000 0.515625 0.769531
0 15.500000 -17.800000 25.500000 1.000000 0.000000 0.000000 0.730469 0.984375
0 15.500000 -18.800000 25.500000 1.000000 0.000000 0.000000 0.515625 0.984375
details.bmp
0 11.000000 -18.800000 25.500000 0.000000 0.000000 1.000000 0.515625 0.769531
0 15.500000 -18.800000 25.500000 0.000000 0.000000 1.000000 0.730469 0.769531
0 15.500000 -17.800000 25.500000 0.000000 0.000000 1.000000 0.730469 0.984375
details.bmp
0 11.000000 -18.800000 25.500000 0.000000 0.000000 1.000000 0.515625 0.769531
0 15.500000 -17.800000 25.500000 0.000000 0.000000 1.000000 0.730469 0.984375
0 11.000000 -17.800000 25.500000 0.000000 0.000000 1.000000 0.515625 0.984375
details.bmp
0 11.000000 -17.800000 23.700000 0.000000 0.000000 -1.000000 0.515625 0.769531
0 15.500000 -17.800000 23.700000 0.000000 0.000000 -1.000000 0.730469 0.769531
0 15.500000 -18.800000 23.700000 0.000000 0.000000 -1.000000 0.730469 0.984375
details.bmp
0 11.000000 -17.800000 23.700000 0.000000 0.000000 -1.000000 0.515625 0.769531
0 15.500000 -18.800000 23.700000 0.000000 0.000000 -1.000000 0.730469 0.984375
0 11.000000 -18.800000 23.700000 0.000000 0.000000 -1.000000 0.515625 0.984375
details.bmp
0 1.000000 -16.100000 26.000000 0.000000 -1.000000 0.000000 0.015625 0.769531
0 2.200000 -16.100000 26.000000 0.000000 -1.000000 0.000000 0.230469 0.769531
0 2.200000 -16.100000 31.000000 0.000000 -1.000000 0.000000 0.230469 0.984375
details.bmp
0 1.000000 -16.100000 26.000000 0.000000 -1.000000 0.000000 0.015625 0.769531
0 2.200000 -16.100000 31.000000 0.000000 -1.000000 0.000000 0.230469 0.984375
0 1.000000 -16.100000 31.000000 0.000000 -1.000000 0.000000 0.015625 0.984375
details.bmp
0 2.200000 -14.000000 26.000000 0.000000 1.000000 0.000000 0.015625 0.769531
0 1.000000 -14.000000 26.000000 0.000000 1.000000 0.000000 0.230469 0.769531
0 1.000000 -14.000000 31.000000 0.000000 1.000000 0.000000 0.230469 0.984375
details.bmp
0 2.200000 -14.000000 26.000000 0.000000 1.000000 -0.000000 0.015625 0.769531
0 1.000000 -14.000000 31.000000 0.000000 1.000000 -0.000000 0.230469 0.984375
0 2.200000 -14.000000 31.000000 0.000000 1.000000 -0.000000 0.015625 0.984375
details.bmp
0 1.000000 -14.000000 26.000000 -1.000000 0.000000 0.000000 0.015625 0.769531
0 1.000000 -16.100000 26.000000 -1.000000 0.000000 0.000000 0.230469 0.769531
0 1.000000 -16.100000 31.000000 -1.000000 0.000000 0.000000 0.230469 0.984375
details.bmp
0 1.000000 -14.000000 26.000000 -1.000000 0.000000 0.000000 0.015625 0.769531
0 1.000000 -16.100000 31.000000 -1.000000 0.000000 0.000000 0.230469 0.984375
0 1.000000 -14.000000 31.000000 -1.000000 0.000000 0.000000 0.015625 0.984375
details.bmp
0 2.200000 -16.100000 26.000000 1.000000 0.000000 0.000000 0.015625 0.769531
0 2.200000 -14.000000 26.000000 1.000000 0.000000 0.000000 0.230469 0.769531
0 2.200000 -14.000000 31.000000 1.000000 0.000000 0.000000 0.230469 0.984375
details.bmp
0 2.200000 -16.100000 26.000000 1.000000 0.000000 0.000000 0.015625 0.769531
0 2.200000 -14.000000 31.000000 1.000000 0.000000 0.000000 0.230469 0.984375
0 2.200000 -16.100000 31.000000 1.000000 0.000000 0.000000 0.015625 0.984375
details.bmp
0 1.000000 -16.100000 31.000000 0.000000 0.000000 1.000000 0.015625 0.769531
0 2.200000 -16.100000 31.000000 0.000000 0.000000 1.000000 0.230469 0.769531
0 2.200000 -14.000000 31.000000 0.000000 0.000000 1.000000 0.230469 0.984375
details.bmp
0 1.000000 -16.100000 31.000000 0.000000 0.000000 1.000000 0.015625 0.769531
0 2.200000 -14.000000 31.000000 0.000000 0.000000 1.000000 0.230469 0.984375
0 1.000000 -14.000000 31.000000 0.000000 0.000000 1.000000 0.015625 0.984375
details.bmp
0 1.000000 -14.000000 26.000000 0.000000 0.000000 -1.000000 0.015625 0.769531
0 2.200000 -14.000000 26.000000 0.000000 0.000000 -1.000000 0.230469 0.769531
0 2.200000 -16.100000 26.000000 0.000000 0.000000 -1.000000 0.230469 0.984375
details.bmp
0 1.000000 -14.000000 26.000000 0.000000 0.000000 -1.000000 0.015625 0.769531
0 2.200000 -16.100000 26.000000 0.000000 0.000000 -1.000000 0.230469 0.984375
0 1.000000 -16.100000 26.000000 0.000000 0.000000 -1.000000 0.015625 0.984375
details.bmp
0 -20.000000 -14.600000 18.000000 0.000000 -1.000000 0.000000 0.015625 0.769531
0 -18.500000 -14.600000 18.000000 0.000000 -1.000000 0.000000 0.230469 0.769531
0 -18.500000 -14.600000 21.000000 0.000000 -1.000000 0.000000 0.230469 0.984375
details.bmp
0 -20.000000 -14.600000 18.000000 0.000000 -1.000000 0.000000 0.015625 0.769531
0 -18.500000 -14.600000 21.000000 0.000000 -1.000000 0.000000 0.230469 0.984375
0 -20.000000 -14.600000 21.000000 0.000000 -1.000000 0.000000 0.015625 0.984375
details.bmp
0 -18.500000 -13.800000 18.000000 0.000000 1.000000 0.000000 0.015625 0.769531
0 -20.000000 -13.800000 18.000000 0.000000 1.000000 0.000000 0.230469 0.769531
0 -20.000000 -13.800000 21.000000 0.000000 1.000000 0.000000 0.230469 0.984375
details.bmp
0 -18.500000 -13.800000 18.000000 0.000000 1.000000 -0.000000 0.015625 0.769531
0 -20.000000 -13.800000 21.000000 0.000000 1.000000 -0.000000 0.230469 0.984375
0 -18.500000 -13.800000 21.000000 0.000000 1.000000 -0.000000 0.015625 0.984375
details.bmp
0 -20.000000 -13.800000 18.000000 -1.000000 0.000000 0.000000 0.015625 0.769531
0 -20.000000 -14.600000 18.000000 -1.000000 0.000000 0.000000 0.230469 0.769531
0 -20.000000 -14.600000 21.000000 -1.000000 0.000000 0.000000 0.230469 0.984375
details.bmp
0 -20.000000 -13.800000 18.000000 -1.000000 0.000000 0.000000 0.015625 0.769531
0 -20.000000 -14.600000 21.000000 -1.000000 0.000000 0.000000 0.230469 0.984375
0 -20.000000 -13.800000 21.000000 -1.000000 0.000000 0.000000 0.015625 0.984375
details.bmp
0 -18.500000 -14.600000 18.000000 1.000000 0.000000 0.000000 0.015625 0.769531
0 -18.500000 -13.800000 18.000000 1.000000 0.000000 0.000000 0.230469 0.769531
0 -18.500000 -13.800000 21.000000 1.000000 0.000000 0.000000 0.230469 0.984375
details.bmp
0 -18.500000 -14.600000 18.000000 1.000000 0.000000 0.000000 0.015625 0.769531
0 -18.500000 -13.800000 21.000000 1.000000 0.000000 0.000000 0.230469 0.984375
0 -18.500000 -14.600000 21.000000 1.000000 0.000000 0.000000 0.015625 0.984375
details.bmp
0 -20.000000 -14.600000 21.000000 0.000000 0.000000 1.000000 0.015625 0.769531
0 -18.500000 -14.600000 21.000000 0.000000 0.000000 1.000000 0.230469 0.769531
0 -18.500000 -13.800000 21.000000 0.000000 0.000000 1.000000 0.230469 0.984375
details.bmp
0 -20.000000 -14.600000 21.000000 0.000000 0.000000 1.000000 0.015625 0.769531
0 -18.500000 -13.800000 21.000000 0.000000 0.000000 1.000000 0.230469 0.984375
0 -20.000000 -13.800000 21.000000 0.000000 0.000000 1.000000 0.015625 0.984375
details.bmp
0 -20.000000 -13.800000 18.000000 0.000000 0.000000 -1.000000 0.015625 0.769531
0 -18.500000 -13.800000 18.000000 0.000000 0.000000 -1.000000 0.230469 0.769531
0 -18.500000 -14.600000 18.000000 0.000000 0.000000 -1.000000 0.230469 0.984375
details.bmp
0 -20.000000 -13.800000 18.000000 0.000000 0.000000 -1.000000 0.015625 0.769531
0 -18.500000 -14.600000 18.000000 0.000000 0.000000 -1.000000 0.230469 0.984375
0 -20.000000 -14.600000 18.000000 0.000000 0.000000 -1.000000 0.015625 0.984375
details.bmp
0 -20.000000 -14.600000 7.000000 0.000000 -1.000000 0.000000 0.015625 0.769531
0 -18.500000 -14.600000 7.000000 0.000000 -1.000000 0.000000 0.230469 0.769531
0 -18.500000 -14.600000 10.000000 0.000000 -1.000000 0.000000 0.230469 0.984375
details.bmp
0 -20.000000 -14.600000 7.000000 0.000000 -1.000000 0.000000 0.015625 0.769531
0 -18.500000 -14.600000 10.000000 0.000000 -1.000000 0.000000 0.230469 0.984375
0 -20.000000 -14.600000 10.000000 0.000000 -1.000000 0.000000 0.015625 0.984375
details.bmp
0 -18.500000 -13.800000 7.000000 0.000000 1.000000 0.000000 0.015625 0.769531
0 -20.000000 -13.800000 7.000000 0.000000 1.000000 0.000000 0.230469 0.769531
0 -20.000000 -13.800000 10.000000 0.000000 1.000000 0.000000 0.230469 0.984375
details.bmp
0 -18.500000 -13.800000 7.000000 0.000000 1.000000 -0.000000 0.015625 0.769531
0 -20.000000 -13.800000 10.000000 0.000000 1.000000 -0.000000 0.230469 0.984375
0 -18.500000 -13.800000 10.000000 0.000000 1.000000 -0.000000 0.015625 0.984375
details.bmp
0 -20.000000 -13.800000 7.000000 -1.000000 0.000000 0.000000 0.015625 0.769531
0 -20.000000 -14.600000 7.000000 -1.000000 0.000000 0.000000 0.230469 0.769531
0 -20.000000 -14.600000 10.000000 -1.000000 0.000000 0.000000 0.230469 0.984375
details.bmp
0 -20.000000 -13.800000 7.000000 -1.000000 0.000000 0.000000 0.015625 0.769531
0 -20.000000 -14.600000 10.000000 -1.000000 0.000000 0.000000 0.230469 0.984375
0 -20.000000 -13.800000 10.000000 -1.000000 0.000000 0.000000 0.015625 0.984375
details.bmp
0 -18.500000 -14.600000 7.000000 1.000000 0.000000 0.000000 0.015625 0.769531
0 -18.500000 -13.800000 7.000000 1.000000 0.000000 0.000000 0.230469 0.769531
0 -18.500000 -13.800000 10.000000 1.000000 0.000000 0.000000 0.230469 0.984375
details.bmp
0 -18.500000 -14.600000 7.000000 1.000000 0.000000 0.000000 0.015625 0.769531
0 -18.500000 -13.800000 10.000000 1.000000 0.000000 0.000000 0.230469 0.984375
0 -18.500000 -14.600000 10.000000 1.000000 0.000000 0.000000 0.015625 0.984375
details.bmp
0 -20.000000 -14.600000 10.000000 0.000000 0.000000 1.000000 0.015625 0.769531
0 -18.500000 -14.600000 10.000000 0.000000 0.000000 1.000000 0.230469 0.769531
0 -18.500000 -13.800000 10.000000 0.000000 0.000000 1.000000 0.230469 0.984375
details.bmp
0 -20.000000 -14.600000 10.000000 0.000000 0.000000 1.000000 0.015625 0.769531
0 -18.500000 -13.800000 10.000000 0.000000 0.000000 1.000000 0.230469 0.984375
0 -20.000000 -13.800000 10.000000 0.000000 0.000000 1.000000 0.015625 0.984375
details.bmp
0 -20.000000 -13.800000 7.000000 0.000000 0.000000 -1.000000 0.015625 0.769531
0 -18.500000 -13.800000 7.000000 0.000000 0.000000 -1.000000 0.230469 0.769531
0 -18.500000 -14.600000 7.000000 0.000000 0.000000 -1.000000 0.230469 0.984375
details.bmp
0 -20.000000 -13.800000 7.000000 0.000000 0.000000 -1.000000 0.015625 0.769531
0 -18.500000 -14.600000 7.000000 0.000000 0.000000 -1.000000 0.230469 0.984375
0 -20.000000 -14.600000 7.000000 0.000000 0.000000 -1.000000 0.015625 0.984375
details.bmp
0 -8.150000 -16.300000 24.100000 0.923880 0.382683 0.000000 0.765625 0.269531
0 -8.398959 -15.698959 24.100000 0.923880 0.382683 0.000000 0.792480 0.269531
0 -8.398959 -15.698959 28.400000 0.923880 0.382683 0.000000 0.792480 0.577043
details.bmp
0 -8.150000 -16.300000 24.100000 0.923880 0.382683 -0.000000 0.765625 0.269531
0 -8.398959 -15.698959 28.400000 0.923880 0.382683 -0.000000 0.792480 0.577043
0 -8.150000 -16.300000 28.400000 0.923880 0.382683 -0.000000 0.765625 0.577043
details.bmp
0 -8.398959 -15.698959 24.100000 0.382683 0.923880 0.000000 0.792480 0.269531
0 -9.000000 -15.450000 24.100000 0.382683 0.923880 0.000000 0.819336 0.269531
0 -9.000000 -15.450000 28.400000 0.382683 0.923880 0.000000 0.819336 0.577043
details.bmp
0 -8.398959 -15.698959 24.100000 0.382683 0.923880 -0.000000 0.792480 0.269531
0 -9.000000 -15.450000 28.400000 0.382683 0.923880 -0.000000 0.819336 0.577043
0 -8.398959 -15.698959 28.400000 0.382683 0.923880 -0.000000 0.792480 0.577043
details.bmp
0 -9.000000 -15.450000 24.100000 -0.382683 0.923880 0.000000 0.819336 0.269531
0 -9.601041 -15.698959 24.100000 -0.382683 0.923880 0.000000 0.846191 0.269531
0 -9.601041 -15.698959 28.400000 -0.382683 0.923880 0.000000 0.846191 0.577043
details.bmp
0 -9.000000 -15.450000 24.100000 -0.382683 0.923880 0.000000 0.819336 0.269531
0 -9.601041 -15.698959 28.400000 -0.382683 0.923880 0.000000 0.846191 0.577043
0 -9.000000 -15.450000 28.400000 -0.382683 0.923880 0.000000 0.819336 0.577043
details.bmp
0 -9.601041 -15.698959 24.100000 -0.923880 0.382683 0.000000 0.846191 0.269531
0 -9.850000 -16.300000 24.100000 -0.923880 0.382683 0.000000 0.873047 0.269531
0 -9.850000 -16.300000 28.400000 -0.923880 0.382683 0.000000 0.873047 0.577043
details.bmp
0 -9.601041 -15.698959 24.100000 -0.923880 0.382683 0.000000 0.846191 0.269531
0 -9.850000 -16.300000 28.400000 -0.923880 0.382683 0.000000 0.873047 0.577043
0 -9.601041 -15.698959 28.400000 -0.923880 0.382683 0.000000 0.846191 0.577043
details.bmp
0 -9.850000 -16.300000 24.100000 -0.923880 -0.382683 0.000000 0.873047 0.269531
0 -9.601041 -16.901041 24.100000 -0.923880 -0.382683 0.000000 0.899902 0.269531
0 -9.601041 -16.901041 28.400000 -0.923880 -0.382683 0.000000 0.899902 0.577043
details.bmp
0 -9.850000 -16.300000 24.100000 -0.923880 -0.382683 0.000000 0.873047 0.269531
0 -9.601041 -16.901041 28.400000 -0.923880 -0.382683 0.000000 0.899902 0.577043
0 -9.850000 -16.300000 28.400000 -0.923880 -0.382683 0.000000 0.873047 0.577043
details.bmp
0 -9.601041 -16.901041 24.100000 -0.382683 -0.923880 0.000000 0.899902 0.269531
0 -9.000000 -17.150000 24.100000 -0.382683 -0.923880 0.000000 0.926758 0.269531
0 -9.000000 -17.150000 28.400000 -0.382683 -0.923880 0.000000 0.926758 0.577043
details.bmp
0 -9.601041 -16.901041 24.100000 -0.382683 -0.923880 0.000000 0.899902 0.269531
0 -9.000000 -17.150000 28.400000 -0.382683 -0.923880 0.000000 0.926758 0.577043
0 -9.601041 -16.901041 28.400000 -0.382683 -0.923880 0.000000 0.899902 0.577043
details.bmp
0 -9.000000 -17.150000 24.100000 0.382683 -0.923880 0.000000 0.926758 0.269531
0 -8.398959 -16.901041 24.100000 0.382683 -0.923880 0.000000 0.953613 0.269531
0 -8.398959 -16.901041 28.400000 0.382683 -0.923880 0.000000 0.953613 0.577043
details.bmp
0 -9.000000 -17.150000 24.100000 0.382683 -0.923880 0.000000 0.926758 0.269531
0 -8.398959 -16.901041 28.400000 0.382683 -0.923880 0.000000 0.953613 0.577043
0 -9.000000 -17.150000 28.400000 0.382683 -0.923880 0.000000 0.926758 0.577043
details.bmp
0 -8.398959 -16.901041 24.100000 0.923880 -0.382683 0.000000 0.953613 0.269531
0 -8.150000 -16.300000 24.100000 0.923880 -0.382683 0.000000 0.980469 0.269531
0 -8.150000 -16.300000 28.400000 0.923880 -0.382683 0.000000 0.980469 0.577043
details.bmp
0 -8.398959 -16.901041 24.100000 0.923880 -0.382683 0.000000 0.953613 0.269531
0 -8.150000 -16.300000 28.400000 0.923880 -0.382683 0.000000 0.980469 0.577043
0 -8.398959 -16.901041 28.400000 0.923880 -0.382683 0.000000 0.953613 0.577043
details.bmp
0 -8.150000 -16.300000 28.400000 0.838717 0.347408 0.419358 0.765625 0.577043
0 -8.398959 -15.698959 28.400000 0.838717 0.347408 0.419358 0.792480 0.577043
0 -8.717157 -16.017157 29.300000 0.838717 0.347408 0.419358 0.792480 0.641406
details.bmp
0 -8.150000 -16.300000 28.400000 0.838717 0.347408 0.419358 0.765625 0.577043
0 -8.717157 -16.017157 29.300000 0.838717 0.347408 0.419358 0.792480 0.641406
0 -8.600000 -16.300000 29.300000 0.838717 0.347408 0.419358 0.765625 0.641406
details.bmp
0 -8.398959 -15.698959 28.400000 0.347408 0.838717 0.419358 0.792480 0.577043
0 -9.000000 -15.450000 28.400000 0.347408 0.838717 0.419358 0.819336 0.577043
0 -9.000000 -15.900000 29.300000 0.347408 0.838717 0.419358 0.819336 0.641406
details.bmp
0 -8.398959 -15.698959 28.400000 0.347408 0.838717 0.419358 0.792480 0.577043
0 -9.000000 -15.900000 29.300000 0.347408 0.838717 0.419358 0.819336 0.641406
0 -8.717157 -16.017157 29.300000 0.347408 0.838717 0.419358 0.792480 0.641406
details.bmp
0 -9.000000 -15.450000 28.400000 -0.347408 0.838717 0.419358 0.819336 0.577043
0 -9.601041 -15.698959 28.400000 -0.347408 0.838717 0.419358 0.846191 0.577043
0 -9.282843 -16.017157 29.300000 -0.347408 0.838717 0.419358 0.846191 0.641406
details.bmp
0 -9.000000 -15.450000 28.400000 -0.347408 0.838717 0.419358 0.819336 0.577043
0 -9.282843 -16.017157 29.300000 -0.347408 0.838717 0.419358 0.846191 0.641406
0 -9.000000 -15.900000 29.300000 -0.347408 0.838717 0.419358 0.819336 0.641406
details.bmp
0 -9.601041 -15.698959 28.400000 -0.838717 0.347408 0.419358 0.846191 0.577043
0 -9.850000 -16.300000 28.400000 -0.838717 0.347408 0.419358 0.873047 0.577043
0 -9.400000 -16.300000 29.300000 -0.838717 0.347408 0.419358 0.873047 0.641406
details.bmp
0 -9.601041 -15.698959 28.400000 -0.838717 0.347408 0.419358 0.846191 0.577043
0 -9.400000 -16.300000 29.300000 -0.838717 0.347408 0.419358 0.873047 0.641406
0 -9.282843 -16.017157 29.300000 -0.838717 0.347408 0.419358 0.846191 0.641406
details.bmp
0 -9.850000 -16.300000 28.400000 -0.838717 -0.347408 0.419358 0.873047 0.577043
0 -9.601041 -16.901041 28.400000 -0.838717 -0.347408 0.419358 0.899902 0.577043
0 -9.282843 -16.582843 29.300000 -0.838717 -0.347408 0.419358 0.899902 0.641406
details.bmp
0 -9.850000 -16.300000 28.400000 -0.838717 -0.347408 0.419358 0.873047 0.577043
0 -9.282843 -16.582843 29.300000 -0.838717 -0.347408 0.419358 0.899902 0.641406
0 -9.400000 -16.300000 29.300000 -0.838717 -0.347408 0.419358 0.873047 0.641406
details.bmp
0 -9.601041 -16.901041 28.400000 -0.347408 -0.838717 0.419358 0.899902 0.577043
0 -9.000000 -17.150000 28.400000 -0.347408 -0.838717 0.419358 0.926758 0.577043
0 -9.000000 -16.700000 29.300000 -0.347408 -0.838717 0.419358 0.926758 0.641406
details.bmp
0 -9.601041 -16.901041 28.400000 -0.347408 -0.838717 0.419358 0.899902 0.577043
0 -9.000000 -16.700000 29.300000 -0.347408 -0.838717 0.419358 0.926758 0.641406
0 -9.282843 -16.582843 29.300000 -0.347408 -0.838717 0.419358 0.899902 0.641406
details.bmp
0 -9.000000 -17.150000 28.400000 0.347408 -0.838717 0.419358 0.926758 0.577043
0 -8.398959 -16.901041 28.400000 0.347408 -0.838717 0.419358 0.953613 0.577043
0 -8.717157 -16.582843 29.300000 0.347408 -0.838717 0.419358 0.953613 0.641406
details.bmp
0 -9.000000 -17.150000 28.400000 0.347408 -0.838717 0.419358 0.926758 0.577043
0 -8.717157 -16.582843 29.300000 0.347408 -0.838717 0.419358 0.953613 0.641406
0 -9.000000 -16.700000 29.300000 0.347408 -0.838717 0.419358 0.926758 0.641406
details.bmp
0 -8.398959 -16.901041 28.400000 0.838717 -0.347408 0.419358 0.953613 0.577043
0 -8.150000 -16.300000 28.400000 0.838717 -0.347408 0.419358 0.980469 0.577043
0 -8.600000 -16.300000 29.300000 0.838717 -0.347408 0.419358 0.980469 0.641406
details.bmp
0 -8.398959 -16.901041 28.400000 0.838717 -0.347408 0.419358 0.953613 0.577043
0 -8.600000 -16.300000 29.300000 0.838717 -0.347408 0.419358 0.980469 0.641406
0 -8.717157 -16.582843 29.300000 0.838717 -0.347408 0.419358 0.953613 0.641406
details.bmp
0 -8.600000 -16.300000 29.300000 0.923880 0.382683 0.000000 0.765625 0.641406
0 -8.717157 -16.017157 29.300000 0.923880 0.382683 0.000000 0.792480 0.641406
0 -8.717157 -16.017157 30.600000 0.923880 0.382683 0.000000 0.792480 0.734375
details.bmp
0 -8.600000 -16.300000 29.300000 0.923880 0.382683 -0.000000 0.765625 0.641406
0 -8.717157 -16.017157 30.600000 0.923880 0.382683 -0.000000 0.792480 0.734375
0 -8.600000 -16.300000 30.600000 0.923880 0.382683 -0.000000 0.765625 0.734375
details.bmp
0 -8.717157 -16.017157 29.300000 0.382683 0.923880 0.000000 0.792480 0.641406
0 -9.000000 -15.900000 29.300000 0.382683 0.923880 0.000000 0.819336 0.641406
0 -9.000000 -15.900000 30.600000 0.382683 0.923880 0.000000 0.819336 0.734375
details.bmp
0 -8.717157 -16.017157 29.300000 0.382683 0.923880 -0.000000 0.792480 0.641406
0 -9.000000 -15.900000 30.600000 0.382683 0.923880 -0.000000 0.819336 0.734375
0 -8.717157 -16.017157 30.600000 0.382683 0.923880 -0.000000 0.792480 0.734375
details.bmp
0 -9.000000 -15.900000 29.300000 -0.382683 0.923880 0.000000 0.819336 0.641406
0 -9.282843 -16.017157 29.300000 -0.382683 0.923880 0.000000 0.846191 0.641406
0 -9.282843 -16.017157 30.600000 -0.382683 0.923880 0.000000 0.846191 0.734375
details.bmp
0 -9.000000 -15.900000 29.300000 -0.382683 0.923880 0.000000 0.819336 0.641406
0 -9.282843 -16.017157 30.600000 -0.382683 0.923880 0.000000 0.846191 0.734375
0 -9.000000 -15.900000 30.600000 -0.382683 0.923880 0.000000 0.819336 0.734375
details.bmp
0 -9.282843 -16.017157 29.300000 -0.923880 0.382683 0.000000 0.846191 0.641406
0 -9.400000 -16.300000 29.300000 -0.923880 0.382683 0.000000 0.873047 0.641406
0 -9.400000 -16.300000 30.600000 -0.923880 0.382683 0.000000 0.873047 0.734375
details.bmp
0 -9.282843 -16.017157 29.300000 -0.923880 0.382683 0.000000 0.846191 0.641406
0 -9.400000 -16.300000 30.600000 -0.923880 0.382683 0.000000 0.873047 0.734375
0 -9.282843 -16.017157 30.600000 -0.923880 0.382683 0.000000 0.846191 0.734375
details.bmp
0 -9.400000 -16.300000 29.300000 -0.923880 -0.382683 0.000000 0.873047 0.641406
0 -9.282843 -16.582843 29.300000 -0.923880 -0.382683 0.000000 0.899902 0.641406
0 -9.282843 -16.582843 30.600000 -0.923880 -0.382683 0.000000 0.899902 0.734375
details.bmp
0 -9.400000 -16.300000 29.300000 -0.923880 -0.382683 0.000000 0.873047 0.641406
0 -9.282843 -16.582843 30.600000 -0.923880 -0.382683 0.000000 0.899902 0.734375
0 -9.400000 -16.300000 30.600000 -0.923880 -0.382683 0.000000 0.873047 0.734375
details.bmp
0 -9.282843 -16.582843 29.300000 -0.382683 -0.923880 0.000000 0.899902 0.641406
0 -9.000000 -16.700000 29.300000 -0.382683 -0.923880 0.000000 0.926758 0.641406
0 -9.000000 -16.700000 30.600000 -0.382683 -0.923880 0.000000 0.926758 0.734375
details.bmp
0 -9.282843 -16.582843 29.300000 -0.382683 -0.923880 0.000000 0.899902 0.641406
0 -9.000000 -16.700000 30.600000 -0.382683 -0.923880 0.000000 0.926758 0.734375
0 -9.282843 -16.582843 30.600000 -0.382683 -0.923880 0.000000 0.899902 0.734375
details.bmp
0 -9.000000 -16.700000 29.300000 0.382683 -0.923880 0.000000 0.926758 0.641406
0 -8.717157 -16.582843 29.300000 0.382683 -0.923880 0.000000 0.953613 0.641406
0 -8.717157 -16.582843 30.600000 0.382683 -0.923880 0.000000 0.953613 0.734375
details.bmp
0 -9.000000 -16.700000 29.300000 0.382683 -0.923880 0.000000 0.926758 0.641406
0 -8.717157 -16.582843 30.600000 0.382683 -0.923880 0.000000 0.953613 0.734375
0 -9.000000 -16.700000 30.600000 0.382683 -0.923880 0.000000 0.926758 0.734375
details.bmp
0 -8.717157 -16.582843 29.300000 0.923880 -0.382683 0.000000 0.953613 0.641406
0 -8.600000 -16.300000 29.300000 0.923880 -0.382683 0.000000 0.980469 0.641406
0 -8.600000 -16.300000 30.600000 0.923880 -0.382683 0.000000 0.980469 0.734375
details.bmp
0 -8.717157 -16.582843 29.300000 0.923880 -0.382683 0.000000 0.953613 0.641406
0 -8.600000 -16.300000 30.600000 0.923880 -0.382683 0.000000 0.980469 0.734375
0 -8.717157 -16.582843 30.600000 0.923880 -0.382683 0.000000 0.953613 0.734375
details.bmp
0 -9.000000 -16.300000 30.600000 0.000000 0.000000 1.000000 0.015625 0.769531
0 -8.600000 -16.300000 30.600000 0.000000 0.000000 1.000000 0.230469 0.769531
0 -8.717157 -16.017157 30.600000 0.000000 0.000000 1.000000 0.230469 0.984375
details.bmp
0 -9.000000 -16.300000 30.600000 0.000000 0.000000 1.000000 0.015625 0.769531
0 -8.717157 -16.017157 30.600000 0.000000 0.000000 1.000000 0.230469 0.769531
0 -9.000000 -15.900000 30.600000 0.000000 0.000000 1.000000 0.230469 0.984375
details.bmp
0 -9.000000 -16.300000 30.600000 0.000000 -0.000000 1.000000 0.015625 0.769531
0 -9.000000 -15.900000 30.600000 0.000000 -0.000000 1.000000 0.230469 0.769531
0 -9.282843 -16.017157 30.600000 0.000000 -0.000000 1.000000 0.230469 0.984375
details.bmp
0 -9.000000 -16.300000 30.600000 0.000000 0.000000 1.000000 0.015625 0.769531
0 -9.282843 -16.017157 30.600000 0.000000 0.000000 1.000000 0.230469 0.769531
0 -9.400000 -16.300000 30.600000 0.000000 0.000000 1.000000 0.230469 0.984375
details.bmp
0 -9.000000 -16.300000 30.600000 0.000000 0.000000 1.000000 0.015625 0.769531
0 -9.400000 -16.300000 30.600000 0.000000 0.000000 1.000000 0.230469 0.769531
0 -9.282843 -16.582843 30.600000 0.000000 0.000000 1.000000 0.230469 0.984375
details.bmp
0 -9.000000 -16.300000 30.600000 0.000000 0.000000 1.000000 0.015625 0.769531
0 -9.282843 -16.582843 30.600000 0.000000 0.000000 1.000000 0.230469 0.769531
0 -9.000000 -16.700000 30.600000 0.000000 0.000000 1.000000 0.230469 0.984375
details.bmp
0 -9.000000 -16.300000 30.600000 0.000000 0.000000 1.000000 0.015625 0.769531
0 -9.000000 -16.700000 30.600000 0.000000 0.000000 1.000000 0.230469 0.769531
0 -8.717157 -16.582843 30.600000 0.000000 0.000000 1.000000 0.230469 0.984375
details.bmp
0 -9.000000 -16.300000 30.600000 -0.000000 0.000000 1.000000 0.015625 0.769531
0 -8.717157 -16.582843 30.600000 -0.000000 0.000000 1.000000 0.230469 0.769531
0 -8.600000 -16.300000 30.600000 -0.000000 0.000000 1.000000 0.230469 0.984375
details.bmp
0 -10.200000 -15.800000 42.000000 0.923880 0.382683 0.000000 0.019531 0.023438
0 -10.727208 -14.527208 42.000000 0.923880 0.382683 0.000000 0.027344 0.023438
0 -10.727208 -14.527208 61.500000 0.923880 0.382683 0.000000 0.027344 0.230469
details.bmp
0 -10.200000 -15.800000 42.000000 0.923880 0.382683 -0.000000 0.019531 0.023438
0 -10.727208 -14.527208 61.500000 0.923880 0.382683 -0.000000 0.027344 0.230469
0 -10.200000 -15.800000 61.500000 0.923880 0.382683 -0.000000 0.019531 0.230469
details.bmp
0 -10.727208 -14.527208 42.000000 0.382683 0.923880 0.000000 0.027344 0.023438
0 -12.000000 -14.000000 42.000000 0.382683 0.923880 0.000000 0.035156 0.023438
0 -12.000000 -14.000000 61.500000 0.382683 0.923880 0.000000 0.035156 0.230469
details.bmp
0 -10.727208 -14.527208 42.000000 0.382683 0.923880 -0.000000 0.027344 0.023438
0 -12.000000 -14.000000 61.500000 0.382683 0.923880 -0.000000 0.035156 0.230469
0 -10.727208 -14.527208 61.500000 0.382683 0.923880 -0.000000 0.027344 0.230469
details.bmp
0 -12.000000 -14.000000 42.000000 -0.382683 0.923880 0.000000 0.035156 0.023438
0 -13.272792 -14.527208 42.000000 -0.382683 0.923880 0.000000 0.042969 0.023438
0 -13.272792 -14.527208 61.500000 -0.382683 0.923880 0.000000 0.042969 0.230469
details.bmp
0 -12.000000 -14.000000 42.000000 -0.382683 0.923880 0.000000 0.035156 0.023438
0 -13.272792 -14.527208 61.500000 -0.382683 0.923880 0.000000 0.042969 0.230469
0 -12.000000 -14.000000 61.500000 -0.382683 0.923880 0.000000 0.035156 0.230469
details.bmp
0 -13.272792 -14.527208 42.000000 -0.923880 0.382683 0.000000 0.042969 0.023438
0 -13.800000 -15.800000 42.000000 -0.923880 0.382683 0.000000 0.050781 0.023438
0 -13.800000 -15.800000 61.500000 -0.923880 0.382683 0.000000 0.050781 0.230469
details.bmp
0 -13.272792 -14.527208 42.000000 -0.923880 0.382683 0.000000 0.042969 0.023438
0 -13.800000 -15.800000 61.500000 -0.923880 0.382683 0.000000 0.050781 0.230469
0 -13.272792 -14.527208 61.500000 -0.923880 0.382683 0.000000 0.042969 0.230469
details.bmp
0 -13.800000 -15.800000 42.000000 -0.923880 -0.382683 0.000000 0.050781 0.023438
0 -13.272792 -17.072792 42.000000 -0.923880 -0.382683 0.000000 0.058594 0.023438
0 -13.272792 -17.072792 61.500000 -0.923880 -0.382683 0.000000 0.058594 0.230469
details.bmp
0 -13.800000 -15.800000 42.000000 -0.923880 -0.382683 0.000000 0.050781 0.023438
0 -13.272792 -17.072792 61.500000 -0.923880 -0.382683 0.000000 0.058594 0.230469
0 -13.800000 -15.800000 61.500000 -0.923880 -0.382683 0.000000 0.050781 0.230469
details.bmp
0 -13.272792 -17.072792 42.000000 -0.382683 -0.923880 0.000000 0.058594 0.023438
0 -12.000000 -17.600000 42.000000 -0.382683 -0.923880 0.000000 0.066406 0.023438
0 -12.000000 -17.600000 61.500000 -0.382683 -0.923880 0.000000 0.066406 0.230469
details.bmp
0 -13.272792 -17.072792 42.000000 -0.382683 -0.923880 0.000000 0.058594 0.023438
0 -12.000000 -17.600000 61.500000 -0.382683 -0.923880 0.000000 0.066406 0.230469
0 -13.272792 -17.072792 61.500000 -0.382683 -0.923880 0.000000 0.058594 0.230469
details.bmp
0 -12.000000 -17.600000 42.000000 0.382683 -0.923880 0.000000 0.066406 0.023438
0 -10.727208 -17.072792 42.000000 0.382683 -0.923880 0.000000 0.074219 0.023438
0 -10.727208 -17.072792 61.500000 0.382683 -0.923880 0.000000 0.074219 0.230469
details.bmp
0 -12.000000 -17.600000 42.000000 0.382683 -0.923880 0.000000 0.066406 0.023438
0 -10.727208 -17.072792 61.500000 0.382683 -0.923880 0.000000 0.074219 0.230469
0 -12.000000 -17.600000 61.500000 0.382683 -0.923880 0.000000 0.066406 0.230469
details.bmp
0 -10.727208 -17.072792 42.000000 0.923880 -0.382683 0.000000 0.074219 0.023438
0 -10.200000 -15.800000 42.000000 0.923880 -0.382683 0.000000 0.082031 0.023438
0 -10.200000 -15.800000 61.500000 0.923880 -0.382683 0.000000 0.082031 0.230469
details.bmp
0 -10.727208 -17.072792 42.000000 0.923880 -0.382683 0.000000 0.074219 0.023438
0 -10.200000 -15.800000 61.500000 0.923880 -0.382683 0.000000 0.082031 0.230469
0 -10.727208 -17.072792 61.500000 0.923880 -0.382683 0.000000 0.074219 0.230469
details.bmp
0 -12.000000 -15.800000 61.500000 0.000000 0.000000 1.000000 0.015625 0.769531
0 -10.200000 -15.800000 61.500000 0.000000 0.000000 1.000000 0.230469 0.769531
0 -10.727208 -14.527208 61.500000 0.000000 0.000000 1.000000 0.230469 0.984375
details.bmp
0 -12.000000 -15.800000 61.500000 0.000000 0.000000 1.000000 0.015625 0.769531
0 -10.727208 -14.527208 61.500000 0.000000 0.000000 1.000000 0.230469 0.769531
0 -12.000000 -14.000000 61.500000 0.000000 0.000000 1.000000 0.230469 0.984375
details.bmp
0 -12.000000 -15.800000 61.500000 0.000000 -0.000000 1.000000 0.015625 0.769531
0 -12.000000 -14.000000 61.500000 0.000000 -0.000000 1.000000 0.230469 0.769531
0 -13.272792 -14.527208 61.500000 0.000000 -0.000000 1.000000 0.230469 0.984375
details.bmp
0 -12.000000 -15.800000 61.500000 0.000000 0.000000 1.000000 0.015625 0.769531
0 -13.272792 -14.527208 61.500000 0.000000 0.000000 1.000000 0.230469 0.769531
0 -13.800000 -15.800000 61.500000 0.000000 0.000000 1.000000 0.230469 0.984375
details.bmp
0 -12.000000 -15.800000 61.500000 0.000000 0.000000 1.000000 0.015625 0.769531
0 -13.800000 -15.800000 61.500000 0.000000 0.000000 1.000000 0.230469 0.769531
0 -13.272792 -17.072792 61.500000 0.000000 0.000000 1.000000 0.230469 0.984375
details.bmp
0 -12.000000 -15.800000 61.500000 0.000000 0.000000 1.000000 0.015625 0.769531
0 -13.272792 -17.072792 61.500000 0.000000 0.000000 1.000000 0.230469 0.769531
0 -12.000000 -17.600000 61.500000 0.000000 0.000000 1.000000 0.230469 0.984375
details.bmp
0 -12.000000 -15.800000 61.500000 0.000000 0.000000 1.000000 0.015625 0.769531
0 -12.000000 -17.600000 61.500000 0.000000 0.000000 1.000000 0.230469 0.769531
0 -10.727208 -17.072792 61.500000 0.000000 0.000000 1.000000 0.230469 0.984375
details.bmp
0 -12.000000 -15.800000 61.500000 -0.000000 0.000000 1.000000 0.015625 0.769531
0 -10.727208 -17.072792 61.500000 -0.000000 0.000000 1.000000 0.230469 0.769531
0 -10.200000 -15.800000 61.500000 -0.000000 0.000000 1.000000 0.230469 0.984375
details.bmp
0 -14.100000 -18.000000 41.000000 0.000000 -1.000000 0.000000 0.015625 0.769531
0 -9.900000 -18.000000 41.000000 0.000000 -1.000000 0.000000 0.230469 0.769531
0 -9.900000 -18.000000 42.400000 0.000000 -1.000000 0.000000 0.230469 0.984375
details.bmp
0 -14.100000 -18.000000 41.000000 0.000000 -1.000000 0.000000 0.015625 0.769531
0 -9.900000 -18.000000 42.400000 0.000000 -1.000000 0.000000 0.230469 0.984375
0 -14.100000 -18.000000 42.400000 0.000000 -1.000000 0.000000 0.015625 0.984375
details.bmp
0 -9.900000 -14.000000 41.000000 0.000000 1.000000 0.000000 0.015625 0.769531
0 -14.100000 -14.000000 41.000000 0.000000 1.000000 0.000000 0.230469 0.769531
0 -14.100000 -14.000000 42.400000 0.000000 1.000000 0.000000 0.230469 0.984375
details.bmp
0 -9.900000 -14.000000 41.000000 0.000000 1.000000 -0.000000 0.015625 0.769531
0 -14.100000 -14.000000 42.400000 0.000000 1.000000 -0.000000 0.230469 0.984375
0 -9.900000 -14.000000 42.400000 0.000000 1.000000 -0.000000 0.015625 0.984375
details.bmp
0 -14.100000 -14.000000 41.000000 -1.000000 0.000000 0.000000 0.015625 0.769531
0 -14.100000 -18.000000 41.000000 -1.000000 0.000000 0.000000 0.230469 0.769531
0 -14.100000 -18.000000 42.400000 -1.000000 0.000000 0.000000 0.230469 0.984375
details.bmp
0 -14.100000 -14.000000 41.000000 -1.000000 0.000000 0.000000 0.015625 0.769531
0 -14.100000 -18.000000 42.400000 -1.000000 0.000000 0.000000 0.230469 0.984375
0 -14.100000 -14.000000 42.400000 -1.000000 0.000000 0.000000 0.015625 0.984375
details.bmp
0 -9.900000 -18.000000 41.000000 1.000000 0.000000 0.000000 0.015625 0.769531
0 -9.900000 -14.000000 41.000000 1.000000 0.000000 0.000000 0.230469 0.769531
0 -9.900000 -14.000000 42.400000 1.000000 0.000000 0.000000 0.230469 0.984375
details.bmp
0 -9.900000 -18.000000 41.000000 1.000000 0.000000 0.000000 0.015625 0.769531
0 -9.900000 -14.000000 42.400000 1.000000 0.000000 0.000000 0.230469 0.984375
0 -9.900000 -18.000000 42.400000 1.000000 0.000000 0.000000 0.015625 0.984375
details.bmp
0 -14.100000 -18.000000 42.400000 0.000000 0.000000 1.000000 0.015625 0.769531
0 -9.900000 -18.000000 42.400000 0.000000 0.000000 1.000000 0.230469 0.769531
0 -9.900000 -14.000000 42.400000 0.000000 0.000000 1.000000 0.230469 0.984375
details.bmp
0 -14.100000 -18.000000 42.400000 0.000000 0.000000 1.000000 0.015625 0.769531
0 -9.900000 -14.000000 42.400000 0.000000 0.000000 1.000000 0.230469 0.984375
0 -14.100000 -14.000000 42.400000 0.000000 0.000000 1.000000 0.015625 0.984375
details.bmp
0 -14.100000 -14.000000 41.000000 0.000000 0.000000 -1.000000 0.015625 0.769531
0 -9.900000 -14.000000 41.000000 0.000000 0.000000 -1.000000 0.230469 0.769531
0 -9.900000 -18.000000 41.000000 0.000000 0.000000 -1.000000 0.230469 0.984375
details.bmp
0 -14.100000 -14.000000 41.000000 0.000000 0.000000 -1.000000 0.015625 0.769531
0 -9.900000 -18.000000 41.000000 0.000000 0.000000 -1.000000 0.230469 0.984375
0 -14.100000 -18.000000 41.000000 0.000000 0.000000 -1.000000 0.015625 0.984375
details.bmp
0 -14.100000 -18.000000 61.200000 0.000000 -1.000000 0.000000 0.015625 0.769531
0 -9.900000 -18.000000 61.200000 0.000000 -1.000000 0.000000 0.230469 0.769531
0 -9.900000 -18.000000 63.000000 0.000000 -1.000000 0.000000 0.230469 0.984375
details.bmp
0 -14.100000 -18.000000 61.200000 0.000000 -1.000000 0.000000 0.015625 0.769531
0 -9.900000 -18.000000 63.000000 0.000000 -1.000000 0.000000 0.230469 0.984375
0 -14.100000 -18.000000 63.000000 0.000000 -1.000000 0.000000 0.015625 0.984375
details.bmp
0 -9.900000 -14.000000 61.200000 0.000000 1.000000 0.000000 0.015625 0.769531
0 -14.100000 -14.000000 61.200000 0.000000 1.000000 0.000000 0.230469 0.769531
0 -14.100000 -14.000000 63.000000 0.000000 1.000000 0.000000 0.230469 0.984375
details.bmp
0 -9.900000 -14.000000 61.200000 0.000000 1.000000 -0.000000 0.015625 0.769531
0 -14.100000 -14.000000 63.000000 0.000000 1.000000 -0.000000 0.230469 0.984375
0 -9.900000 -14.000000 63.000000 0.000000 1.000000 -0.000000 0.015625 0.984375
details.bmp
0 -14.100000 -14.000000 61.200000 -1.000000 0.000000 0.000000 0.015625 0.769531
0 -14.100000 -18.000000 61.200000 -1.000000 0.000000 0.000000 0.230469 0.769531
0 -14.100000 -18.000000 63.000000 -1.000000 0.000000 0.000000 0.230469 0.984375
details.bmp
0 -14.100000 -14.000000 61.200000 -1.000000 0.000000 0.000000 0.015625 0.769531
0 -14.100000 -18.000000 63.000000 -1.000000 0.000000 0.000000 0.230469 0.984375
0 -14.100000 -14.000000 63.000000 -1.000000 0.000000 0.000000 0.015625 0.984375
details.bmp
0 -9.900000 -18.000000 61.200000 1.000000 0.000000 0.000000 0.015625 0.769531
0 -9.900000 -14.000000 61.200000 1.000000 0.000000 0.000000 0.230469 0.769531
0 -9.900000 -14.000000 63.000000 1.000000 0.000000 0.000000 0.230469 0.984375
details.bmp
0 -9.900000 -18.000000 61.200000 1.000000 0.000000 0.000000 0.015625 0.769531
0 -9.900000 -14.000000 63.000000 1.000000 0.000000 0.000000 0.230469 0.984375
0 -9.900000 -18.000000 63.000000 1.000000 0.000000 0.000000 0.015625 0.984375
details.bmp
0 -14.100000 -18.000000 63.000000 0.000000 0.000000 1.000000 0.015625 0.769531
0 -9.900000 -18.000000 63.000000 0.000000 0.000000 1.000000 0.230469 0.769531
0 -9.900000 -14.000000 63.000000 0.000000 0.000000 1.000000 0.230469 0.984375
details.bmp
0 -14.100000 -18.000000 63.000000 0.000000 0.000000 1.000000 0.015625 0.769531
0 -9.900000 -14.000000 63.000000 0.000000 0.000000 1.000000 0.230469 0.984375
0 -14.100000 -14.000000 63.000000 0.000000 0.000000 1.000000 0.015625 0.984375
details.bmp
0 -14.100000 -14.000000 61.200000 0.000000 0.000000 -1.000000 0.015625 0.769531
0 -9.900000 -14.000000 61.200000 0.000000 0.000000 -1.000000 0.230469 0.769531
0 -9.900000 -18.000000 61.200000 0.000000 0.000000 -1.000000 0.230469 0.984375
details.bmp
0 -14.100000 -14.000000 61.200000 0.000000 0.000000 -1.000000 0.015625 0.769531
0 -9.900000 -18.000000 61.200000 0.000000 0.000000 -1.000000 0.230469 0.984375
0 -14.100000 -18.000000 61.200000 0.000000 0.000000 -1.000000 0.015625 0.984375
details.bmp
0 -4.200000 -15.800000 42.000000 0.923880 0.382683 0.000000 0.113281 0.023438
0 -4.727208 -14.527208 42.000000 0.923880 0.382683 0.000000 0.121094 0.023438
0 -4.727208 -14.527208 61.500000 0.923880 0.382683 0.000000 0.121094 0.230469
details.bmp
0 -4.200000 -15.800000 42.000000 0.923880 0.382683 -0.000000 0.113281 0.023438
0 -4.727208 -14.527208 61.500000 0.923880 0.382683 -0.000000 0.121094 0.230469
0 -4.200000 -15.800000 61.500000 0.923880 0.382683 -0.000000 0.113281 0.230469
details.bmp
0 -4.727208 -14.527208 42.000000 0.382683 0.923880 0.000000 0.121094 0.023438
0 -6.000000 -14.000000 42.000000 0.382683 0.923880 0.000000 0.128906 0.023438
0 -6.000000 -14.000000 61.500000 0.382683 0.923880 0.000000 0.128906 0.230469
details.bmp
0 -4.727208 -14.527208 42.000000 0.382683 0.923880 -0.000000 0.121094 0.023438
0 -6.000000 -14.000000 61.500000 0.382683 0.923880 -0.000000 0.128906 0.230469
0 -4.727208 -14.527208 61.500000 0.382683 0.923880 -0.000000 0.121094 0.230469
details.bmp
0 -6.000000 -14.000000 42.000000 -0.382683 0.923880 0.000000 0.128906 0.023438
0 -7.272792 -14.527208 42.000000 -0.382683 0.923880 0.000000 0.136719 0.023438
0 -7.272792 -14.527208 61.500000 -0.382683 0.923880 0.000000 0.136719 0.230469
details.bmp
0 -6.000000 -14.000000 42.000000 -0.382683 0.923880 0.000000 0.128906 0.023438
0 -7.272792 -14.527208 61.500000 -0.382683 0.923880 0.000000 0.136719 0.230469
0 -6.000000 -14.000000 61.500000 -0.382683 0.923880 0.000000 0.128906 0.230469
details.bmp
0 -7.272792 -14.527208 42.000000 -0.923880 0.382683 0.000000 0.136719 0.023438
0 -7.800000 -15.800000 42.000000 -0.923880 0.382683 0.000000 0.144531 0.023438
0 -7.800000 -15.800000 61.500000 -0.923880 0.382683 0.000000 0.144531 0.230469
details.bmp
0 -7.272792 -14.527208 42.000000 -0.923880 0.382683 0.000000 0.136719 0.023438
0 -7.800000 -15.800000 61.500000 -0.923880 0.382683 0.000000 0.144531 0.230469
0 -7.272792 -14.527208 61.500000 -0.923880 0.382683 0.000000 0.136719 0.230469
details.bmp
0 -7.800000 -15.800000 42.000000 -0.923880 -0.382683 0.000000 0.144531 0.023438
0 -7.272792 -17.072792 42.000000 -0.923880 -0.382683 0.000000 0.152344 0.023438
0 -7.272792 -17.072792 61.500000 -0.923880 -0.382683 0.000000 0.152344 0.230469
details.bmp
0 -7.800000 -15.800000 42.000000 -0.923880 -0.382683 0.000000 0.144531 0.023438
0 -7.272792 -17.072792 61.500000 -0.923880 -0.382683 0.000000 0.152344 0.230469
0 -7.800000 -15.800000 61.500000 -0.923880 -0.382683 0.000000 0.144531 0.230469
details.bmp
0 -7.272792 -17.072792 42.000000 -0.382683 -0.923880 0.000000 0.152344 0.023438
0 -6.000000 -17.600000 42.000000 -0.382683 -0.923880 0.000000 0.160156 0.023438
0 -6.000000 -17.600000 61.500000 -0.382683 -0.923880 0.000000 0.160156 0.230469
details.bmp
0 -7.272792 -17.072792 42.000000 -0.382683 -0.923880 0.000000 0.152344 0.023438
0 -6.000000 -17.600000 61.500000 -0.382683 -0.923880 0.000000 0.160156 0.230469
0 -7.272792 -17.072792 61.500000 -0.382683 -0.923880 0.000000 0.152344 0.230469
details.bmp
0 -6.000000 -17.600000 42.000000 0.382683 -0.923880 0.000000 0.160156 0.023438
0 -4.727208 -17.072792 42.000000 0.382683 -0.923880 0.000000 0.167969 0.023438
0 -4.727208 -17.072792 61.500000 0.382683 -0.923880 0.000000 0.167969 0.230469
details.bmp
0 -6.000000 -17.600000 42.000000 0.382683 -0.923880 0.000000 0.160156 0.023438
0 -4.727208 -17.072792 61.500000 0.382683 -0.923880 0.000000 0.167969 0.230469
0 -6.000000 -17.600000 61.500000 0.382683 -0.923880 0.000000 0.160156 0.230469
details.bmp
0 -4.727208 -17.072792 42.000000 0.923880 -0.382683 0.000000 0.167969 0.023438
0 -4.200000 -15.800000 42.000000 0.923880 -0.382683 0.000000 0.175781 0.023438
0 -4.200000 -15.800000 61.500000 0.923880 -0.382683 0.000000 0.175781 0.230469
details.bmp
0 -4.727208 -17.072792 42.000000 0.923880 -0.382683 0.000000 0.167969 0.023438
0 -4.200000 -15.800000 61.500000 0.923880 -0.382683 0.000000 0.175781 0.230469
0 -4.727208 -17.072792 61.500000 0.923880 -0.382683 0.000000 0.167969 0.230469
details.bmp
0 -6.000000 -15.800000 61.500000 0.000000 0.000000 1.000000 0.015625 0.769531
0 -4.200000 -15.800000 61.500000 0.000000 0.000000 1.000000 0.230469 0.769531
0 -4.727208 -14.527208 61.500000 0.000000 0.000000 1.000000 0.230469 0.984375
details.bmp
0 -6.000000 -15.800000 61.500000 0.000000 0.000000 1.000000 0.015625 0.769531
0 -4.727208 -14.527208 61.500000 0.000000 0.000000 1.000000 0.230469 0.769531
0 -6.000000 -14.000000 61.500000 0.000000 0.000000 1.000000 0.230469 0.984375
details.bmp
0 -6.000000 -15.800000 61.500000 0.000000 -0.000000 1.000000 0.015625 0.769531
0 -6.000000 -14.000000 61.500000 0.000000 -0.000000 1.000000 0.230469 0.769531
0 -7.272792 -14.527208 61.500000 0.000000 -0.000000 1.000000 0.230469 0.984375
details.bmp
0 -6.000000 -15.800000 61.500000 0.000000 0.000000 1.000000 0.015625 0.769531
0 -7.272792 -14.527208 61.500000 0.000000 0.000000 1.000000 0.230469 0.769531
0 -7.800000 -15.800000 61.500000 0.000000 0.000000 1.000000 0.230469 0.984375
details.bmp
0 -6.000000 -15.800000 61.500000 0.000000 0.000000 1.000000 0.015625 0.769531
0 -7.800000 -15.800000 61.500000 0.000000 0.000000 1.000000 0.230469 0.769531
0 -7.272792 -17.072792 61.500000 0.000000 0.000000 1.000000 0.230469 0.984375
details.bmp
0 -6.000000 -15.800000 61.500000 0.000000 0.000000 1.000000 0.015625 0.769531
0 -7.272792 -17.072792 61.500000 0.000000 0.000000 1.000000 0.230469 0.769531
0 -6.000000 -17.600000 61.500000 0.000000 0.000000 1.000000 0.230469 0.984375
details.bmp
0 -6.000000 -15.800000 61.500000 0.000000 0.000000 1.000000 0.015625 0.769531
0 -6.000000 -17.600000 61.500000 0.000000 0.000000 1.000000 0.230469 0.769531
0 -4.727208 -17.072792 61.500000 0.000000 0.000000 1.000000 0.230469 0.984375
details.bmp
0 -6.000000 -15.800000 61.500000 -0.000000 0.000000 1.000000 0.015625 0.769531
0 -4.727208 -17.072792 61.500000 -0.000000 0.000000 1.000000 0.230469 0.769531
0 -4.200000 -15.800000 61.500000 -0.000000 0.000000 1.000000 0.230469 0.984375
details.bmp
0 -8.100000 -18.000000 41.000000 0.000000 -1.000000 0.000000 0.015625 0.769531
0 -3.900000 -18.000000 41.000000 0.000000 -1.000000 0.000000 0.230469 0.769531
0 -3.900000 -18.000000 42.400000 0.000000 -1.000000 0.000000 0.230469 0.984375
details.bmp
0 -8.100000 -18.000000 41.000000 0.000000 -1.000000 0.000000 0.015625 0.769531
0 -3.900000 -18.000000 42.400000 0.000000 -1.000000 0.000000 0.230469 0.984375
0 -8.100000 -18.000000 42.400000 0.000000 -1.000000 0.000000 0.015625 0.984375
details.bmp
0 -3.900000 -14.000000 41.000000 0.000000 1.000000 0.000000 0.015625 0.769531
0 -8.100000 -14.000000 41.000000 0.000000 1.000000 0.000000 0.230469 0.769531
0 -8.100000 -14.000000 42.400000 0.000000 1.000000 0.000000 0.230469 0.984375
details.bmp
0 -3.900000 -14.000000 41.000000 0.000000 1.000000 -0.000000 0.015625 0.769531
0 -8.100000 -14.000000 42.400000 0.000000 1.000000 -0.000000 0.230469 0.984375
0 -3.900000 -14.000000 42.400000 0.000000 1.000000 -0.000000 0.015625 0.984375
details.bmp
0 -8.100000 -14.000000 41.000000 -1.000000 0.000000 0.000000 0.015625 0.769531
0 -8.100000 -18.000000 41.000000 -1.000000 0.000000 0.000000 0.230469 0.769531
0 -8.100000 -18.000000 42.400000 -1.000000 0.000000 0.000000 0.230469 0.984375
details.bmp
0 -8.100000 -14.000000 41.000000 -1.000000 0.000000 0.000000 0.015625 0.769531
0 -8.100000 -18.000000 42.400000 -1.000000 0.000000 0.000000 0.230469 0.984375
0 -8.100000 -14.000000 42.400000 -1.000000 0.000000 0.000000 0.015625 0.984375
details.bmp
0 -3.900000 -18.000000 41.000000 1.000000 0.000000 0.000000 0.015625 0.769531
0 -3.900000 -14.000000 41.000000 1.000000 0.000000 0.000000 0.230469 0.769531
0 -3.900000 -14.000000 42.400000 1.000000 0.000000 0.000000 0.230469 0.984375
details.bmp
0 -3.900000 -18.000000 41.000000 1.000000 0.000000 0.000000 0.015625 0.769531
0 -3.900000 -14.000000 42.400000 1.000000 0.000000 0.000000 0.230469 0.984375
0 -3.900000 -18.000000 42.400000 1.000000 0.000000 0.000000 0.015625 0.984375
details.bmp
0 -8.100000 -18.000000 42.400000 0.000000 0.000000 1.000000 0.015625 0.769531
0 -3.900000 -18.000000 42.400000 0.000000 0.000000 1.000000 0.230469 0.769531
0 -3.900000 -14.000000 42.400000 0.000000 0.000000 1.000000 0.230469 0.984375
details.bmp
0 -8.100000 -18.000000 42.400000 0.000000 0.000000 1.000000 0.015625 0.769531
0 -3.900000 -14.000000 42.400000 0.000000 0.000000 1.000000 0.230469 0.984375
0 -8.100000 -14.000000 42.400000 0.000000 0.000000 1.000000 0.015625 0.984375
details.bmp
0 -8.100000 -14.000000 41.000000 0.000000 0.000000 -1.000000 0.015625 0.769531
0 -3.900000 -14.000000 41.000000 0.000000 0.000000 -1.000000 0.230469 0.769531
0 -3.900000 -18.000000 41.000000 0.000000 0.000000 -1.000000 0.230469 0.984375
details.bmp
0 -8.100000 -14.000000 41.000000 0.000000 0.000000 -1.000000 0.015625 0.769531
0 -3.900000 -18.000000 41.000000 0.000000 0.000000 -1.000000 0.230469 0.984375
0 -8.100000 -18.000000 41.000000 0.000000 0.000000 -1.000000 0.015625 0.984375
details.bmp
0 -8.100000 -18.000000 61.200000 0.000000 -1.000000 0.000000 0.015625 0.769531
0 -3.900000 -18.000000 61.200000 0.000000 -1.000000 0.000000 0.230469 0.769531
0 -3.900000 -18.000000 63.000000 0.000000 -1.000000 0.000000 0.230469 0.984375
details.bmp
0 -8.100000 -18.000000 61.200000 0.000000 -1.000000 0.000000 0.015625 0.769531
0 -3.900000 -18.000000 63.000000 0.000000 -1.000000 0.000000 0.230469 0.984375
0 -8.100000 -18.000000 63.000000 0.000000 -1.000000 0.000000 0.015625 0.984375
details.bmp
0 -3.900000 -14.000000 61.200000 0.000000 1.000000 0.000000 0.015625 0.769531
0 -8.100000 -14.000000 61.200000 0.000000 1.000000 0.000000 0.230469 0.769531
0 -8.100000 -14.000000 63.000000 0.000000 1.000000 0.000000 0.230469 0.984375
details.bmp
0 -3.900000 -14.000000 61.200000 0.000000 1.000000 -0.000000 0.015625 0.769531
0 -8.100000 -14.000000 63.000000 0.000000 1.000000 -0.000000 0.230469 0.984375
0 -3.900000 -14.000000 63.000000 0.000000 1.000000 -0.000000 0.015625 0.984375
details.bmp
0 -8.100000 -14.000000 61.200000 -1.000000 0.000000 0.000000 0.015625 0.769531
0 -8.100000 -18.000000 61.200000 -1.000000 0.000000 0.000000 0.230469 0.769531
0 -8.100000 -18.000000 63.000000 -1.000000 0.000000 0.000000 0.230469 0.984375
details.bmp
0 -8.100000 -14.000000 61.200000 -1.000000 0.000000 0.000000 0.015625 0.769531
0 -8.100000 -18.000000 63.000000 -1.000000 0.000000 0.000000 0.230469 0.984375
0 -8.100000 -14.000000 63.000000 -1.000000 0.000000 0.000000 0.015625 0.984375
details.bmp
0 -3.900000 -18.000000 61.200000 1.000000 0.000000 0.000000 0.015625 0.769531
0 -3.900000 -14.000000 61.200000 1.000000 0.000000 0.000000 0.230469 0.769531
0 -3.900000 -14.000000 63.000000 1.000000 0.000000 0.000000 0.230469 0.984375
details.bmp
0 -3.900000 -18.000000 61.200000 1.000000 0.000000 0.000000 0.015625 0.769531
0 -3.900000 -14.000000 63.000000 1.000000 0.000000 0.000000 0.230469 0.984375
0 -3.900000 -18.000000 63.000000 1.000000 0.000000 0.000000 0.015625 0.984375
details.bmp
0 -8.100000 -18.000000 63.000000 0.000000 0.000000 1.000000 0.015625 0.769531
0 -3.900000 -18.000000 63.000000 0.000000 0.000000 1.000000 0.230469 0.769531
0 -3.900000 -14.000000 63.000000 0.000000 0.000000 1.000000 0.230469 0.984375
details.bmp
0 -8.100000 -18.000000 63.000000 0.000000 0.000000 1.000000 0.015625 0.769531
0 -3.900000 -14.000000 63.000000 0.000000 0.000000 1.000000 0.230469 0.984375
0 -8.100000 -14.000000 63.000000 0.000000 0.000000 1.000000 0.015625 0.984375
details.bmp
0 -8.100000 -14.000000 61.200000 0.000000 0.000000 -1.000000 0.015625 0.769531
0 -3.900000 -14.000000 61.200000 0.000000 0.000000 -1.000000 0.230469 0.769531
0 -3.900000 -18.000000 61.200000 0.000000 0.000000 -1.000000 0.230469 0.984375
details.bmp
0 -8.100000 -14.000000 61.200000 0.000000 0.000000 -1.000000 0.015625 0.769531
0 -3.900000 -18.000000 61.200000 0.000000 0.000000 -1.000000 0.230469 0.984375
0 -8.100000 -18.000000 61.200000 0.000000 0.000000 -1.000000 0.015625 0.984375
details.bmp
0 1.800000 -15.800000 42.000000 0.923880 0.382683 0.000000 0.207031 0.023438
0 1.272792 -14.527208 42.000000 0.923880 0.382683 0.000000 0.214844 0.023438
0 1.272792 -14.527208 61.500000 0.923880 0.382683 0.000000 0.214844 0.230469
details.bmp
0 1.800000 -15.800000 42.000000 0.923880 0.382683 -0.000000 0.207031 0.023438
0 1.272792 -14.527208 61.500000 0.923880 0.382683 -0.000000 0.214844 0.230469
0 1.800000 -15.800000 61.500000 0.923880 0.382683 -0.000000 0.207031 0.230469
details.bmp
0 1.272792 -14.527208 42.000000 0.382683 0.923880 0.000000 0.214844 0.023438
0 0.000000 -14.000000 42.000000 0.382683 0.923880 0.000000 0.222656 0.023438
0 0.000000 -14.000000 61.500000 0.382683 0.923880 0.000000 0.222656 0.230469
details.bmp
0 1.272792 -14.527208 42.000000 0.382683 0.923880 -0.000000 0.214844 0.023438
0 0.000000 -14.000000 61.500000 0.382683 0.923880 -0.000000 0.222656 0.230469
0 1.272792 -14.527208 61.500000 0.382683 0.923880 -0.000000 0.214844 0.230469
details.bmp
0 0.000000 -14.000000 42.000000 -0.382683 0.923880 0.000000 0.222656 0.023438
0 -1.272792 -14.527208 42.000000 -0.382683 0.923880 0.000000 0.230469 0.023438
0 -1.272792 -14.527208 61.500000 -0.382683 0.923880 0.000000 0.230469 0.230469
details.bmp
0 0.000000 -14.000000 42.000000 -0.382683 0.923880 0.000000 0.222656 0.023438
0 -1.272792 -14.527208 61.500000 -0.382683 0.923880 0.000000 0.230469 0.230469
0 0.000000 -14.000000 61.500000 -0.382683 0.923880 0.000000 0.222656 0.230469
details.bmp
0 -1.272792 -14.527208 42.000000 -0.923880 0.382683 0.000000 0.230469 0.023438
0 -1.800000 -15.800000 42.000000 -0.923880 0.382683 0.000000 0.238281 0.023438
0 -1.800000 -15.800000 61.500000 -0.923880 0.382683 0.000000 0.238281 0.230469
details.bmp
0 -1.272792 -14.527208 42.000000 -0.923880 0.382683 0.000000 0.230469 0.023438
0 -1.800000 -15.800000 61.500000 -0.923880 0.382683 0.000000 0.238281 0.230469
0 -1.272792 -14.527208 61.500000 -0.923880 0.382683 0.000000 0.230469 0.230469
details.bmp
0 -1.800000 -15.800000 42.000000 -0.923880 -0.382683 0.000000 0.238281 0.023438
0 -1.272792 -17.072792 42.000000 -0.923880 -0.382683 0.000000 0.246094 0.023438
0 -1.272792 -17.072792 61.500000 -0.923880 -0.382683 0.000000 0.246094 0.230469
details.bmp
0 -1.800000 -15.800000 42.000000 -0.923880 -0.382683 0.000000 0.238281 0.023438
0 -1.272792 -17.072792 61.500000 -0.923880 -0.382683 0.000000 0.246094 0.230469
0 -1.800000 -15.800000 61.500000 -0.923880 -0.382683 0.000000 0.238281 0.230469
details.bmp
0 -1.272792 -17.072792 42.000000 -0.382683 -0.923880 0.000000 0.246094 0.023438
0 -0.000000 -17.600000 42.000000 -0.382683 -0.923880 0.000000 0.253906 0.023438
0 -0.000000 -17.600000 61.500000 -0.382683 -0.923880 0.000000 0.253906 0.230469
details.bmp
0 -1.272792 -17.072792 42.000000 -0.382683 -0.923880 0.000000 0.246094 0.023438
0 -0.000000 -17.600000 61.500000 -0.382683 -0.923880 0.000000 0.253906 0.230469
0 -1.272792 -17.072792 61.500000 -0.382683 -0.923880 0.000000 0.246094 0.230469
details.bmp
0 -0.000000 -17.600000 42.000000 0.382683 -0.923880 0.000000 0.253906 0.023438
0 1.272792 -17.072792 42.000000 0.382683 -0.923880 0.000000 0.261719 0.023438
0 1.272792 -17.072792 61.500000 0.382683 -0.923880 0.000000 0.261719 0.230469
details.bmp
0 -0.000000 -17.600000 42.000000 0.382683 -0.923880 0.000000 0.253906 0.023438
0 1.272792 -17.072792 61.500000 0.382683 -0.923880 0.000000 0.261719 0.230469
0 -0.000000 -17.600000 61.500000 0.382683 -0.923880 0.000000 0.253906 0.230469
details.bmp
0 1.272792 -17.072792 42.000000 0.923880 -0.382683 0.000000 0.261719 0.023438
0 1.800000 -15.800000 42.000000 0.923880 -0.382683 0.000000 0.269531 0.023438
0 1.800000 -15.800000 61.500000 0.923880 -0.382683 0.000000 0.269531 0.230469
details.bmp
0 1.272792 -17.072792 42.000000 0.923880 -0.382683 0.000000 0.261719 0.023438
0 1.800000 -15.800000 61.500000 0.923880 -0.382683 0.000000 0.269531 0.230469
0 1.272792 -17.072792 61.500000 0.923880 -0.382683 0.000000 0.261719 0.230469
details.bmp
0 0.000000 -15.800000 61.500000 0.000000 0.000000 1.000000 0.015625 0.769531
0 1.800000 -15.800000 61.500000 0.000000 0.000000 1.000000 0.230469 0.769531
0 1.272792 -14.527208 61.500000 0.000000 0.000000 1.000000 0.230469 0.984375
details.bmp
0 0.000000 -15.800000 61.500000 0.000000 0.000000 1.000000 0.015625 0.769531
0 1.272792 -14.527208 61.500000 0.000000 0.000000 1.000000 0.230469 0.769531
0 0.000000 -14.000000 61.500000 0.000000 0.000000 1.000000 0.230469 0.984375
details.bmp
0 0.000000 -15.800000 61.500000 0.000000 -0.000000 1.000000 0.015625 0.769531
0 0.000000 -14.000000 61.500000 0.000000 -0.000000 1.000000 0.230469 0.769531
0 -1.272792 -14.527208 61.500000 0.000000 -0.000000 1.000000 0.230469 0.984375
details.bmp
0 0.000000 -15.800000 61.500000 0.000000 0.000000 1.000000 0.015625 0.769531
0 -1.272792 -14.527208 61.500000 0.000000 0.000000 1.000000 0.230469 0.769531
0 -1.800000 -15.800000 61.500000 0.000000 0.000000 1.000000 0.230469 0.984375
details.bmp
0 0.000000 -15.800000 61.500000 0.000000 0.000000 1.000000 0.015625 0.769531
0 -1.800000 -15.800000 61.500000 0.000000 0.000000 1.000000 0.230469 0.769531
0 -1.272792 -17.072792 61.500000 0.000000 0.000000 1.000000 0.230469 0.984375
details.bmp
0 0.000000 -15.800000 61.500000 0.000000 0.000000 1.000000 0.015625 0.769531
0 -1.272792 -17.072792 61.500000 0.000000 0.000000 1.000000 0.230469 0.769531
0 -0.000000 -17.600000 61.500000 0.000000 0.000000 1.000000 0.230469 0.984375
details.bmp
0 0.000000 -15.800000 61.500000 0.000000 0.000000 1.000000 0.015625 0.769531
0 -0.000000 -17.600000 61.500000 0.000000 0.000000 1.000000 0.230469 0.769531
0 1.272792 -17.072792 61.500000 0.000000 0.000000 1.000000 0.230469 0.984375
details.bmp
0 0.000000 -15.800000 61.500000 -0.000000 0.000000 1.000000 0.015625 0.769531
0 1.272792 -17.072792 61.500000 -0.000000 0.000000 1.000000 0.230469 0.769531
0 1.800000 -15.800000 61.500000 -0.000000 0.000000 1.000000 0.230469 0.984375
details.bmp
0 -2.100000 -18.000000 41.000000 0.000000 -1.000000 0.000000 0.015625 0.769531
0 2.100000 -18.000000 41.000000 0.000000 -1.000000 0.000000 0.230469 0.769531
0 2.100000 -18.000000 42.400000 0.000000 -1.000000 0.000000 0.230469 0.984375
details.bmp
0 -2.100000 -18.000000 41.000000 0.000000 -1.000000 0.000000 0.015625 0.769531
0 2.100000 -18.000000 42.400000 0.000000 -1.000000 0.000000 0.230469 0.984375
0 -2.100000 -18.000000 42.400000 0.000000 -1.000000 0.000000 0.015625 0.984375
details.bmp
0 2.100000 -14.000000 41.000000 0.000000 1.000000 0.000000 0.015625 0.769531
0 -2.100000 -14.000000 41.000000 0.000000 1.000000 0.000000 0.230469 0.769531
0 -2.100000 -14.000000 42.400000 0.000000 1.000000 0.000000 0.230469 0.984375
details.bmp
0 2.100000 -14.000000 41.000000 0.000000 1.000000 -0.000000 0.015625 0.769531
0 -2.100000 -14.000000 42.400000 0.000000 1.000000 -0.000000 0.230469 0.984375
0 2.100000 -14.000000 42.400000 0.000000 1.000000 -0.000000 0.015625 0.984375
details.bmp
0 -2.100000 -14.000000 41.000000 -1.000000 0.000000 0.000000 0.015625 0.769531
0 -2.100000 -18.000000 41.000000 -1.000000 0.000000 0.000000 0.230469 0.769531
0 -2.100000 -18.000000 42.400000 -1.000000 0.000000 0.000000 0.230469 0.984375
details.bmp
0 -2.100000 -14.000000 41.000000 -1.000000 0.000000 0.000000 0.015625 0.769531
0 -2.100000 -18.000000 42.400000 -1.000000 0.000000 0.000000 0.230469 0.984375
0 -2.100000 -14.000000 42.400000 -1.000000 0.000000 0.000000 0.015625 0.984375
details.bmp
0 2.100000 -18.000000 41.000000 1.000000 0.000000 0.000000 0.015625 0.769531
0 2.100000 -14.000000 41.000000 1.000000 0.000000 0.000000 0.230469 0.769531
0 2.100000 -14.000000 42.400000 1.000000 0.000000 0.000000 0.230469 0.984375
details.bmp
0 2.100000 -18.000000 41.000000 1.000000 0.000000 0.000000 0.015625 0.769531
0 2.100000 -14.000000 42.400000 1.000000 0.000000 0.000000 0.230469 0.984375
0 2.100000 -18.000000 42.400000 1.000000 0.000000 0.000000 0.015625 0.984375
details.bmp
0 -2.100000 -18.000000 42.400000 0.000000 0.000000 1.000000 0.015625 0.769531
0 2.100000 -18.000000 42.400000 0.000000 0.000000 1.000000 0.230469 0.769531
0 2.100000 -14.000000 42.400000 0.000000 0.000000 1.000000 0.230469 0.984375
details.bmp
0 -2.100000 -18.000000 42.400000 0.000000 0.000000 1.000000 0.015625 0.769531
0 2.100000 -14.000000 42.400000 0.000000 0.000000 1.000000 0.230469 0.984375
0 -2.100000 -14.000000 42.400000 0.000000 0.000000 1.000000 0.015625 0.984375
details.bmp
0 -2.100000 -14.000000 41.000000 0.000000 0.000000 -1.000000 0.015625 0.769531
0 2.100000 -14.000000 41.000000 0.000000 0.000000 -1.000000 0.230469 0.769531
0 2.100000 -18.000000 41.000000 0.000000 0.000000 -1.000000 0.230469 0.984375
details.bmp
0 -2.100000 -14.000000 41.000000 0.000000 0.000000 -1.000000 0.015625 0.769531
0 2.100000 -18.000000 41.000000 0.000000 0.000000 -1.000000 0.230469 0.984375
0 -2.100000 -18.000000 41.000000 0.000000 0.000000 -1.000000 0.015625 0.984375
details.bmp
0 -2.100000 -18.000000 61.200000 0.000000 -1.000000 0.000000 0.015625 0.769531
0 2.100000 -18.000000 61.200000 0.000000 -1.000000 0.000000 0.230469 0.769531
0 2.100000 -18.000000 63.000000 0.000000 -1.000000 0.000000 0.230469 0.984375
details.bmp
0 -2.100000 -18.000000 61.200000 0.000000 -1.000000 0.000000 0.015625 0.769531
0 2.100000 -18.000000 63.000000 0.000000 -1.000000 0.000000 0.230469 0.984375
0 -2.100000 -18.000000 63.000000 0.000000 -1.000000 0.000000 0.015625 0.984375
details.bmp
0 2.100000 -14.000000 61.200000 0.000000 1.000000 0.000000 0.015625 0.769531
0 -2.100000 -14.000000 61.200000 0.000000 1.000000 0.000000 0.230469 0.769531
0 -2.100000 -14.000000 63.000000 0.000000 1.000000 0.000000 0.230469 0.984375
details.bmp
0 2.100000 -14.000000 61.200000 0.000000 1.000000 -0.000000 0.015625 0.769531
0 -2.100000 -14.000000 63.000000 0.000000 1.000000 -0.000000 0.230469 0.984375
0 2.100000 -14.000000 63.000000 0.000000 1.000000 -0.000000 0.015625 0.984375
details.bmp
0 -2.100000 -14.000000 61.200000 -1.000000 0.000000 0.000000 0.015625 0.769531
0 -2.100000 -18.000000 61.200000 -1.000000 0.000000 0.000000 0.230469 0.769531
0 -2.100000 -18.000000 63.000000 -1.000000 0.000000 0.000000 0.230469 0.984375
details.bmp
0 -2.100000 -14.000000 61.200000 -1.000000 0.000000 0.000000 0.015625 0.769531
0 -2.100000 -18.000000 63.000000 -1.000000 0.000000 0.000000 0.230469 0.984375
0 -2.100000 -14.000000 63.000000 -1.000000 0.000000 0.000000 0.015625 0.984375
details.bmp
0 2.100000 -18.000000 61.200000 1.000000 0.000000 0.000000 0.015625 0.769531
0 2.100000 -14.000000 61.200000 1.000000 0.000000 0.000000 0.230469 0.769531
0 2.100000 -14.000000 63.000000 1.000000 0.000000 0.000000 0.230469 0.984375
details.bmp
0 2.100000 -18.000000 61.200000 1.000000 0.000000 0.000000 0.015625 0.769531
0 2.100000 -14.000000 63.000000 1.000000 0.000000 0.000000 0.230469 0.984375
0 2.100000 -18.000000 63.000000 1.000000 0.000000 0.000000 0.015625 0.984375
details.bmp
0 -2.100000 -18.000000 63.000000 0.000000 0.000000 1.000000 0.015625 0.769531
0 2.100000 -18.000000 63.000000 0.000000 0.000000 1.000000 0.230469 0.769531
0 2.100000 -14.000000 63.000000 0.000000 0.000000 1.000000 0.230469 0.984375
details.bmp
0 -2.100000 -18.000000 63.000000 0.000000 0.000000 1.000000 0.015625 0.769531
0 2.100000 -14.000000 63.000000 0.000000 0.000000 1.000000 0.230469 0.984375
0 -2.100000 -14.000000 63.000000 0.000000 0.000000 1.000000 0.015625 0.984375
details.bmp
0 -2.100000 -14.000000 61.200000 0.000000 0.000000 -1.000000 0.015625 0.769531
0 2.100000 -14.000000 61.200000 0.000000 0.000000 -1.000000 0.230469 0.769531
0 2.100000 -18.000000 61.200000 0.000000 0.000000 -1.000000 0.230469 0.984375
details.bmp
0 -2.100000 -14.000000 61.200000 0.000000 0.000000 -1.000000 0.015625 0.769531
0 2.100000 -18.000000 61.200000 0.000000 0.000000 -1.000000 0.230469 0.984375
0 -2.100000 -18.000000 61.200000 0.000000 0.000000 -1.000000 0.015625 0.984375
details.bmp
0 7.800000 -15.800000 42.000000 0.923880 0.382683 0.000000 0.300781 0.023438
0 7.272792 -14.527208 42.000000 0.923880 0.382683 0.000000 0.308594 0.023438
0 7.272792 -14.527208 61.500000 0.923880 0.382683 0.000000 0.308594 0.230469
details.bmp
0 7.800000 -15.800000 42.000000 0.923880 0.382683 -0.000000 0.300781 0.023438
0 7.272792 -14.527208 61.500000 0.923880 0.382683 -0.000000 0.308594 0.230469
0 7.800000 -15.800000 61.500000 0.923880 0.382683 -0.000000 0.300781 0.230469
details.bmp
0 7.272792 -14.527208 42.000000 0.382683 0.923880 0.000000 0.308594 0.023438
0 6.000000 -14.000000 42.000000 0.382683 0.923880 0.000000 0.316406 0.023438
0 6.000000 -14.000000 61.500000 0.382683 0.923880 0.000000 0.316406 0.230469
details.bmp
0 7.272792 -14.527208 42.000000 0.382683 0.923880 -0.000000 0.308594 0.023438
0 6.000000 -14.000000 61.500000 0.382683 0.923880 -0.000000 0.316406 0.230469
0 7.272792 -14.527208 61.500000 0.382683 0.923880 -0.000000 0.308594 0.230469
details.bmp
0 6.000000 -14.000000 42.000000 -0.382683 0.923880 0.000000 0.316406 0.023438
0 4.727208 -14.527208 42.000000 -0.382683 0.923880 0.000000 0.324219 0.023438
0 4.727208 -14.527208 61.500000 -0.382683 0.923880 0.000000 0.324219 0.230469
details.bmp
0 6.000000 -14.000000 42.000000 -0.382683 0.923880 0.000000 0.316406 0.023438
0 4.727208 -14.527208 61.500000 -0.382683 0.923880 0.000000 0.324219 0.230469
0 6.000000 -14.000000 61.500000 -0.382683 0.923880 0.000000 0.316406 0.230469
details.bmp
0 4.727208 -14.527208 42.000000 -0.923880 0.382683 0.000000 0.324219 0.023438
0 4.200000 -15.800000 42.000000 -0.923880 0.382683 0.000000 0.332031 0.023438
0 4.200000 -15.800000 61.500000 -0.923880 0.382683 0.000000 0.332031 0.230469
details.bmp
0 4.727208 -14.527208 42.000000 -0.923880 0.382683 0.000000 0.324219 0.023438
0 4.200000 -15.800000 61.500000 -0.923880 0.382683 0.000000 0.332031 0.230469
0 4.727208 -14.527208 61.500000 -0.923880 0.382683 0.000000 0.324219 0.230469
details.bmp
0 4.200000 -15.800000 42.000000 -0.923880 -0.382683 0.000000 0.332031 0.023438
0 4.727208 -17.072792 42.000000 -0.923880 -0.382683 0.000000 0.339844 0.023438
0 4.727208 -17.072792 61.500000 -0.923880 -0.382683 0.000000 0.339844 0.230469
details.bmp
0 4.200000 -15.800000 42.000000 -0.923880 -0.382683 0.000000 0.332031 0.023438
0 4.727208 -17.072792 61.500000 -0.923880 -0.382683 0.000000 0.339844 0.230469
0 4.200000 -15.800000 61.500000 -0.923880 -0.382683 0.000000 0.332031 0.230469
details.bmp
0 4.727208 -17.072792 42.000000 -0.382683 -0.923880 0.000000 0.339844 0.023438
0 6.000000 -17.600000 42.000000 -0.382683 -0.923880 0.000000 0.347656 0.023438
0 6.000000 -17.600000 61.500000 -0.382683 -0.923880 0.000000 0.347656 0.230469
details.bmp
0 4.727208 -17.072792 42.000000 -0.382683 -0.923880 0.000000 0.339844 0.023438
0 6.000000 -17.600000 61.500000 -0.382683 -0.923880 0.000000 0.347656 0.230469
0 4.727208 -17.072792 61.500000 -0.382683 -0.923880 0.000000 0.339844 0.230469
details.bmp
0 6.000000 -17.600000 42.000000 0.382683 -0.923880 0.000000 0.347656 0.023438
0 7.272792 -17.072792 42.000000 0.382683 -0.923880 0.000000 0.355469 0.023438
0 7.272792 -17.072792 61.500000 0.382683 -0.923880 0.000000 0.355469 0.230469
details.bmp
0 6.000000 -17.600000 42.000000 0.382683 -0.923880 0.000000 0.347656 0.023438
0 7.272792 -17.072792 61.500000 0.382683 -0.923880 0.000000 0.355469 0.230469
0 6.000000 -17.600000 61.500000 0.382683 -0.923880 0.000000 0.347656 0.230469
details.bmp
0 7.272792 -17.072792 42.000000 0.923880 -0.382683 0.000000 0.355469 0.023438
0 7.800000 -15.800000 42.000000 0.923880 -0.382683 0.000000 0.363281 0.023438
0 7.800000 -15.800000 61.500000 0.923880 -0.382683 0.000000 0.363281 0.230469
details.bmp
0 7.272792 -17.072792 42.000000 0.923880 -0.382683 0.000000 0.355469 0.023438
0 7.800000 -15.800000 61.500000 0.923880 -0.382683 0.000000 0.363281 0.230469
0 7.272792 -17.072792 61.500000 0.923880 -0.382683 0.000000 0.355469 0.230469
details.bmp
0 6.000000 -15.800000 61.500000 0.000000 0.000000 1.000000 0.015625 0.769531
0 7.800000 -15.800000 61.500000 0.000000 0.000000 1.000000 0.230469 0.769531
0 7.272792 -14.527208 61.500000 0.000000 0.000000 1.000000 0.230469 0.984375
details.bmp
0 6.000000 -15.800000 61.500000 0.000000 0.000000 1.000000 0.015625 0.769531
0 7.272792 -14.527208 61.500000 0.000000 0.000000 1.000000 0.230469 0.769531
0 6.000000 -14.000000 61.500000 0.000000 0.000000 1.000000 0.230469 0.984375
details.bmp
0 6.000000 -15.800000 61.500000 0.000000 -0.000000 1.000000 0.015625 0.769531
0 6.000000 -14.000000 61.500000 0.000000 -0.000000 1.000000 0.230469 0.769531
0 4.727208 -14.527208 61.500000 0.000000 -0.000000 1.000000 0.230469 0.984375
details.bmp
0 6.000000 -15.800000 61.500000 0.000000 0.000000 1.000000 0.015625 0.769531
0 4.727208 -14.527208 61.500000 0.000000 0.000000 1.000000 0.230469 0.769531
0 4.200000 -15.800000 61.500000 0.000000 0.000000 1.000000 0.230469 0.984375
details.bmp
0 6.000000 -15.800000 61.500000 0.000000 0.000000 1.000000 0.015625 0.769531
0 4.200000 -15.800000 61.500000 0.000000 0.000000 1.000000 0.230469 0.769531
0 4.727208 -17.072792 61.500000 0.000000 0.000000 1.000000 0.230469 0.984375
details.bmp
0 6.000000 -15.800000 61.500000 0.000000 0.000000 1.000000 0.015625 0.769531
0 4.727208 -17.072792 61.500000 0.000000 0.000000 1.000000 0.230469 0.769531
0 6.000000 -17.600000 61.500000 0.000000 0.000000 1.000000 0.230469 0.984375
details.bmp
0 6.000000 -15.800000 61.500000 0.000000 0.000000 1.000000 0.015625 0.769531
0 6.000000 -17.600000 61.500000 0.000000 0.000000 1.000000 0.230469 0.769531
0 7.272792 -17.072792 61.500000 0.000000 0.000000 1.000000 0.230469 0.984375
details.bmp
0 6.000000 -15.800000 61.500000 -0.000000 0.000000 1.000000 0.015625 0.769531
0 7.272792 -17.072792 61.500000 -0.000000 0.000000 1.000000 0.230469 0.769531
0 7.800000 -15.800000 61.500000 -0.000000 0.000000 1.000000 0.230469 0.984375
details.bmp
0 3.900000 -18.000000 41.000000 0.000000 -1.000000 0.000000 0.015625 0.769531
0 8.100000 -18.000000 41.000000 0.000000 -1.000000 0.000000 0.230469 0.769531
0 8.100000 -18.000000 42.400000 0.000000 -1.000000 0.000000 0.230469 0.984375
details.bmp
0 3.900000 -18.000000 41.000000 0.000000 -1.000000 0.000000 0.015625 0.769531
0 8.100000 -18.000000 42.400000 0.000000 -1.000000 0.000000 0.230469 0.984375
0 3.900000 -18.000000 42.400000 0.000000 -1.000000 0.000000 0.015625 0.984375
details.bmp
0 8.100000 -14.000000 41.000000 0.000000 1.000000 0.000000 0.015625 0.769531
0 3.900000 -14.000000 41.000000 0.000000 1.000000 0.000000 0.230469 0.769531
0 3.900000 -14.000000 42.400000 0.000000 1.000000 0.000000 0.230469 0.984375
details.bmp
0 8.100000 -14.000000 41.000000 0.000000 1.000000 -0.000000 0.015625 0.769531
0 3.900000 -14.000000 42.400000 0.000000 1.000000 -0.000000 0.230469 0.984375
0 8.100000 -14.000000 42.400000 0.000000 1.000000 -0.000000 0.015625 0.984375
details.bmp
0 3.900000 -14.000000 41.000000 -1.000000 0.000000 0.000000 0.015625 0.769531
0 3.900000 -18.000000 41.000000 -1.000000 0.000000 0.000000 0.230469 0.769531
0 3.900000 -18.000000 42.400000 -1.000000 0.000000 0.000000 0.230469 0.984375
details.bmp
0 3.900000 -14.000000 41.000000 -1.000000 0.000000 0.000000 0.015625 0.769531
0 3.900000 -18.000000 42.400000 -1.000000 0.000000 0.000000 0.230469 0.984375
0 3.900000 -14.000000 42.400000 -1.000000 0.000000 0.000000 0.015625 0.984375
details.bmp
0 8.100000 -18.000000 41.000000 1.000000 0.000000 0.000000 0.015625 0.769531
0 8.100000 -14.000000 41.000000 1.000000 0.000000 0.000000 0.230469 0.769531
0 8.100000 -14.000000 42.400000 1.000000 0.000000 0.000000 0.230469 0.984375
details.bmp
0 8.100000 -18.000000 41.000000 1.000000 0.000000 0.000000 0.015625 0.769531
0 8.100000 -14.000000 42.400000 1.000000 0.000000 0.000000 0.230469 0.984375
0 8.100000 -18.000000 42.400000 1.000000 0.000000 0.000000 0.015625 0.984375
details.bmp
0 3.900000 -18.000000 42.400000 0.000000 0.000000 1.000000 0.015625 0.769531
0 8.100000 -18.000000 42.400000 0.000000 0.000000 1.000000 0.230469 0.769531
0 8.100000 -14.000000 42.400000 0.000000 0.000000 1.000000 0.230469 0.984375
details.bmp
0 3.900000 -18.000000 42.400000 0.000000 0.000000 1.000000 0.015625 0.769531
0 8.100000 -14.000000 42.400000 0.000000 0.000000 1.000000 0.230469 0.984375
0 3.900000 -14.000000 42.400000 0.000000 0.000000 1.000000 0.015625 0.984375
details.bmp
0 3.900000 -14.000000 41.000000 0.000000 0.000000 -1.000000 0.015625 0.769531
0 8.100000 -14.000000 41.000000 0.000000 0.000000 -1.000000 0.230469 0.769531
0 8.100000 -18.000000 41.000000 0.000000 0.000000 -1.000000 0.230469 0.984375
details.bmp
0 3.900000 -14.000000 41.000000 0.000000 0.000000 -1.000000 0.015625 0.769531
0 8.100000 -18.000000 41.000000 0.000000 0.000000 -1.000000 0.230469 0.984375
0 3.900000 -18.000000 41.000000 0.000000 0.000000 -1.000000 0.015625 0.984375
details.bmp
0 3.900000 -18.000000 61.200000 0.000000 -1.000000 0.000000 0.015625 0.769531
0 8.100000 -18.000000 61.200000 0.000000 -1.000000 0.000000 0.230469 0.769531
0 8.100000 -18.000000 63.000000 0.000000 -1.000000 0.000000 0.230469 0.984375
details.bmp
0 3.900000 -18.000000 61.200000 0.000000 -1.000000 0.000000 0.015625 0.769531
0 8.100000 -18.000000 63.000000 0.000000 -1.000000 0.000000 0.230469 0.984375
0 3.900000 -18.000000 63.000000 0.000000 -1.000000 0.000000 0.015625 0.984375
details.bmp
0 8.100000 -14.000000 61.200000 0.000000 1.000000 0.000000 0.015625 0.769531
0 3.900000 -14.000000 61.200000 0.000000 1.000000 0.000000 0.230469 0.769531
0 3.900000 -14.000000 63.000000 0.000000 1.000000 0.000000 0.230469 0.984375
details.bmp
0 8.100000 -14.000000 61.200000 0.000000 1.000000 -0.000000 0.015625 0.769531
0 3.900000 -14.000000 63.000000 0.000000 1.000000 -0.000000 0.230469 0.984375
0 8.100000 -14.000000 63.000000 0.000000 1.000000 -0.000000 0.015625 0.984375
details.bmp
0 3.900000 -14.000000 61.200000 -1.000000 0.000000 0.000000 0.015625 0.769531
0 3.900000 -18.000000 61.200000 -1.000000 0.000000 0.000000 0.230469 0.769531
0 3.900000 -18.000000 63.000000 -1.000000 0.000000 0.000000 0.230469 0.984375
details.bmp
0 3.900000 -14.000000 61.200000 -1.000000 0.000000 0.000000 0.015625 0.769531
0 3.900000 -18.000000 63.000000 -1.000000 0.000000 0.000000 0.230469 0.984375
0 3.900000 -14.000000 63.000000 -1.000000 0.000000 0.000000 0.015625 0.984375
details.bmp
0 8.100000 -18.000000 61.200000 1.000000 0.000000 0.000000 0.015625 0.769531
0 8.100000 -14.000000 61.200000 1.000000 0.000000 0.000000 0.230469 0.769531
0 8.100000 -14.000000 63.000000 1.000000 0.000000 0.000000 0.230469 0.984375
details.bmp
0 8.100000 -18.000000 61.200000 1.000000 0.000000 0.000000 0.015625 0.769531
0 8.100000 -14.000000 63.000000 1.000000 0.000000 0.000000 0.230469 0.984375
0 8.100000 -18.000000 63.000000 1.000000 0.000000 0.000000 0.015625 0.984375
details.bmp
0 3.900000 -18.000000 63.000000 0.000000 0.000000 1.000000 0.015625 0.769531
0 8.100000 -18.000000 63.000000 0.000000 0.000000 1.000000 0.230469 0.769531
0 8.100000 -14.000000 63.000000 0.000000 0.000000 1.000000 0.230469 0.984375
details.bmp
0 3.900000 -18.000000 63.000000 0.000000 0.000000 1.000000 0.015625 0.769531
0 8.100000 -14.000000 63.000000 0.000000 0.000000 1.000000 0.230469 0.984375
0 3.900000 -14.000000 63.000000 0.000000 0.000000 1.000000 0.015625 0.984375
details.bmp
0 3.900000 -14.000000 61.200000 0.000000 0.000000 -1.000000 0.015625 0.769531
0 8.100000 -14.000000 61.200000 0.000000 0.000000 -1.000000 0.230469 0.769531
0 8.100000 -18.000000 61.200000 0.000000 0.000000 -1.000000 0.230469 0.984375
details.bmp
0 3.900000 -14.000000 61.200000 0.000000 0.000000 -1.000000 0.015625 0.769531
0 8.100000 -18.000000 61.200000 0.000000 0.000000 -1.000000 0.230469 0.984375
0 3.900000 -18.000000 61.200000 0.000000 0.000000 -1.000000 0.015625 0.984375
details.bmp
0 13.800000 -15.800000 42.000000 0.923880 0.382683 0.000000 0.394531 0.023438
0 13.272792 -14.527208 42.000000 0.923880 0.382683 0.000000 0.402344 0.023438
0 13.272792 -14.527208 61.500000 0.923880 0.382683 0.000000 0.402344 0.230469
details.bmp
0 13.800000 -15.800000 42.000000 0.923880 0.382683 -0.000000 0.394531 0.023438
0 13.272792 -14.527208 61.500000 0.923880 0.382683 -0.000000 0.402344 0.230469
0 13.800000 -15.800000 61.500000 0.923880 0.382683 -0.000000 0.394531 0.230469
details.bmp
0 13.272792 -14.527208 42.000000 0.382683 0.923880 0.000000 0.402344 0.023438
0 12.000000 -14.000000 42.000000 0.382683 0.923880 0.000000 0.410156 0.023438
0 12.000000 -14.000000 61.500000 0.382683 0.923880 0.000000 0.410156 0.230469
details.bmp
0 13.272792 -14.527208 42.000000 0.382683 0.923880 -0.000000 0.402344 0.023438
0 12.000000 -14.000000 61.500000 0.382683 0.923880 -0.000000 0.410156 0.230469
0 13.272792 -14.527208 61.500000 0.382683 0.923880 -0.000000 0.402344 0.230469
details.bmp
0 12.000000 -14.000000 42.000000 -0.382683 0.923880 0.000000 0.410156 0.023438
0 10.727208 -14.527208 42.000000 -0.382683 0.923880 0.000000 0.417969 0.023438
0 10.727208 -14.527208 61.500000 -0.382683 0.923880 0.000000 0.417969 0.230469
details.bmp
0 12.000000 -14.000000 42.000000 -0.382683 0.923880 0.000000 0.410156 0.023438
0 10.727208 -14.527208 61.500000 -0.382683 0.923880 0.000000 0.417969 0.230469
0 12.000000 -14.000000 61.500000 -0.382683 0.923880 0.000000 0.410156 0.230469
details.bmp
0 10.727208 -14.527208 42.000000 -0.923880 0.382683 0.000000 0.417969 0.023438
0 10.200000 -15.800000 42.000000 -0.923880 0.382683 0.000000 0.425781 0.023438
0 10.200000 -15.800000 61.500000 -0.923880 0.382683 0.000000 0.425781 0.230469
details.bmp
0 10.727208 -14.527208 42.000000 -0.923880 0.382683 0.000000 0.417969 0.023438
0 10.200000 -15.800000 61.500000 -0.923880 0.382683 0.000000 0.425781 0.230469
0 10.727208 -14.527208 61.500000 -0.923880 0.382683 0.000000 0.417969 0.230469
details.bmp
0 10.200000 -15.800000 42.000000 -0.923880 -0.382683 0.000000 0.425781 0.023438
0 10.727208 -17.072792 42.000000 -0.923880 -0.382683 0.000000 0.433594 0.023438
0 10.727208 -17.072792 61.500000 -0.923880 -0.382683 0.000000 0.433594 0.230469
details.bmp
0 10.200000 -15.800000 42.000000 -0.923880 -0.382683 0.000000 0.425781 0.023438
0 10.727208 -17.072792 61.500000 -0.923880 -0.382683 0.000000 0.433594 0.230469
0 10.200000 -15.800000 61.500000 -0.923880 -0.382683 0.000000 0.425781 0.230469
details.bmp
0 10.727208 -17.072792 42.000000 -0.382683 -0.923880 0.000000 0.433594 0.023438
0 12.000000 -17.600000 42.000000 -0.382683 -0.923880 0.000000 0.441406 0.023438
0 12.000000 -17.600000 61.500000 -0.382683 -0.923880 0.000000 0.441406 0.230469
details.bmp
0 10.727208 -17.072792 42.000000 -0.382683 -0.923880 0.000000 0.433594 0.023438
0 12.000000 -17.600000 61.500000 -0.382683 -0.923880 0.000000 0.441406 0.230469
0 10.727208 -17.072792 61.500000 -0.382683 -0.923880 0.000000 0.433594 0.230469
details.bmp
0 12.000000 -17.600000 42.000000 0.382683 -0.923880 0.000000 0.441406 0.023438
0 13.272792 -17.072792 42.000000 0.382683 -0.923880 0.000000 0.449219 0.023438
0 13.272792 -17.072792 61.500000 0.382683 -0.923880 0.000000 0.449219 0.230469
details.bmp
0 12.000000 -17.600000 42.000000 0.382683 -0.923880 0.000000 0.441406 0.023438
0 13.272792 -17.072792 61.500000 0.382683 -0.923880 0.000000 0.449219 0.230469
0 12.000000 -17.600000 61.500000 0.382683 -0.923880 0.000000 0.441406 0.230469
details.bmp
0 13.272792 -17.072792 42.000000 0.923880 -0.382683 0.000000 0.449219 0.023438
0 13.800000 -15.800000 42.000000 0.923880 -0.382683 0.000000 0.457031 0.023438
0 13.800000 -15.800000 61.500000 0.923880 -0.382683 0.000000 0.457031 0.230469
details.bmp
0 13.272792 -17.072792 42.000000 0.923880 -0.382683 0.000000 0.449219 0.023438
0 13.800000 -15.800000 61.500000 0.923880 -0.382683 0.000000 0.457031 0.230469
0 13.272792 -17.072792 61.500000 0.923880 -0.382683 0.000000 0.449219 0.230469
details.bmp
0 12.000000 -15.800000 61.500000 0.000000 0.000000 1.000000 0.015625 0.769531
0 13.800000 -15.800000 61.500000 0.000000 0.000000 1.000000 0.230469 0.769531
0 13.272792 -14.527208 61.500000 0.000000 0.000000 1.000000 0.230469 0.984375
details.bmp
0 12.000000 -15.800000 61.500000 0.000000 0.000000 1.000000 0.015625 0.769531
0 13.272792 -14.527208 61.500000 0.000000 0.000000 1.000000 0.230469 0.769531
0 12.000000 -14.000000 61.500000 0.000000 0.000000 1.000000 0.230469 0.984375
details.bmp
0 12.000000 -15.800000 61.500000 0.000000 -0.000000 1.000000 0.015625 0.769531
0 12.000000 -14.000000 61.500000 0.000000 -0.000000 1.000000 0.230469 0.769531
0 10.727208 -14.527208 61.500000 0.000000 -0.000000 1.000000 0.230469 0.984375
details.bmp
0 12.000000 -15.800000 61.500000 0.000000 0.000000 1.000000 0.015625 0.769531
0 10.727208 -14.527208 61.500000 0.000000 0.000000 1.000000 0.230469 0.769531
0 10.200000 -15.800000 61.500000 0.000000 0.000000 1.000000 0.230469 0.984375
details.bmp
0 12.000000 -15.800000 61.500000 0.000000 0.000000 1.000000 0.015625 0.769531
0 10.200000 -15.800000 61.500000 0.000000 0.000000 1.000000 0.230469 0.769531
0 10.727208 -17.072792 61.500000 0.000000 0.000000 1.000000 0.230469 0.984375
details.bmp
0 12.000000 -15.800000 61.500000 0.000000 0.000000 1.000000 0.015625 0.769531
0 10.727208 -17.072792 61.500000 0.000000 0.000000 1.000000 0.230469 0.769531
0 12.000000 -17.600000 61.500000 0.000000 0.000000 1.000000 0.230469 0.984375
details.bmp
0 12.000000 -15.800000 61.500000 0.000000 0.000000 1.000000 0.015625 0.769531
0 12.000000 -17.600000 61.500000 0.000000 0.000000 1.000000 0.230469 0.769531
0 13.272792 -17.072792 61.500000 0.000000 0.000000 1.000000 0.230469 0.984375
details.bmp
0 12.000000 -15.800000 61.500000 -0.000000 0.000000 1.000000 0.015625 0.769531
0 13.272792 -17.072792 61.500000 -0.000000 0.000000 1.000000 0.230469 0.769531
0 13.800000 -15.800000 61.500000 -0.000000 0.000000 1.000000 0.230469 0.984375
details.bmp
0 9.900000 -18.000000 41.000000 0.000000 -1.000000 0.000000 0.015625 0.769531
0 14.100000 -18.000000 41.000000 0.000000 -1.000000 0.000000 0.230469 0.769531
0 14.100000 -18.000000 42.400000 0.000000 -1.000000 0.000000 0.230469 0.984375
details.bmp
0 9.900000 -18.000000 41.000000 0.000000 -1.000000 0.000000 0.015625 0.769531
0 14.100000 -18.000000 42.400000 0.000000 -1.000000 0.000000 0.230469 0.984375
0 9.900000 -18.000000 42.400000 0.000000 -1.000000 0.000000 0.015625 0.984375
details.bmp
0 14.100000 -14.000000 41.000000 0.000000 1.000000 0.000000 0.015625 0.769531
0 9.900000 -14.000000 41.000000 0.000000 1.000000 0.000000 0.230469 0.769531
0 9.900000 -14.000000 42.400000 0.000000 1.000000 0.000000 0.230469 0.984375
details.bmp
0 14.100000 -14.000000 41.000000 0.000000 1.000000 -0.000000 0.015625 0.769531
0 9.900000 -14.000000 42.400000 0.000000 1.000000 -0.000000 0.230469 0.984375
0 14.100000 -14.000000 42.400000 0.000000 1.000000 -0.000000 0.015625 0.984375
details.bmp
0 9.900000 -14.000000 41.000000 -1.000000 0.000000 0.000000 0.015625 0.769531
0 9.900000 -18.000000 41.000000 -1.000000 0.000000 0.000000 0.230469 0.769531
0 9.900000 -18.000000 42.400000 -1.000000 0.000000 0.000000 0.230469 0.984375
details.bmp
0 9.900000 -14.000000 41.000000 -1.000000 0.000000 0.000000 0.015625 0.769531
0 9.900000 -18.000000 42.400000 -1.000000 0.000000 0.000000 0.230469 0.984375
0 9.900000 -14.000000 42.400000 -1.000000 0.000000 0.000000 0.015625 0.984375
details.bmp
0 14.100000 -18.000000 41.000000 1.000000 0.000000 0.000000 0.015625 0.769531
0 14.100000 -14.000000 41.000000 1.000000 0.000000 0.000000 0.230469 0.769531
0 14.100000 -14.000000 42.400000 1.000000 0.000000 0.000000 0.230469 0.984375
details.bmp
0 14.100000 -18.000000 41.000000 1.000000 0.000000 0.000000 0.015625 0.769531
0 14.100000 -14.000000 42.400000 1.000000 0.000000 0.000000 0.230469 0.984375
0 14.100000 -18.000000 42.400000 1.000000 0.000000 0.000000 0.015625 0.984375
details.bmp
0 9.900000 -18.000000 42.400000 0.000000 0.000000 1.000000 0.015625 0.769531
0 14.100000 -18.000000 42.400000 0.000000 0.000000 1.000000 0.230469 0.769531
0 14.100000 -14.000000 42.400000 0.000000 0.000000 1.000000 0.230469 0.984375
details.bmp
0 9.900000 -18.000000 42.400000 0.000000 0.000000 1.000000 0.015625 0.769531
0 14.100000 -14.000000 42.400000 0.000000 0.000000 1.000000 0.230469 0.984375
0 9.900000 -14.000000 42.400000 0.000000 0.000000 1.000000 0.015625 0.984375
details.bmp
0 9.900000 -14.000000 41.000000 0.000000 0.000000 -1.000000 0.015625 0.769531
0 14.100000 -14.000000 41.000000 0.000000 0.000000 -1.000000 0.230469 0.769531
0 14.100000 -18.000000 41.000000 0.000000 0.000000 -1.000000 0.230469 0.984375
details.bmp
0 9.900000 -14.000000 41.000000 0.000000 0.000000 -1.000000 0.015625 0.769531
0 14.100000 -18.000000 41.000000 0.000000 0.000000 -1.000000 0.230469 0.984375
0 9.900000 -18.000000 41.000000 0.000000 0.000000 -1.000000 0.015625 0.984375
details.bmp
0 9.900000 -18.000000 61.200000 0.000000 -1.000000 0.000000 0.015625 0.769531
0 14.100000 -18.000000 61.200000 0.000000 -1.000000 0.000000 0.230469 0.769531
0 14.100000 -18.000000 63.000000 0.000000 -1.000000 0.000000 0.230469 0.984375
details.bmp
0 9.900000 -18.000000 61.200000 0.000000 -1.000000 0.000000 0.015625 0.769531
0 14.100000 -18.000000 63.000000 0.000000 -1.000000 0.000000 0.230469 0.984375
0 9.900000 -18.000000 63.000000 0.000000 -1.000000 0.000000 0.015625 0.984375
details.bmp
0 14.100000 -14.000000 61.200000 0.000000 1.000000 0.000000 0.015625 0.769531
0 9.900000 -14.000000 61.200000 0.000000 1.000000 0.000000 0.230469 0.769531
0 9.900000 -14.000000 63.000000 0.000000 1.000000 0.000000 0.230469 0.984375
details.bmp
0 14.100000 -14.000000 61.200000 0.000000 1.000000 -0.000000 0.015625 0.769531
0 9.900000 -14.000000 63.000000 0.000000 1.000000 -0.000000 0.230469 0.984375
0 14.100000 -14.000000 63.000000 0.000000 1.000000 -0.000000 0.015625 0.984375
details.bmp
0 9.900000 -14.000000 61.200000 -1.000000 0.000000 0.000000 0.015625 0.769531
0 9.900000 -18.000000 61.200000 -1.000000 0.000000 0.000000 0.230469 0.769531
0 9.900000 -18.000000 63.000000 -1.000000 0.000000 0.000000 0.230469 0.984375
details.bmp
0 9.900000 -14.000000 61.200000 -1.000000 0.000000 0.000000 0.015625 0.769531
0 9.900000 -18.000000 63.000000 -1.000000 0.000000 0.000000 0.230469 0.984375
0 9.900000 -14.000000 63.000000 -1.000000 0.000000 0.000000 0.015625 0.984375
details.bmp
0 14.100000 -18.000000 61.200000 1.000000 0.000000 0.000000 0.015625 0.769531
0 14.100000 -14.000000 61.200000 1.000000 0.000000 0.000000 0.230469 0.769531
0 14.100000 -14.000000 63.000000 1.000000 0.000000 0.000000 0.230469 0.984375
details.bmp
0 14.100000 -18.000000 61.200000 1.000000 0.000000 0.000000 0.015625 0.769531
0 14.100000 -14.000000 63.000000 1.000000 0.000000 0.000000 0.230469 0.984375
0 14.100000 -18.000000 63.000000 1.000000 0.000000 0.000000 0.015625 0.984375
details.bmp
0 9.900000 -18.000000 63.000000 0.000000 0.000000 1.000000 0.015625 0.769531
0 14.100000 -18.000000 63.000000 0.000000 0.000000 1.000000 0.230469 0.769531
0 14.100000 -14.000000 63.000000 0.000000 0.000000 1.000000 0.230469 0.984375
details.bmp
0 9.900000 -18.000000 63.000000 0.000000 0.000000 1.000000 0.015625 0.769531
0 14.100000 -14.000000 63.000000 0.000000 0.000000 1.000000 0.230469 0.984375
0 9.900000 -14.000000 63.000000 0.000000 0.000000 1.000000 0.015625 0.984375
details.bmp
0 9.900000 -14.000000 61.200000 0.000000 0.000000 -1.000000 0.015625 0.769531
0 14.100000 -14.000000 61.200000 0.000000 0.000000 -1.000000 0.230469 0.769531
0 14.100000 -18.000000 61.200000 0.000000 0.000000 -1.000000 0.230469 0.984375
details.bmp
0 9.900000 -14.000000 61.200000 0.000000 0.000000 -1.000000 0.015625 0.769531
0 14.100000 -18.000000 61.200000 0.000000 0.000000 -1.000000 0.230469 0.984375
0 9.900000 -18.000000 61.200000 0.000000 0.000000 -1.000000 0.015625 0.984375
details.bmp
0 -13.700000 -17.400000 37.800000 0.000000 -1.000000 0.000000 0.265625 0.769531
0 -10.300000 -17.400000 37.800000 0.000000 -1.000000 0.000000 0.480469 0.769531
0 -10.300000 -17.400000 40.000000 0.000000 -1.000000 0.000000 0.480469 0.984375
details.bmp
0 -13.700000 -17.400000 37.800000 0.000000 -1.000000 0.000000 0.265625 0.769531
0 -10.300000 -17.400000 40.000000 0.000000 -1.000000 0.000000 0.480469 0.984375
0 -13.700000 -17.400000 40.000000 0.000000 -1.000000 0.000000 0.265625 0.984375
details.bmp
0 -10.300000 -14.000000 37.800000 0.000000 1.000000 0.000000 0.265625 0.769531
0 -13.700000 -14.000000 37.800000 0.000000 1.000000 0.000000 0.480469 0.769531
0 -13.700000 -14.000000 40.000000 0.000000 1.000000 0.000000 0.480469 0.984375
details.bmp
0 -10.300000 -14.000000 37.800000 0.000000 1.000000 -0.000000 0.265625 0.769531
0 -13.700000 -14.000000 40.000000 0.000000 1.000000 -0.000000 0.480469 0.984375
0 -10.300000 -14.000000 40.000000 0.000000 1.000000 -0.000000 0.265625 0.984375
details.bmp
0 -13.700000 -14.000000 37.800000 -1.000000 0.000000 0.000000 0.265625 0.769531
0 -13.700000 -17.400000 37.800000 -1.000000 0.000000 0.000000 0.480469 0.769531
0 -13.700000 -17.400000 40.000000 -1.000000 0.000000 0.000000 0.480469 0.984375
details.bmp
0 -13.700000 -14.000000 37.800000 -1.000000 0.000000 0.000000 0.265625 0.769531
0 -13.700000 -17.400000 40.000000 -1.000000 0.000000 0.000000 0.480469 0.984375
0 -13.700000 -14.000000 40.000000 -1.000000 0.000000 0.000000 0.265625 0.984375
details.bmp
0 -10.300000 -17.400000 37.800000 1.000000 0.000000 0.000000 0.265625 0.769531
0 -10.300000 -14.000000 37.800000 1.000000 0.000000 0.000000 0.480469 0.769531
0 -10.300000 -14.000000 40.000000 1.000000 0.000000 0.000000 0.480469 0.984375
details.bmp
0 -10.300000 -17.400000 37.800000 1.000000 0.000000 0.000000 0.265625 0.769531
0 -10.300000 -14.000000 40.000000 1.000000 0.000000 0.000000 0.480469 0.984375
0 -10.300000 -17.400000 40.000000 1.000000 0.000000 0.000000 0.265625 0.984375
details.bmp
0 -13.700000 -17.400000 40.000000 0.000000 0.000000 1.000000 0.265625 0.769531
0 -10.300000 -17.400000 40.000000 0.000000 0.000000 1.000000 0.480469 0.769531
0 -10.300000 -14.000000 40.000000 0.000000 0.000000 1.000000 0.480469 0.984375
details.bmp
0 -13.700000 -17.400000 40.000000 0.000000 0.000000 1.000000 0.265625 0.769531
0 -10.300000 -14.000000 40.000000 0.000000 0.000000 1.000000 0.480469 0.984375
0 -13.700000 -14.000000 40.000000 0.000000 0.000000 1.000000 0.265625 0.984375
details.bmp
0 -13.700000 -14.000000 37.800000 0.000000 0.000000 -1.000000 0.265625 0.769531
0 -10.300000 -14.000000 37.800000 0.000000 0.000000 -1.000000 0.480469 0.769531
0 -10.300000 -17.400000 37.800000 0.000000 0.000000 -1.000000 0.480469 0.984375
details.bmp
0 -13.700000 -14.000000 37.800000 0.000000 0.000000 -1.000000 0.265625 0.769531
0 -10.300000 -17.400000 37.800000 0.000000 0.000000 -1.000000 0.480469 0.984375
0 -13.700000 -17.400000 37.800000 0.000000 0.000000 -1.000000 0.265625 0.984375
details.bmp
0 -13.250000 -18.200000 38.200000 0.000000 -1.000000 0.000000 0.015625 0.769531
0 -10.750000 -18.200000 38.200000 0.000000 -1.000000 0.000000 0.230469 0.769531
0 -10.750000 -18.200000 39.600000 0.000000 -1.000000 0.000000 0.230469 0.984375
details.bmp
0 -13.250000 -18.200000 38.200000 0.000000 -1.000000 0.000000 0.015625 0.769531
0 -10.750000 -18.200000 39.600000 0.000000 -1.000000 0.000000 0.230469 0.984375
0 -13.250000 -18.200000 39.600000 0.000000 -1.000000 0.000000 0.015625 0.984375
details.bmp
0 -10.750000 -17.300000 38.200000 0.000000 1.000000 0.000000 0.015625 0.769531
0 -13.250000 -17.300000 38.200000 0.000000 1.000000 0.000000 0.230469 0.769531
0 -13.250000 -17.300000 39.600000 0.000000 1.000000 0.000000 0.230469 0.984375
details.bmp
0 -10.750000 -17.300000 38.200000 0.000000 1.000000 -0.000000 0.015625 0.769531
0 -13.250000 -17.300000 39.600000 0.000000 1.000000 -0.000000 0.230469 0.984375
0 -10.750000 -17.300000 39.600000 0.000000 1.000000 -0.000000 0.015625 0.984375
details.bmp
0 -13.250000 -17.300000 38.200000 -1.000000 0.000000 0.000000 0.015625 0.769531
0 -13.250000 -18.200000 38.200000 -1.000000 0.000000 0.000000 0.230469 0.769531
0 -13.250000 -18.200000 39.600000 -1.000000 0.000000 0.000000 0.230469 0.984375
details.bmp
0 -13.250000 -17.300000 38.200000 -1.000000 0.000000 0.000000 0.015625 0.769531
0 -13.250000 -18.200000 39.600000 -1.000000 0.000000 0.000000 0.230469 0.984375
0 -13.250000 -17.300000 39.600000 -1.000000 0.000000 0.000000 0.015625 0.984375
details.bmp
0 -10.750000 -18.200000 38.200000 1.000000 0.000000 0.000000 0.015625 0.769531
0 -10.750000 -17.300000 38.200000 1.000000 0.000000 0.000000 0.230469 0.769531
0 -10.750000 -17.300000 39.600000 1.000000 0.000000 0.000000 0.230469 0.984375
details.bmp
0 -10.750000 -18.200000 38.200000 1.000000 0.000000 0.000000 0.015625 0.769531
0 -10.750000 -17.300000 39.600000 1.000000 0.000000 0.000000 0.230469 0.984375
0 -10.750000 -18.200000 39.600000 1.000000 0.000000 0.000000 0.015625 0.984375
details.bmp
0 -13.250000 -18.200000 39.600000 0.000000 0.000000 1.000000 0.015625 0.769531
0 -10.750000 -18.200000 39.600000 0.000000 0.000000 1.000000 0.230469 0.769531
0 -10.750000 -17.300000 39.600000 0.000000 0.000000 1.000000 0.230469 0.984375
details.bmp
0 -13.250000 -18.200000 39.600000 0.000000 0.000000 1.000000 0.015625 0.769531
0 -10.750000 -17.300000 39.600000 0.000000 0.000000 1.000000 0.230469 0.984375
0 -13.250000 -17.300000 39.600000 0.000000 0.000000 1.000000 0.015625 0.984375
details.bmp
0 -13.250000 -17.300000 38.200000 0.000000 0.000000 -1.000000 0.015625 0.769531
0 -10.750000 -17.300000 38.200000 0.000000 0.000000 -1.000000 0.230469 0.769531
0 -10.750000 -18.200000 38.200000 0.000000 0.000000 -1.000000 0.230469 0.984375
details.bmp
0 -13.250000 -17.300000 38.200000 0.000000 0.000000 -1.000000 0.015625 0.769531
0 -10.750000 -18.200000 38.200000 0.000000 0.000000 -1.000000 0.230469 0.984375
0 -13.250000 -18.200000 38.200000 0.000000 0.000000 -1.000000 0.015625 0.984375
details.bmp
0 -7.700000 -17.400000 37.800000 0.000000 -1.000000 0.000000 0.265625 0.769531
0 -4.300000 -17.400000 37.800000 0.000000 -1.000000 0.000000 0.480469 0.769531
0 -4.300000 -17.400000 40.000000 0.000000 -1.000000 0.000000 0.480469 0.984375
details.bmp
0 -7.700000 -17.400000 37.800000 0.000000 -1.000000 0.000000 0.265625 0.769531
0 -4.300000 -17.400000 40.000000 0.000000 -1.000000 0.000000 0.480469 0.984375
0 -7.700000 -17.400000 40.000000 0.000000 -1.000000 0.000000 0.265625 0.984375
details.bmp
0 -4.300000 -14.000000 37.800000 0.000000 1.000000 0.000000 0.265625 0.769531
0 -7.700000 -14.000000 37.800000 0.000000 1.000000 0.000000 0.480469 0.769531
0 -7.700000 -14.000000 40.000000 0.000000 1.000000 0.000000 0.480469 0.984375
details.bmp
0 -4.300000 -14.000000 37.800000 0.000000 1.000000 -0.000000 0.265625 0.769531
0 -7.700000 -14.000000 40.000000 0.000000 1.000000 -0.000000 0.480469 0.984375
0 -4.300000 -14.000000 40.000000 0.000000 1.000000 -0.000000 0.265625 0.984375
details.bmp
0 -7.700000 -14.000000 37.800000 -1.000000 0.000000 0.000000 0.265625 0.769531
0 -7.700000 -17.400000 37.800000 -1.000000 0.000000 0.000000 0.480469 0.769531
0 -7.700000 -17.400000 40.000000 -1.000000 0.000000 0.000000 0.480469 0.984375
details.bmp
0 -7.700000 -14.000000 37.800000 -1.000000 0.000000 0.000000 0.265625 0.769531
0 -7.700000 -17.400000 40.000000 -1.000000 0.000000 0.000000 0.480469 0.984375
0 -7.700000 -14.000000 40.000000 -1.000000 0.000000 0.000000 0.265625 0.984375
details.bmp
0 -4.300000 -17.400000 37.800000 1.000000 0.000000 0.000000 0.265625 0.769531
0 -4.300000 -14.000000 37.800000 1.000000 0.000000 0.000000 0.480469 0.769531
0 -4.300000 -14.000000 40.000000 1.000000 0.000000 0.000000 0.480469 0.984375
details.bmp
0 -4.300000 -17.400000 37.800000 1.000000 0.000000 0.000000 0.265625 0.769531
0 -4.300000 -14.000000 40.000000 1.000000 0.000000 0.000000 0.480469 0.984375
0 -4.300000 -17.400000 40.000000 1.000000 0.000000 0.000000 0.265625 0.984375
details.bmp
0 -7.700000 -17.400000 40.000000 0.000000 0.000000 1.000000 0.265625 0.769531
0 -4.300000 -17.400000 40.000000 0.000000 0.000000 1.000000 0.480469 0.769531
0 -4.300000 -14.000000 40.000000 0.000000 0.000000 1.000000 0.480469 0.984375
details.bmp
0 -7.700000 -17.400000 40.000000 0.000000 0.000000 1.000000 0.265625 0.769531
0 -4.300000 -14.000000 40.000000 0.000000 0.000000 1.000000 0.480469 0.984375
0 -7.700000 -14.000000 40.000000 0.000000 0.000000 1.000000 0.265625 0.984375
details.bmp
0 -7.700000 -14.000000 37.800000 0.000000 0.000000 -1.000000 0.265625 0.769531
0 -4.300000 -14.000000 37.800000 0.000000 0.000000 -1.000000 0.480469 0.769531
0 -4.300000 -17.400000 37.800000 0.000000 0.000000 -1.000000 0.480469 0.984375
details.bmp
0 -7.700000 -14.000000 37.800000 0.000000 0.000000 -1.000000 0.265625 0.769531
0 -4.300000 -17.400000 37.800000 0.000000 0.000000 -1.000000 0.480469 0.984375
0 -7.700000 -17.400000 37.800000 0.000000 0.000000 -1.000000 0.265625 0.984375
details.bmp
0 -7.250000 -18.200000 38.200000 0.000000 -1.000000 0.000000 0.015625 0.769531
0 -4.750000 -18.200000 38.200000 0.000000 -1.000000 0.000000 0.230469 0.769531
0 -4.750000 -18.200000 39.600000 0.000000 -1.000000 0.000000 0.230469 0.984375
details.bmp
0 -7.250000 -18.200000 38.200000 0.000000 -1.000000 0.000000 0.015625 0.769531
0 -4.750000 -18.200000 39.600000 0.000000 -1.000000 0.000000 0.230469 0.984375
0 -7.250000 -18.200000 39.600000 0.000000 -1.000000 0.000000 0.015625 0.984375
details.bmp
0 -4.750000 -17.300000 38.200000 0.000000 1.000000 0.000000 0.015625 0.769531
0 -7.250000 -17.300000 38.200000 0.000000 1.000000 0.000000 0.230469 0.769531
0 -7.250000 -17.300000 39.600000 0.000000 1.000000 0.000000 0.230469 0.984375
details.bmp
0 -4.750000 -17.300000 38.200000 0.000000 1.000000 -0.000000 0.015625 0.769531
0 -7.250000 -17.300000 39.600000 0.000000 1.000000 -0.000000 0.230469 0.984375
0 -4.750000 -17.300000 39.600000 0.000000 1.000000 -0.000000 0.015625 0.984375
details.bmp
0 -7.250000 -17.300000 38.200000 -1.000000 0.000000 0.000000 0.015625 0.769531
0 -7.250000 -18.200000 38.200000 -1.000000 0.000000 0.000000 0.230469 0.769531
0 -7.250000 -18.200000 39.600000 -1.000000 0.000000 0.000000 0.230469 0.984375
details.bmp
0 -7.250000 -17.300000 38.200000 -1.000000 0.000000 0.000000 0.015625 0.769531
0 -7.250000 -18.200000 39.600000 -1.000000 0.000000 0.000000 0.230469 0.984375
0 -7.250000 -17.300000 39.600000 -1.000000 0.000000 0.000000 0.015625 0.984375
details.bmp
0 -4.750000 -18.200000 38.200000 1.000000 0.000000 0.000000 0.015625 0.769531
0 -4.750000 -17.300000 38.200000 1.000000 0.000000 0.000000 0.230469 0.769531
0 -4.750000 -17.300000 39.600000 1.000000 0.000000 0.000000 0.230469 0.984375
details.bmp
0 -4.750000 -18.200000 38.200000 1.000000 0.000000 0.000000 0.015625 0.769531
0 -4.750000 -17.300000 39.600000 1.000000 0.000000 0.000000 0.230469 0.984375
0 -4.750000 -18.200000 39.600000 1.000000 0.000000 0.000000 0.015625 0.984375
details.bmp
0 -7.250000 -18.200000 39.600000 0.000000 0.000000 1.000000 0.015625 0.769531
0 -4.750000 -18.200000 39.600000 0.000000 0.000000 1.000000 0.230469 0.769531
0 -4.750000 -17.300000 39.600000 0.000000 0.000000 1.000000 0.230469 0.984375
details.bmp
0 -7.250000 -18.200000 39.600000 0.000000 0.000000 1.000000 0.015625 0.769531
0 -4.750000 -17.300000 39.600000 0.000000 0.000000 1.000000 0.230469 0.984375
0 -7.250000 -17.300000 39.600000 0.000000 0.000000 1.000000 0.015625 0.984375
details.bmp
0 -7.250000 -17.300000 38.200000 0.000000 0.000000 -1.000000 0.015625 0.769531
0 -4.750000 -17.300000 38.200000 0.000000 0.000000 -1.000000 0.230469 0.769531
0 -4.750000 -18.200000 38.200000 0.000000 0.000000 -1.000000 0.230469 0.984375
details.bmp
0 -7.250000 -17.300000 38.200000 0.000000 0.000000 -1.000000 0.015625 0.769531
0 -4.750000 -18.200000 38.200000 0.000000 0.000000 -1.000000 0.230469 0.984375
0 -7.250000 -18.200000 38.200000 0.000000 0.000000 -1.000000 0.015625 0.984375
details.bmp
0 -1.700000 -17.400000 37.800000 0.000000 -1.000000 0.000000 0.265625 0.769531
0 1.700000 -17.400000 37.800000 0.000000 -1.000000 0.000000 0.480469 0.769531
0 1.700000 -17.400000 40.000000 0.000000 -1.000000 0.000000 0.480469 0.984375
details.bmp
0 -1.700000 -17.400000 37.800000 0.000000 -1.000000 0.000000 0.265625 0.769531
0 1.700000 -17.400000 40.000000 0.000000 -1.000000 0.000000 0.480469 0.984375
0 -1.700000 -17.400000 40.000000 0.000000 -1.000000 0.000000 0.265625 0.984375
details.bmp
0 1.700000 -14.000000 37.800000 0.000000 1.000000 0.000000 0.265625 0.769531
0 -1.700000 -14.000000 37.800000 0.000000 1.000000 0.000000 0.480469 0.769531
0 -1.700000 -14.000000 40.000000 0.000000 1.000000 0.000000 0.480469 0.984375
details.bmp
0 1.700000 -14.000000 37.800000 0.000000 1.000000 -0.000000 0.265625 0.769531
0 -1.700000 -14.000000 40.000000 0.000000 1.000000 -0.000000 0.480469 0.984375
0 1.700000 -14.000000 40.000000 0.000000 1.000000 -0.000000 0.265625 0.984375
details.bmp
0 -1.700000 -14.000000 37.800000 -1.000000 0.000000 0.000000 0.265625 0.769531
0 -1.700000 -17.400000 37.800000 -1.000000 0.000000 0.000000 0.480469 0.769531
0 -1.700000 -17.400000 40.000000 -1.000000 0.000000 0.000000 0.480469 0.984375
details.bmp
0 -1.700000 -14.000000 37.800000 -1.000000 0.000000 0.000000 0.265625 0.769531
0 -1.700000 -17.400000 40.000000 -1.000000 0.000000 0.000000 0.480469 0.984375
0 -1.700000 -14.000000 40.000000 -1.000000 0.000000 0.000000 0.265625 0.984375
details.bmp
0 1.700000 -17.400000 37.800000 1.000000 0.000000 0.000000 0.265625 0.769531
0 1.700000 -14.000000 37.800000 1.000000 0.000000 0.000000 0.480469 0.769531
0 1.700000 -14.000000 40.000000 1.000000 0.000000 0.000000 0.480469 0.984375
details.bmp
0 1.700000 -17.400000 37.800000 1.000000 0.000000 0.000000 0.265625 0.769531
0 1.700000 -14.000000 40.000000 1.000000 0.000000 0.000000 0.480469 0.984375
0 1.700000 -17.400000 40.000000 1.000000 0.000000 0.000000 0.265625 0.984375
details.bmp
0 -1.700000 -17.400000 40.000000 0.000000 0.000000 1.000000 0.265625 0.769531
0 1.700000 -17.400000 40.000000 0.000000 0.000000 1.000000 0.480469 0.769531
0 1.700000 -14.000000 40.000000 0.000000 0.000000 1.000000 0.480469 0.984375
details.bmp
0 -1.700000 -17.400000 40.000000 0.000000 0.000000 1.000000 0.265625 0.769531
0 1.700000 -14.000000 40.000000 0.000000 0.000000 1.000000 0.480469 0.984375
0 -1.700000 -14.000000 40.000000 0.000000 0.000000 1.000000 0.265625 0.984375
details.bmp
0 -1.700000 -14.000000 37.800000 0.000000 0.000000 -1.000000 0.265625 0.769531
0 1.700000 -14.000000 37.800000 0.000000 0.000000 -1.000000 0.480469 0.769531
0 1.700000 -17.400000 37.800000 0.000000 0.000000 -1.000000 0.480469 0.984375
details.bmp
0 -1.700000 -14.000000 37.800000 0.000000 0.000000 -1.000000 0.265625 0.769531
0 1.700000 -17.400000 37.800000 0.000000 0.000000 -1.000000 0.480469 0.984375
0 -1.700000 -17.400000 37.800000 0.000000 0.000000 -1.000000 0.265625 0.984375
details.bmp
0 -1.250000 -18.200000 38.200000 0.000000 -1.000000 0.000000 0.015625 0.769531
0 1.250000 -18.200000 38.200000 0.000000 -1.000000 0.000000 0.230469 0.769531
0 1.250000 -18.200000 39.600000 0.000000 -1.000000 0.000000 0.230469 0.984375
details.bmp
0 -1.250000 -18.200000 38.200000 0.000000 -1.000000 0.000000 0.015625 0.769531
0 1.250000 -18.200000 39.600000 0.000000 -1.000000 0.000000 0.230469 0.984375
0 -1.250000 -18.200000 39.600000 0.000000 -1.000000 0.000000 0.015625 0.984375
details.bmp
0 1.250000 -17.300000 38.200000 0.000000 1.000000 0.000000 0.015625 0.769531
0 -1.250000 -17.300000 38.200000 0.000000 1.000000 0.000000 0.230469 0.769531
0 -1.250000 -17.300000 39.600000 0.000000 1.000000 0.000000 0.230469 0.984375
details.bmp
0 1.250000 -17.300000 38.200000 0.000000 1.000000 -0.000000 0.015625 0.769531
0 -1.250000 -17.300000 39.600000 0.000000 1.000000 -0.000000 0.230469 0.984375
0 1.250000 -17.300000 39.600000 0.000000 1.000000 -0.000000 0.015625 0.984375
details.bmp
0 -1.250000 -17.300000 38.200000 -1.000000 0.000000 0.000000 0.015625 0.769531
0 -1.250000 -18.200000 38.200000 -1.000000 0.000000 0.000000 0.230469 0.769531
0 -1.250000 -18.200000 39.600000 -1.000000 0.000000 0.000000 0.230469 0.984375
details.bmp
0 -1.250000 -17.300000 38.200000 -1.000000 0.000000 0.000000 0.015625 0.769531
0 -1.250000 -18.200000 39.600000 -1.000000 0.000000 0.000000 0.230469 0.984375
0 -1.250000 -17.300000 39.600000 -1.000000 0.000000 0.000000 0.015625 0.984375
details.bmp
0 1.250000 -18.200000 38.200000 1.000000 0.000000 0.000000 0.015625 0.769531
0 1.250000 -17.300000 38.200000 1.000000 0.000000 0.000000 0.230469 0.769531
0 1.250000 -17.300000 39.600000 1.000000 0.000000 0.000000 0.230469 0.984375
details.bmp
0 1.250000 -18.200000 38.200000 1.000000 0.000000 0.000000 0.015625 0.769531
0 1.250000 -17.300000 39.600000 1.000000 0.000000 0.000000 0.230469 0.984375
0 1.250000 -18.200000 39.600000 1.000000 0.000000 0.000000 0.015625 0.984375
details.bmp
0 -1.250000 -18.200000 39.600000 0.000000 0.000000 1.000000 0.015625 0.769531
0 1.250000 -18.200000 39.600000 0.000000 0.000000 1.000000 0.230469 0.769531
0 1.250000 -17.300000 39.600000 0.000000 0.000000 1.000000 0.230469 0.984375
details.bmp
0 -1.250000 -18.200000 39.600000 0.000000 0.000000 1.000000 0.015625 0.769531
0 1.250000 -17.300000 39.600000 0.000000 0.000000 1.000000 0.230469 0.984375
0 -1.250000 -17.300000 39.600000 0.000000 0.000000 1.000000 0.015625 0.984375
details.bmp
0 -1.250000 -17.300000 38.200000 0.000000 0.000000 -1.000000 0.015625 0.769531
0 1.250000 -17.300000 38.200000 0.000000 0.000000 -1.000000 0.230469 0.769531
0 1.250000 -18.200000 38.200000 0.000000 0.000000 -1.000000 0.230469 0.984375
details.bmp
0 -1.250000 -17.300000 38.200000 0.000000 0.000000 -1.000000 0.015625 0.769531
0 1.250000 -18.200000 38.200000 0.000000 0.000000 -1.000000 0.230469 0.984375
0 -1.250000 -18.200000 38.200000 0.000000 0.000000 -1.000000 0.015625 0.984375
details.bmp
0 4.300000 -17.400000 37.800000 0.000000 -1.000000 0.000000 0.265625 0.769531
0 7.700000 -17.400000 37.800000 0.000000 -1.000000 0.000000 0.480469 0.769531
0 7.700000 -17.400000 40.000000 0.000000 -1.000000 0.000000 0.480469 0.984375
details.bmp
0 4.300000 -17.400000 37.800000 0.000000 -1.000000 0.000000 0.265625 0.769531
0 7.700000 -17.400000 40.000000 0.000000 -1.000000 0.000000 0.480469 0.984375
0 4.300000 -17.400000 40.000000 0.000000 -1.000000 0.000000 0.265625 0.984375
details.bmp
0 7.700000 -14.000000 37.800000 0.000000 1.000000 0.000000 0.265625 0.769531
0 4.300000 -14.000000 37.800000 0.000000 1.000000 0.000000 0.480469 0.769531
0 4.300000 -14.000000 40.000000 0.000000 1.000000 0.000000 0.480469 0.984375
details.bmp
0 7.700000 -14.000000 37.800000 0.000000 1.000000 -0.000000 0.265625 0.769531
0 4.300000 -14.000000 40.000000 0.000000 1.000000 -0.000000 0.480469 0.984375
0 7.700000 -14.000000 40.000000 0.000000 1.000000 -0.000000 0.265625 0.984375
details.bmp
0 4.300000 -14.000000 37.800000 -1.000000 0.000000 0.000000 0.265625 0.769531
0 4.300000 -17.400000 37.800000 -1.000000 0.000000 0.000000 0.480469 0.769531
0 4.300000 -17.400000 40.000000 -1.000000 0.000000 0.000000 0.480469 0.984375
details.bmp
0 4.300000 -14.000000 37.800000 -1.000000 0.000000 0.000000 0.265625 0.769531
0 4.300000 -17.400000 40.000000 -1.000000 0.000000 0.000000 0.480469 0.984375
0 4.300000 -14.000000 40.000000 -1.000000 0.000000 0.000000 0.265625 0.984375
details.bmp
0 7.700000 -17.400000 37.800000 1.000000 0.000000 0.000000 0.265625 0.769531
0 7.700000 -14.000000 37.800000 1.000000 0.000000 0.000000 0.480469 0.769531
0 7.700000 -14.000000 40.000000 1.000000 0.000000 0.000000 0.480469 0.984375
details.bmp
0 7.700000 -17.400000 37.800000 1.000000 0.000000 0.000000 0.265625 0.769531
0 7.700000 -14.000000 40.000000 1.000000 0.000000 0.000000 0.480469 0.984375
0 7.700000 -17.400000 40.000000 1.000000 0.000000 0.000000 0.265625 0.984375
details.bmp
0 4.300000 -17.400000 40.000000 0.000000 0.000000 1.000000 0.265625 0.769531
0 7.700000 -17.400000 40.000000 0.000000 0.000000 1.000000 0.480469 0.769531
0 7.700000 -14.000000 40.000000 0.000000 0.000000 1.000000 0.480469 0.984375
details.bmp
0 4.300000 -17.400000 40.000000 0.000000 0.000000 1.000000 0.265625 0.769531
0 7.700000 -14.000000 40.000000 0.000000 0.000000 1.000000 0.480469 0.984375
0 4.300000 -14.000000 40.000000 0.000000 0.000000 1.000000 0.265625 0.984375
details.bmp
0 4.300000 -14.000000 37.800000 0.000000 0.000000 -1.000000 0.265625 0.769531
0 7.700000 -14.000000 37.800000 0.000000 0.000000 -1.000000 0.480469 0.769531
0 7.700000 -17.400000 37.800000 0.000000 0.000000 -1.000000 0.480469 0.984375
details.bmp
0 4.300000 -14.000000 37.800000 0.000000 0.000000 -1.000000 0.265625 0.769531
0 7.700000 -17.400000 37.800000 0.000000 0.000000 -1.000000 0.480469 0.984375
0 4.300000 -17.400000 37.800000 0.000000 0.000000 -1.000000 0.265625 0.984375
details.bmp
0 4.750000 -18.200000 38.200000 0.000000 -1.000000 0.000000 0.015625 0.769531
0 7.250000 -18.200000 38.200000 0.000000 -1.000000 0.000000 0.230469 0.769531
0 7.250000 -18.200000 39.600000 0.000000 -1.000000 0.000000 0.230469 0.984375
details.bmp
0 4.750000 -18.200000 38.200000 0.000000 -1.000000 0.000000 0.015625 0.769531
0 7.250000 -18.200000 39.600000 0.000000 -1.000000 0.000000 0.230469 0.984375
0 4.750000 -18.200000 39.600000 0.000000 -1.000000 0.000000 0.015625 0.984375
details.bmp
0 7.250000 -17.300000 38.200000 0.000000 1.000000 0.000000 0.015625 0.769531
0 4.750000 -17.300000 38.200000 0.000000 1.000000 0.000000 0.230469 0.769531
0 4.750000 -17.300000 39.600000 0.000000 1.000000 0.000000 0.230469 0.984375
details.bmp
0 7.250000 -17.300000 38.200000 0.000000 1.000000 -0.000000 0.015625 0.769531
0 4.750000 -17.300000 39.600000 0.000000 1.000000 -0.000000 0.230469 0.984375
0 7.250000 -17.300000 39.600000 0.000000 1.000000 -0.000000 0.015625 0.984375
details.bmp
0 4.750000 -17.300000 38.200000 -1.000000 0.000000 0.000000 0.015625 0.769531
0 4.750000 -18.200000 38.200000 -1.000000 0.000000 0.000000 0.230469 0.769531
0 4.750000 -18.200000 39.600000 -1.000000 0.000000 0.000000 0.230469 0.984375
details.bmp
0 4.750000 -17.300000 38.200000 -1.000000 0.000000 0.000000 0.015625 0.769531
0 4.750000 -18.200000 39.600000 -1.000000 0.000000 0.000000 0.230469 0.984375
0 4.750000 -17.300000 39.600000 -1.000000 0.000000 0.000000 0.015625 0.984375
details.bmp
0 7.250000 -18.200000 38.200000 1.000000 0.000000 0.000000 0.015625 0.769531
0 7.250000 -17.300000 38.200000 1.000000 0.000000 0.000000 0.230469 0.769531
0 7.250000 -17.300000 39.600000 1.000000 0.000000 0.000000 0.230469 0.984375
details.bmp
0 7.250000 -18.200000 38.200000 1.000000 0.000000 0.000000 0.015625 0.769531
0 7.250000 -17.300000 39.600000 1.000000 0.000000 0.000000 0.230469 0.984375
0 7.250000 -18.200000 39.600000 1.000000 0.000000 0.000000 0.015625 0.984375
details.bmp
0 4.750000 -18.200000 39.600000 0.000000 0.000000 1.000000 0.015625 0.769531
0 7.250000 -18.200000 39.600000 0.000000 0.000000 1.000000 0.230469 0.769531
0 7.250000 -17.300000 39.600000 0.000000 0.000000 1.000000 0.230469 0.984375
details.bmp
0 4.750000 -18.200000 39.600000 0.000000 0.000000 1.000000 0.015625 0.769531
0 7.250000 -17.300000 39.600000 0.000000 0.000000 1.000000 0.230469 0.984375
0 4.750000 -17.300000 39.600000 0.000000 0.000000 1.000000 0.015625 0.984375
details.bmp
0 4.750000 -17.300000 38.200000 0.000000 0.000000 -1.000000 0.015625 0.769531
0 7.250000 -17.300000 38.200000 0.000000 0.000000 -1.000000 0.230469 0.769531
0 7.250000 -18.200000 38.200000 0.000000 0.000000 -1.000000 0.230469 0.984375
details.bmp
0 4.750000 -17.300000 38.200000 0.000000 0.000000 -1.000000 0.015625 0.769531
0 7.250000 -18.200000 38.200000 0.000000 0.000000 -1.000000 0.230469 0.984375
0 4.750000 -18.200000 38.200000 0.000000 0.000000 -1.000000 0.015625 0.984375
details.bmp
0 10.300000 -17.400000 37.800000 0.000000 -1.000000 0.000000 0.265625 0.769531
0 13.700000 -17.400000 37.800000 0.000000 -1.000000 0.000000 0.480469 0.769531
0 13.700000 -17.400000 40.000000 0.000000 -1.000000 0.000000 0.480469 0.984375
details.bmp
0 10.300000 -17.400000 37.800000 0.000000 -1.000000 0.000000 0.265625 0.769531
0 13.700000 -17.400000 40.000000 0.000000 -1.000000 0.000000 0.480469 0.984375
0 10.300000 -17.400000 40.000000 0.000000 -1.000000 0.000000 0.265625 0.984375
details.bmp
0 13.700000 -14.000000 37.800000 0.000000 1.000000 0.000000 0.265625 0.769531
0 10.300000 -14.000000 37.800000 0.000000 1.000000 0.000000 0.480469 0.769531
0 10.300000 -14.000000 40.000000 0.000000 1.000000 0.000000 0.480469 0.984375
details.bmp
0 13.700000 -14.000000 37.800000 0.000000 1.000000 -0.000000 0.265625 0.769531
0 10.300000 -14.000000 40.000000 0.000000 1.000000 -0.000000 0.480469 0.984375
0 13.700000 -14.000000 40.000000 0.000000 1.000000 -0.000000 0.265625 0.984375
details.bmp
0 10.300000 -14.000000 37.800000 -1.000000 0.000000 0.000000 0.265625 0.769531
0 10.300000 -17.400000 37.800000 -1.000000 0.000000 0.000000 0.480469 0.769531
0 10.300000 -17.400000 40.000000 -1.000000 0.000000 0.000000 0.480469 0.984375
details.bmp
0 10.300000 -14.000000 37.800000 -1.000000 0.000000 0.000000 0.265625 0.769531
0 10.300000 -17.400000 40.000000 -1.000000 0.000000 0.000000 0.480469 0.984375
0 10.300000 -14.000000 40.000000 -1.000000 0.000000 0.000000 0.265625 0.984375
details.bmp
0 13.700000 -17.400000 37.800000 1.000000 0.000000 0.000000 0.265625 0.769531
0 13.700000 -14.000000 37.800000 1.000000 0.000000 0.000000 0.480469 0.769531
0 13.700000 -14.000000 40.000000 1.000000 0.000000 0.000000 0.480469 0.984375
details.bmp
0 13.700000 -17.400000 37.800000 1.000000 0.000000 0.000000 0.265625 0.769531
0 13.700000 -14.000000 40.000000 1.000000 0.000000 0.000000 0.480469 0.984375
0 13.700000 -17.400000 40.000000 1.000000 0.000000 0.000000 0.265625 0.984375
details.bmp
0 10.300000 -17.400000 40.000000 0.000000 0.000000 1.000000 0.265625 0.769531
0 13.700000 -17.400000 40.000000 0.000000 0.000000 1.000000 0.480469 0.769531
0 13.700000 -14.000000 40.000000 0.000000 0.000000 1.000000 0.480469 0.984375
details.bmp
0 10.300000 -17.400000 40.000000 0.000000 0.000000 1.000000 0.265625 0.769531
0 13.700000 -14.000000 40.000000 0.000000 0.000000 1.000000 0.480469 0.984375
0 10.300000 -14.000000 40.000000 0.000000 0.000000 1.000000 0.265625 0.984375
details.bmp
0 10.300000 -14.000000 37.800000 0.000000 0.000000 -1.000000 0.265625 0.769531
0 13.700000 -14.000000 37.800000 0.000000 0.000000 -1.000000 0.480469 0.769531
0 13.700000 -17.400000 37.800000 0.000000 0.000000 -1.000000 0.480469 0.984375
details.bmp
0 10.300000 -14.000000 37.800000 0.000000 0.000000 -1.000000 0.265625 0.769531
0 13.700000 -17.400000 37.800000 0.000000 0.000000 -1.000000 0.480469 0.984375
0 10.300000 -17.400000 37.800000 0.000000 0.000000 -1.000000 0.265625 0.984375
details.bmp
0 10.750000 -18.200000 38.200000 0.000000 -1.000000 0.000000 0.015625 0.769531
0 13.250000 -18.200000 38.200000 0.000000 -1.000000 0.000000 0.230469 0.769531
0 13.250000 -18.200000 39.600000 0.000000 -1.000000 0.000000 0.230469 0.984375
details.bmp
0 10.750000 -18.200000 38.200000 0.000000 -1.000000 0.000000 0.015625 0.769531
0 13.250000 -18.200000 39.600000 0.000000 -1.000000 0.000000 0.230469 0.984375
0 10.750000 -18.200000 39.600000 0.000000 -1.000000 0.000000 0.015625 0.984375
details.bmp
0 13.250000 -17.300000 38.200000 0.000000 1.000000 0.000000 0.015625 0.769531
0 10.750000 -17.300000 38.200000 0.000000 1.000000 0.000000 0.230469 0.769531
0 10.750000 -17.300000 39.600000 0.000000 1.000000 0.000000 0.230469 0.984375
details.bmp
0 13.250000 -17.300000 38.200000 0.000000 1.000000 -0.000000 0.015625 0.769531
0 10.750000 -17.300000 39.600000 0.000000 1.000000 -0.000000 0.230469 0.984375
0 13.250000 -17.300000 39.600000 0.000000 1.000000 -0.000000 0.015625 0.984375
details.bmp
0 10.750000 -17.300000 38.200000 -1.000000 0.000000 0.000000 0.015625 0.769531
0 10.750000 -18.200000 38.200000 -1.000000 0.000000 0.000000 0.230469 0.769531
0 10.750000 -18.200000 39.600000 -1.000000 0.000000 0.000000 0.230469 0.984375
details.bmp
0 10.750000 -17.300000 38.200000 -1.000000 0.000000 0.000000 0.015625 0.769531
0 10.750000 -18.200000 39.600000 -1.000000 0.000000 0.000000 0.230469 0.984375
0 10.750000 -17.300000 39.600000 -1.000000 0.000000 0.000000 0.015625 0.984375
details.bmp
0 13.250000 -18.200000 38.200000 1.000000 0.000000 0.000000 0.015625 0.769531
0 13.250000 -17.300000 38.200000 1.000000 0.000000 0.000000 0.230469 0.769531
0 13.250000 -17.300000 39.600000 1.000000 0.000000 0.000000 0.230469 0.984375
details.bmp
0 13.250000 -18.200000 38.200000 1.000000 0.000000 0.000000 0.015625 0.769531
0 13.250000 -17.300000 39.600000 1.000000 0.000000 0.000000 0.230469 0.984375
0 13.250000 -18.200000 39.600000 1.000000 0.000000 0.000000 0.015625 0.984375
details.bmp
0 10.750000 -18.200000 39.600000 0.000000 0.000000 1.000000 0.015625 0.769531
0 13.250000 -18.200000 39.600000 0.000000 0.000000 1.000000 0.230469 0.769531
0 13.250000 -17.300000 39.600000 0.000000 0.000000 1.000000 0.230469 0.984375
details.bmp
0 10.750000 -18.200000 39.600000 0.000000 0.000000 1.000000 0.015625 0.769531
0 13.250000 -17.300000 39.600000 0.000000 0.000000 1.000000 0.230469 0.984375
0 10.750000 -17.300000 39.600000 0.000000 0.000000 1.000000 0.015625 0.984375
details.bmp
0 10.750000 -17.300000 38.200000 0.000000 0.000000 -1.000000 0.015625 0.769531
0 13.250000 -17.300000 38.200000 0.000000 0.000000 -1.000000 0.230469 0.769531
0 13.250000 -18.200000 38.200000 0.000000 0.000000 -1.000000 0.230469 0.984375
details.bmp
0 10.750000 -17.300000 38.200000 0.000000 0.000000 -1.000000 0.015625 0.769531
0 13.250000 -18.200000 38.200000 0.000000 0.000000 -1.000000 0.230469 0.984375
0 10.750000 -18.200000 38.200000 0.000000 0.000000 -1.000000 0.015625 0.984375
details.bmp
0 -1.500000 -3.000000 76.000000 0.000000 -1.000000 0.000000 0.015625 0.769531
0 1.500000 -3.000000 76.000000 0.000000 -1.000000 0.000000 0.230469 0.769531
0 1.500000 -3.000000 82.000000 0.000000 -1.000000 0.000000 0.230469 0.984375
details.bmp
0 -1.500000 -3.000000 76.000000 0.000000 -1.000000 0.000000 0.015625 0.769531
0 1.500000 -3.000000 82.000000 0.000000 -1.000000 0.000000 0.230469 0.984375
0 -1.500000 -3.000000 82.000000 0.000000 -1.000000 0.000000 0.015625 0.984375
details.bmp
0 1.500000 0.000000 76.000000 0.000000 1.000000 0.000000 0.015625 0.769531
0 -1.500000 0.000000 76.000000 0.000000 1.000000 0.000000 0.230469 0.769531
0 -1.500000 0.000000 82.000000 0.000000 1.000000 0.000000 0.230469 0.984375
details.bmp
0 1.500000 0.000000 76.000000 0.000000 1.000000 -0.000000 0.015625 0.769531
0 -1.500000 0.000000 82.000000 0.000000 1.000000 -0.000000 0.230469 0.984375
0 1.500000 0.000000 82.000000 0.000000 1.000000 -0.000000 0.015625 0.984375
details.bmp
0 -1.500000 0.000000 76.000000 -1.000000 0.000000 0.000000 0.015625 0.769531
0 -1.500000 -3.000000 76.000000 -1.000000 0.000000 0.000000 0.230469 0.769531
0 -1.500000 -3.000000 82.000000 -1.000000 0.000000 0.000000 0.230469 0.984375
details.bmp
0 -1.500000 0.000000 76.000000 -1.000000 0.000000 0.000000 0.015625 0.769531
0 -1.500000 -3.000000 82.000000 -1.000000 0.000000 0.000000 0.230469 0.984375
0 -1.500000 0.000000 82.000000 -1.000000 0.000000 0.000000 0.015625 0.984375
details.bmp
0 1.500000 -3.000000 76.000000 1.000000 0.000000 0.000000 0.015625 0.769531
0 1.500000 0.000000 76.000000 1.000000 0.000000 0.000000 0.230469 0.769531
0 1.500000 0.000000 82.000000 1.000000 0.000000 0.000000 0.230469 0.984375
details.bmp
0 1.500000 -3.000000 76.000000 1.000000 0.000000 0.000000 0.015625 0.769531
0 1.500000 0.000000 82.000000 1.000000 0.000000 0.000000 0.230469 0.984375
0 1.500000 -3.000000 82.000000 1.000000 0.000000 0.000000 0.015625 0.984375
details.bmp
0 -1.500000 -3.000000 82.000000 0.000000 0.000000 1.000000 0.015625 0.769531
0 1.500000 -3.000000 82.000000 0.000000 0.000000 1.000000 0.230469 0.769531
0 1.500000 0.000000 82.000000 0.000000 0.000000 1.000000 0.230469 0.984375
details.bmp
0 -1.500000 -3.000000 82.000000 0.000000 0.000000 1.000000 0.015625 0.769531
0 1.500000 0.000000 82.000000 0.000000 0.000000 1.000000 0.230469 0.984375
0 -1.500000 0.000000 82.000000 0.000000 0.000000 1.000000 0.015625 0.984375
details.bmp
0 -1.500000 0.000000 76.000000 0.000000 0.000000 -1.000000 0.015625 0.769531
0 1.500000 0.000000 76.000000 0.000000 0.000000 -1.000000 0.230469 0.769531
0 1.500000 -3.000000 76.000000 0.000000 0.000000 -1.000000 0.230469 0.984375
details.bmp
0 -1.500000 0.000000 76.000000 0.000000 0.000000 -1.000000 0.015625 0.769531
0 1.500000 -3.000000 76.000000 0.000000 0.000000 -1.000000 0.230469 0.984375
0 -1.500000 -3.000000 76.000000 0.000000 0.000000 -1.000000 0.015625 0.984375
details.bmp
0 8.700000 -3.000000 84.500000 0.980785 -0.000000 0.195090 0.015625 0.769531
0 8.700000 0.000000 84.500000 0.980785 -0.000000 0.195090 0.230469 0.769531
0 8.037752 0.000000 87.829346 0.980785 -0.000000 0.195090 0.230469 0.984375
details.bmp
0 8.700000 -3.000000 84.500000 0.980785 0.000000 0.195090 0.015625 0.769531
0 8.037752 0.000000 87.829346 0.980785 0.000000 0.195090 0.230469 0.984375
0 8.037752 -3.000000 87.829346 0.980785 0.000000 0.195090 0.015625 0.984375
details.bmp
0 8.050000 -3.050000 84.500000 0.000000 -1.000000 0.000000 0.015625 0.769531
0 8.700000 -3.050000 84.500000 0.000000 -1.000000 0.000000 0.230469 0.769531
0 8.037752 -3.050000 87.829346 0.000000 -1.000000 0.000000 0.230469 0.984375
details.bmp
0 8.050000 -3.050000 84.500000 0.000000 -1.000000 0.000000 0.015625 0.769531
0 8.037752 -3.050000 87.829346 0.000000 -1.000000 0.000000 0.230469 0.984375
0 7.437230 -3.050000 87.580602 0.000000 -1.000000 0.000000 0.015625 0.984375
details.bmp
0 0.000000 -3.080000 84.500000 0.000000 -1.000000 0.000000 0.248047 0.501953
0 8.050000 -3.080000 84.500000 0.000000 -1.000000 0.000000 0.480469 0.501953
0 7.437230 -3.080000 87.580602 0.000000 -1.000000 0.000000 0.462777 0.590897
details.bmp
0 0.000000 0.000000 84.500000 0.000000 1.000000 0.000000 0.515625 0.769531
0 8.037752 0.000000 87.829346 0.000000 1.000000 0.000000 0.730469 0.769531
0 8.700000 0.000000 84.500000 0.000000 1.000000 0.000000 0.730469 0.984375
details.bmp
0 8.037752 -3.000000 87.829346 0.831470 -0.000000 0.555570 0.015625 0.769531
0 8.037752 0.000000 87.829346 0.831470 -0.000000 0.555570 0.230469 0.769531
0 6.151829 0.000000 90.651829 0.831470 -0.000000 0.555570 0.230469 0.984375
details.bmp
0 8.037752 -3.000000 87.829346 0.831470 0.000000 0.555570 0.015625 0.769531
0 6.151829 0.000000 90.651829 0.831470 0.000000 0.555570 0.230469 0.984375
0 6.151829 -3.000000 90.651829 0.831470 0.000000 0.555570 0.015625 0.984375
details.bmp
0 7.437230 -3.050000 87.580602 0.000000 -1.000000 0.000000 0.015625 0.769531
0 8.037752 -3.050000 87.829346 0.000000 -1.000000 0.000000 0.230469 0.769531
0 6.151829 -3.050000 90.651829 0.000000 -1.000000 0.000000 0.230469 0.984375
details.bmp
0 7.437230 -3.050000 87.580602 0.000000 -1.000000 0.000000 0.015625 0.769531
0 6.151829 -3.050000 90.651829 0.000000 -1.000000 0.000000 0.230469 0.984375
0 5.692210 -3.050000 90.192210 0.000000 -1.000000 0.000000 0.015625 0.984375
details.bmp
0 0.000000 -3.080000 84.500000 0.000000 -1.000000 0.000000 0.248047 0.501953
0 7.437230 -3.080000 87.580602 0.000000 -1.000000 0.000000 0.462777 0.590897
0 5.692210 -3.080000 90.192210 0.000000 -1.000000 0.000000 0.412394 0.666300
details.bmp
0 0.000000 0.000000 84.500000 0.000000 1.000000 0.000000 0.515625 0.769531
0 6.151829 0.000000 90.651829 0.000000 1.000000 0.000000 0.730469 0.769531
0 8.037752 0.000000 87.829346 0.000000 1.000000 0.000000 0.730469 0.984375
details.bmp
0 6.151829 -3.000000 90.651829 0.555570 -0.000000 0.831470 0.015625 0.769531
0 6.151829 0.000000 90.651829 0.555570 -0.000000 0.831470 0.230469 0.769531
0 3.329346 0.000000 92.537752 0.555570 -0.000000 0.831470 0.230469 0.984375
details.bmp
0 6.151829 -3.000000 90.651829 0.555570 0.000000 0.831470 0.015625 0.769531
0 3.329346 0.000000 92.537752 0.555570 0.000000 0.831470 0.230469 0.984375
0 3.329346 -3.000000 92.537752 0.555570 0.000000 0.831470 0.015625 0.984375
details.bmp
0 5.692210 -3.050000 90.192210 0.000000 -1.000000 0.000000 0.015625 0.769531
0 6.151829 -3.050000 90.651829 0.000000 -1.000000 0.000000 0.230469 0.769531
0 3.329346 -3.050000 92.537752 0.000000 -1.000000 0.000000 0.230469 0.984375
details.bmp
0 5.692210 -3.050000 90.192210 0.000000 -1.000000 0.000000 0.015625 0.769531
0 3.329346 -3.050000 92.537752 0.000000 -1.000000 0.000000 0.230469 0.984375
0 3.080602 -3.050000 91.937230 0.000000 -1.000000 0.000000 0.015625 0.984375
details.bmp
0 0.000000 -3.080000 84.500000 0.000000 -1.000000 0.000000 0.248047 0.501953
0 5.692210 -3.080000 90.192210 0.000000 -1.000000 0.000000 0.412394 0.666300
0 3.080602 -3.080000 91.937230 0.000000 -1.000000 0.000000 0.336991 0.716683
details.bmp
0 0.000000 0.000000 84.500000 0.000000 1.000000 0.000000 0.515625 0.769531
0 3.329346 0.000000 92.537752 0.000000 1.000000 0.000000 0.730469 0.769531
0 6.151829 0.000000 90.651829 0.000000 1.000000 0.000000 0.730469 0.984375
details.bmp
0 3.329346 -3.000000 92.537752 0.195090 -0.000000 0.980785 0.015625 0.769531
0 3.329346 0.000000 92.537752 0.195090 -0.000000 0.980785 0.230469 0.769531
0 0.000000 0.000000 93.200000 0.195090 -0.000000 0.980785 0.230469 0.984375
details.bmp
0 3.329346 -3.000000 92.537752 0.195090 0.000000 0.980785 0.015625 0.769531
0 0.000000 0.000000 93.200000 0.195090 0.000000 0.980785 0.230469 0.984375
0 0.000000 -3.000000 93.200000 0.195090 0.000000 0.980785 0.015625 0.984375
details.bmp
0 3.080602 -3.050000 91.937230 0.000000 -1.000000 0.000000 0.015625 0.769531
0 3.329346 -3.050000 92.537752 0.000000 -1.000000 0.000000 0.230469 0.769531
0 0.000000 -3.050000 93.200000 0.000000 -1.000000 0.000000 0.230469 0.984375
details.bmp
0 3.080602 -3.050000 91.937230 0.000000 -1.000000 0.000000 0.015625 0.769531
0 0.000000 -3.050000 93.200000 0.000000 -1.000000 0.000000 0.230469 0.984375
0 0.000000 -3.050000 92.550000 0.000000 -1.000000 0.000000 0.015625 0.984375
details.bmp
0 0.000000 -3.080000 84.500000 0.000000 -1.000000 0.000000 0.248047 0.501953
0 3.080602 -3.080000 91.937230 0.000000 -1.000000 0.000000 0.336991 0.716683
0 0.000000 -3.080000 92.550000 0.000000 -1.000000 0.000000 0.248047 0.734375
details.bmp
0 0.000000 0.000000 84.500000 0.000000 1.000000 0.000000 0.515625 0.769531
0 0.000000 0.000000 93.200000 0.000000 1.000000 0.000000 0.730469 0.769531
0 3.329346 0.000000 92.537752 0.000000 1.000000 0.000000 0.730469 0.984375
details.bmp
0 0.000000 -3.000000 93.200000 -0.195090 0.000000 0.980785 0.015625 0.769531
0 0.000000 0.000000 93.200000 -0.195090 0.000000 0.980785 0.230469 0.769531
0 -3.329346 0.000000 92.537752 -0.195090 0.000000 0.980785 0.230469 0.984375
details.bmp
0 0.000000 -3.000000 93.200000 -0.195090 0.000000 0.980785 0.015625 0.769531
0 -3.329346 0.000000 92.537752 -0.195090 0.000000 0.980785 0.230469 0.984375
0 -3.329346 -3.000000 92.537752 -0.195090 0.000000 0.980785 0.015625 0.984375
details.bmp
0 0.000000 -3.050000 92.550000 -0.000000 -1.000000 0.000000 0.015625 0.769531
0 0.000000 -3.050000 93.200000 -0.000000 -1.000000 0.000000 0.230469 0.769531
0 -3.329346 -3.050000 92.537752 -0.000000 -1.000000 0.000000 0.230469 0.984375
details.bmp
0 0.000000 -3.050000 92.550000 0.000000 -1.000000 0.000000 0.015625 0.769531
0 -3.329346 -3.050000 92.537752 0.000000 -1.000000 0.000000 0.230469 0.984375
0 -3.080602 -3.050000 91.937230 0.000000 -1.000000 0.000000 0.015625 0.984375
details.bmp
0 0.000000 -3.080000 84.500000 0.000000 -1.000000 0.000000 0.248047 0.501953
0 0.000000 -3.080000 92.550000 0.000000 -1.000000 0.000000 0.248047 0.734375
0 -3.080602 -3.080000 91.937230 0.000000 -1.000000 0.000000 0.159103 0.716683
details.bmp
0 0.000000 0.000000 84.500000 0.000000 1.000000 -0.000000 0.515625 0.769531
0 -3.329346 0.000000 92.537752 0.000000 1.000000 -0.000000 0.730469 0.769531
0 0.000000 0.000000 93.200000 0.000000 1.000000 -0.000000 0.730469 0.984375
details.bmp
0 -3.329346 -3.000000 92.537752 -0.555570 0.000000 0.831470 0.015625 0.769531
0 -3.329346 0.000000 92.537752 -0.555570 0.000000 0.831470 0.230469 0.769531
0 -6.151829 0.000000 90.651829 -0.555570 0.000000 0.831470 0.230469 0.984375
details.bmp
0 -3.329346 -3.000000 92.537752 -0.555570 0.000000 0.831470 0.015625 0.769531
0 -6.151829 0.000000 90.651829 -0.555570 0.000000 0.831470 0.230469 0.984375
0 -6.151829 -3.000000 90.651829 -0.555570 0.000000 0.831470 0.015625 0.984375
details.bmp
0 -3.080602 -3.050000 91.937230 -0.000000 -1.000000 0.000000 0.015625 0.769531
0 -3.329346 -3.050000 92.537752 -0.000000 -1.000000 0.000000 0.230469 0.769531
0 -6.151829 -3.050000 90.651829 -0.000000 -1.000000 0.000000 0.230469 0.984375
details.bmp
0 -3.080602 -3.050000 91.937230 0.000000 -1.000000 0.000000 0.015625 0.769531
0 -6.151829 -3.050000 90.651829 0.000000 -1.000000 0.000000 0.230469 0.984375
0 -5.692210 -3.050000 90.192210 0.000000 -1.000000 0.000000 0.015625 0.984375
details.bmp
0 0.000000 -3.080000 84.500000 0.000000 -1.000000 0.000000 0.248047 0.501953
0 -3.080602 -3.080000 91.937230 0.000000 -1.000000 0.000000 0.159103 0.716683
0 -5.692210 -3.080000 90.192210 0.000000 -1.000000 0.000000 0.083700 0.666300
details.bmp
0 0.000000 0.000000 84.500000 0.000000 1.000000 0.000000 0.515625 0.769531
0 -6.151829 0.000000 90.651829 0.000000 1.000000 0.000000 0.730469 0.769531
0 -3.329346 0.000000 92.537752 0.000000 1.000000 0.000000 0.730469 0.984375
details.bmp
0 -6.151829 -3.000000 90.651829 -0.831470 0.000000 0.555570 0.015625 0.769531
0 -6.151829 0.000000 90.651829 -0.831470 0.000000 0.555570 0.230469 0.769531
0 -8.037752 0.000000 87.829346 -0.831470 0.000000 0.555570 0.230469 0.984375
details.bmp
0 -6.151829 -3.000000 90.651829 -0.831470 0.000000 0.555570 0.015625 0.769531
0 -8.037752 0.000000 87.829346 -0.831470 0.000000 0.555570 0.230469 0.984375
0 -8.037752 -3.000000 87.829346 -0.831470 0.000000 0.555570 0.015625 0.984375
details.bmp
0 -5.692210 -3.050000 90.192210 -0.000000 -1.000000 0.000000 0.015625 0.769531
0 -6.151829 -3.050000 90.651829 -0.000000 -1.000000 0.000000 0.230469 0.769531
0 -8.037752 -3.050000 87.829346 -0.000000 -1.000000 0.000000 0.230469 0.984375
details.bmp
0 -5.692210 -3.050000 90.192210 0.000000 -1.000000 0.000000 0.015625 0.769531
0 -8.037752 -3.050000 87.829346 0.000000 -1.000000 0.000000 0.230469 0.984375
0 -7.437230 -3.050000 87.580602 0.000000 -1.000000 0.000000 0.015625 0.984375
details.bmp
0 0.000000 -3.080000 84.500000 0.000000 -1.000000 0.000000 0.248047 0.501953
0 -5.692210 -3.080000 90.192210 0.000000 -1.000000 0.000000 0.083700 0.666300
0 -7.437230 -3.080000 87.580602 0.000000 -1.000000 0.000000 0.033317 0.590897
details.bmp
0 0.000000 0.000000 84.500000 0.000000 1.000000 0.000000 0.515625 0.769531
0 -8.037752 0.000000 87.829346 0.000000 1.000000 0.000000 0.730469 0.769531
0 -6.151829 0.000000 90.651829 0.000000 1.000000 0.000000 0.730469 0.984375
details.bmp
0 -8.037752 -3.000000 87.829346 -0.980785 0.000000 0.195090 0.015625 0.769531
0 -8.037752 0.000000 87.829346 -0.980785 0.000000 0.195090 0.230469 0.769531
0 -8.700000 0.000000 84.500000 -0.980785 0.000000 0.195090 0.230469 0.984375
details.bmp
0 -8.037752 -3.000000 87.829346 -0.980785 0.000000 0.195090 0.015625 0.769531
0 -8.700000 0.000000 84.500000 -0.980785 0.000000 0.195090 0.230469 0.984375
0 -8.700000 -3.000000 84.500000 -0.980785 0.000000 0.195090 0.015625 0.984375
details.bmp
0 -7.437230 -3.050000 87.580602 -0.000000 -1.000000 0.000000 0.015625 0.769531
0 -8.037752 -3.050000 87.829346 -0.000000 -1.000000 0.000000 0.230469 0.769531
0 -8.700000 -3.050000 84.500000 -0.000000 -1.000000 0.000000 0.230469 0.984375
details.bmp
0 -7.437230 -3.050000 87.580602 0.000000 -1.000000 0.000000 0.015625 0.769531
0 -8.700000 -3.050000 84.500000 0.000000 -1.000000 0.000000 0.230469 0.984375
0 -8.050000 -3.050000 84.500000 0.000000 -1.000000 0.000000 0.015625 0.984375
details.bmp
0 0.000000 -3.080000 84.500000 0.000000 -1.000000 0.000000 0.248047 0.501953
0 -7.437230 -3.080000 87.580602 0.000000 -1.000000 0.000000 0.033317 0.590897
0 -8.050000 -3.080000 84.500000 0.000000 -1.000000 0.000000 0.015625 0.501953
details.bmp
0 0.000000 0.000000 84.500000 0.000000 1.000000 0.000000 0.515625 0.769531
0 -8.700000 0.000000 84.500000 0.000000 1.000000 0.000000 0.730469 0.769531
0 -8.037752 0.000000 87.829346 0.000000 1.000000 0.000000 0.730469 0.984375
details.bmp
0 -8.700000 -3.000000 84.500000 -0.980785 0.000000 -0.195090 0.015625 0.769531
0 -8.700000 0.000000 84.500000 -0.980785 0.000000 -0.195090 0.230469 0.769531
0 -8.037752 0.000000 81.170654 -0.980785 0.000000 -0.195090 0.230469 0.984375
details.bmp
0 -8.700000 -3.000000 84.500000 -0.980785 0.000000 -0.195090 0.015625 0.769531
0 -8.037752 0.000000 81.170654 -0.980785 0.000000 -0.195090 0.230469 0.984375
0 -8.037752 -3.000000 81.170654 -0.980785 0.000000 -0.195090 0.015625 0.984375
details.bmp
0 -8.050000 -3.050000 84.500000 -0.000000 -1.000000 -0.000000 0.015625 0.769531
0 -8.700000 -3.050000 84.500000 -0.000000 -1.000000 -0.000000 0.230469 0.769531
0 -8.037752 -3.050000 81.170654 -0.000000 -1.000000 -0.000000 0.230469 0.984375
details.bmp
0 -8.050000 -3.050000 84.500000 0.000000 -1.000000 0.000000 0.015625 0.769531
0 -8.037752 -3.050000 81.170654 0.000000 -1.000000 0.000000 0.230469 0.984375
0 -7.437230 -3.050000 81.419398 0.000000 -1.000000 0.000000 0.015625 0.984375
details.bmp
0 0.000000 -3.080000 84.500000 -0.000000 -1.000000 0.000000 0.248047 0.501953
0 -8.050000 -3.080000 84.500000 -0.000000 -1.000000 0.000000 0.015625 0.501953
0 -7.437230 -3.080000 81.419398 -0.000000 -1.000000 0.000000 0.033317 0.413009
details.bmp
0 0.000000 0.000000 84.500000 0.000000 1.000000 0.000000 0.515625 0.769531
0 -8.037752 0.000000 81.170654 0.000000 1.000000 0.000000 0.730469 0.769531
0 -8.700000 0.000000 84.500000 0.000000 1.000000 0.000000 0.730469 0.984375
details.bmp
0 -8.037752 -3.000000 81.170654 -0.831470 0.000000 -0.555570 0.015625 0.769531
0 -8.037752 0.000000 81.170654 -0.831470 0.000000 -0.555570 0.230469 0.769531
0 -6.151829 0.000000 78.348171 -0.831470 0.000000 -0.555570 0.230469 0.984375
details.bmp
0 -8.037752 -3.000000 81.170654 -0.831470 0.000000 -0.555570 0.015625 0.769531
0 -6.151829 0.000000 78.348171 -0.831470 0.000000 -0.555570 0.230469 0.984375
0 -6.151829 -3.000000 78.348171 -0.831470 0.000000 -0.555570 0.015625 0.984375
details.bmp
0 -7.437230 -3.050000 81.419398 0.000000 -1.000000 -0.000000 0.015625 0.769531
0 -8.037752 -3.050000 81.170654 0.000000 -1.000000 -0.000000 0.230469 0.769531
0 -6.151829 -3.050000 78.348171 0.000000 -1.000000 -0.000000 0.230469 0.984375
details.bmp
0 -7.437230 -3.050000 81.419398 0.000000 -1.000000 0.000000 0.015625 0.769531
0 -6.151829 -3.050000 78.348171 0.000000 -1.000000 0.000000 0.230469 0.984375
0 -5.692210 -3.050000 78.807790 0.000000 -1.000000 0.000000 0.015625 0.984375
details.bmp
0 0.000000 -3.080000 84.500000 0.000000 -1.000000 0.000000 0.248047 0.501953
0 -7.437230 -3.080000 81.419398 0.000000 -1.000000 0.000000 0.033317 0.413009
0 -5.692210 -3.080000 78.807790 0.000000 -1.000000 0.000000 0.083700 0.337606
details.bmp
0 0.000000 0.000000 84.500000 0.000000 1.000000 0.000000 0.515625 0.769531
0 -6.151829 0.000000 78.348171 0.000000 1.000000 0.000000 0.730469 0.769531
0 -8.037752 0.000000 81.170654 0.000000 1.000000 0.000000 0.730469 0.984375
details.bmp
0 -6.151829 -3.000000 78.348171 -0.555570 0.000000 -0.831470 0.015625 0.769531
0 -6.151829 0.000000 78.348171 -0.555570 0.000000 -0.831470 0.230469 0.769531
0 -3.329346 0.000000 76.462248 -0.555570 0.000000 -0.831470 0.230469 0.984375
details.bmp
0 -6.151829 -3.000000 78.348171 -0.555570 0.000000 -0.831470 0.015625 0.769531
0 -3.329346 0.000000 76.462248 -0.555570 0.000000 -0.831470 0.230469 0.984375
0 -3.329346 -3.000000 76.462248 -0.555570 0.000000 -0.831470 0.015625 0.984375
details.bmp
0 -5.692210 -3.050000 78.807790 0.000000 -1.000000 -0.000000 0.015625 0.769531
0 -6.151829 -3.050000 78.348171 0.000000 -1.000000 -0.000000 0.230469 0.769531
0 -3.329346 -3.050000 76.462248 0.000000 -1.000000 -0.000000 0.230469 0.984375
details.bmp
0 -5.692210 -3.050000 78.807790 0.000000 -1.000000 0.000000 0.015625 0.769531
0 -3.329346 -3.050000 76.462248 0.000000 -1.000000 0.000000 0.230469 0.984375
0 -3.080602 -3.050000 77.062770 0.000000 -1.000000 0.000000 0.015625 0.984375
details.bmp
0 0.000000 -3.080000 84.500000 0.000000 -1.000000 0.000000 0.248047 0.501953
0 -5.692210 -3.080000 78.807790 0.000000 -1.000000 0.000000 0.083700 0.337606
0 -3.080602 -3.080000 77.062770 0.000000 -1.000000 0.000000 0.159103 0.287223
details.bmp
0 0.000000 0.000000 84.500000 0.000000 1.000000 0.000000 0.515625 0.769531
0 -3.329346 0.000000 76.462248 0.000000 1.000000 0.000000 0.730469 0.769531
0 -6.151829 0.000000 78.348171 0.000000 1.000000 0.000000 0.730469 0.984375
details.bmp
0 -3.329346 -3.000000 76.462248 -0.195090 0.000000 -0.980785 0.015625 0.769531
0 -3.329346 0.000000 76.462248 -0.195090 0.000000 -0.980785 0.230469 0.769531
0 -0.000000 0.000000 75.800000 -0.195090 0.000000 -0.980785 0.230469 0.984375
details.bmp
0 -3.329346 -3.000000 76.462248 -0.195090 0.000000 -0.980785 0.015625 0.769531
0 -0.000000 0.000000 75.800000 -0.195090 0.000000 -0.980785 0.230469 0.984375
0 -0.000000 -3.000000 75.800000 -0.195090 0.000000 -0.980785 0.015625 0.984375
details.bmp
0 -3.080602 -3.050000 77.062770 0.000000 -1.000000 -0.000000 0.015625 0.769531
0 -3.329346 -3.050000 76.462248 0.000000 -1.000000 -0.000000 0.230469 0.769531
0 -0.000000 -3.050000 75.800000 0.000000 -1.000000 -0.000000 0.230469 0.984375
details.bmp
0 -3.080602 -3.050000 77.062770 0.000000 -1.000000 0.000000 0.015625 0.769531
0 -0.000000 -3.050000 75.800000 0.000000 -1.000000 0.000000 0.230469 0.984375
0 -0.000000 -3.050000 76.450000 0.000000 -1.000000 0.000000 0.015625 0.984375
details.bmp
0 0.000000 -3.080000 84.500000 0.000000 -1.000000 0.000000 0.248047 0.501953
0 -3.080602 -3.080000 77.062770 0.000000 -1.000000 0.000000 0.159103 0.287223
0 -0.000000 -3.080000 76.450000 0.000000 -1.000000 0.000000 0.248047 0.269531
details.bmp
0 0.000000 0.000000 84.500000 0.000000 1.000000 0.000000 0.515625 0.769531
0 -0.000000 0.000000 75.800000 0.000000 1.000000 0.000000 0.730469 0.769531
0 -3.329346 0.000000 76.462248 0.000000 1.000000 0.000000 0.730469 0.984375
details.bmp
0 -0.000000 -3.000000 75.800000 0.195090 0.000000 -0.980785 0.015625 0.769531
0 -0.000000 0.000000 75.800000 0.195090 0.000000 -0.980785 0.230469 0.769531
0 3.329346 0.000000 76.462248 0.195090 0.000000 -0.980785 0.230469 0.984375
details.bmp
0 -0.000000 -3.000000 75.800000 0.195090 0.000000 -0.980785 0.015625 0.769531
0 3.329346 0.000000 76.462248 0.195090 0.000000 -0.980785 0.230469 0.984375
0 3.329346 -3.000000 76.462248 0.195090 0.000000 -0.980785 0.015625 0.984375
details.bmp
0 -0.000000 -3.050000 76.450000 0.000000 -1.000000 -0.000000 0.015625 0.769531
0 -0.000000 -3.050000 75.800000 0.000000 -1.000000 -0.000000 0.230469 0.769531
0 3.329346 -3.050000 76.462248 0.000000 -1.000000 -0.000000 0.230469 0.984375
details.bmp
0 -0.000000 -3.050000 76.450000 0.000000 -1.000000 0.000000 0.015625 0.769531
0 3.329346 -3.050000 76.462248 0.000000 -1.000000 0.000000 0.230469 0.984375
0 3.080602 -3.050000 77.062770 0.000000 -1.000000 0.000000 0.015625 0.984375
details.bmp
0 0.000000 -3.080000 84.500000 0.000000 -1.000000 -0.000000 0.248047 0.501953
0 -0.000000 -3.080000 76.450000 0.000000 -1.000000 -0.000000 0.248047 0.269531
0 3.080602 -3.080000 77.062770 0.000000 -1.000000 -0.000000 0.336991 0.287223
details.bmp
0 0.000000 0.000000 84.500000 0.000000 1.000000 0.000000 0.515625 0.769531
0 3.329346 0.000000 76.462248 0.000000 1.000000 0.000000 0.730469 0.769531
0 -0.000000 0.000000 75.800000 0.000000 1.000000 0.000000 0.730469 0.984375
details.bmp
0 3.329346 -3.000000 76.462248 0.555570 0.000000 -0.831470 0.015625 0.769531
0 3.329346 0.000000 76.462248 0.555570 0.000000 -0.831470 0.230469 0.769531
0 6.151829 0.000000 78.348171 0.555570 0.000000 -0.831470 0.230469 0.984375
details.bmp
0 3.329346 -3.000000 76.462248 0.555570 0.000000 -0.831470 0.015625 0.769531
0 6.151829 0.000000 78.348171 0.555570 0.000000 -0.831470 0.230469 0.984375
0 6.151829 -3.000000 78.348171 0.555570 0.000000 -0.831470 0.015625 0.984375
details.bmp
0 3.080602 -3.050000 77.062770 0.000000 -1.000000 0.000000 0.015625 0.769531
0 3.329346 -3.050000 76.462248 0.000000 -1.000000 0.000000 0.230469 0.769531
0 6.151829 -3.050000 78.348171 0.000000 -1.000000 0.000000 0.230469 0.984375
details.bmp
0 3.080602 -3.050000 77.062770 0.000000 -1.000000 0.000000 0.015625 0.769531
0 6.151829 -3.050000 78.348171 0.000000 -1.000000 0.000000 0.230469 0.984375
0 5.692210 -3.050000 78.807790 0.000000 -1.000000 0.000000 0.015625 0.984375
details.bmp
0 0.000000 -3.080000 84.500000 0.000000 -1.000000 0.000000 0.248047 0.501953
0 3.080602 -3.080000 77.062770 0.000000 -1.000000 0.000000 0.336991 0.287223
0 5.692210 -3.080000 78.807790 0.000000 -1.000000 0.000000 0.412394 0.337606
details.bmp
0 0.000000 0.000000 84.500000 0.000000 1.000000 0.000000 0.515625 0.769531
0 6.151829 0.000000 78.348171 0.000000 1.000000 0.000000 0.730469 0.769531
0 3.329346 0.000000 76.462248 0.000000 1.000000 0.000000 0.730469 0.984375
details.bmp
0 6.151829 -3.000000 78.348171 0.831470 0.000000 -0.555570 0.015625 0.769531
0 6.151829 0.000000 78.348171 0.831470 0.000000 -0.555570 0.230469 0.769531
0 8.037752 0.000000 81.170654 0.831470 0.000000 -0.555570 0.230469 0.984375
details.bmp
0 6.151829 -3.000000 78.348171 0.831470 0.000000 -0.555570 0.015625 0.769531
0 8.037752 0.000000 81.170654 0.831470 0.000000 -0.555570 0.230469 0.984375
0 8.037752 -3.000000 81.170654 0.831470 0.000000 -0.555570 0.015625 0.984375
details.bmp
0 5.692210 -3.050000 78.807790 0.000000 -1.000000 0.000000 0.015625 0.769531
0 6.151829 -3.050000 78.348171 0.000000 -1.000000 0.000000 0.230469 0.769531
0 8.037752 -3.050000 81.170654 0.000000 -1.000000 0.000000 0.230469 0.984375
details.bmp
0 5.692210 -3.050000 78.807790 0.000000 -1.000000 0.000000 0.015625 0.769531
0 8.037752 -3.050000 81.170654 0.000000 -1.000000 0.000000 0.230469 0.984375
0 7.437230 -3.050000 81.419398 0.000000 -1.000000 0.000000 0.015625 0.984375
details.bmp
0 0.000000 -3.080000 84.500000 0.000000 -1.000000 0.000000 0.248047 0.501953
0 5.692210 -3.080000 78.807790 0.000000 -1.000000 0.000000 0.412394 0.337606
0 7.437230 -3.080000 81.419398 0.000000 -1.000000 0.000000 0.462777 0.413009
details.bmp
0 0.000000 0.000000 84.500000 0.000000 1.000000 0.000000 0.515625 0.769531
0 8.037752 0.000000 81.170654 0.000000 1.000000 0.000000 0.730469 0.769531
0 6.151829 0.000000 78.348171 0.000000 1.000000 0.000000 0.730469 0.984375
details.bmp
0 8.037752 -3.000000 81.170654 0.980785 0.000000 -0.195090 0.015625 0.769531
0 8.037752 0.000000 81.170654 0.980785 0.000000 -0.195090 0.230469 0.769531
0 8.700000 0.000000 84.500000 0.980785 0.000000 -0.195090 0.230469 0.984375
details.bmp
0 8.037752 -3.000000 81.170654 0.980785 0.000000 -0.195090 0.015625 0.769531
0 8.700000 0.000000 84.500000 0.980785 0.000000 -0.195090 0.230469 0.984375
0 8.700000 -3.000000 84.500000 0.980785 0.000000 -0.195090 0.015625 0.984375
details.bmp
0 7.437230 -3.050000 81.419398 0.000000 -1.000000 0.000000 0.015625 0.769531
0 8.037752 -3.050000 81.170654 0.000000 -1.000000 0.000000 0.230469 0.769531
0 8.700000 -3.050000 84.500000 0.000000 -1.000000 0.000000 0.230469 0.984375
details.bmp
0 7.437230 -3.050000 81.419398 0.000000 -1.000000 0.000000 0.015625 0.769531
0 8.700000 -3.050000 84.500000 0.000000 -1.000000 0.000000 0.230469 0.984375
0 8.050000 -3.050000 84.500000 0.000000 -1.000000 0.000000 0.015625 0.984375
details.bmp
0 0.000000 -3.080000 84.500000 0.000000 -1.000000 0.000000 0.248047 0.501953
0 7.437230 -3.080000 81.419398 0.000000 -1.000000 0.000000 0.462777 0.413009
0 8.050000 -3.080000 84.500000 0.000000 -1.000000 0.000000 0.480469 0.501953
details.bmp
0 0.000000 0.000000 84.500000 -0.000000 1.000000 0.000000 0.515625 0.769531
0 8.700000 0.000000 84.500000 -0.000000 1.000000 0.000000 0.730469 0.769531
0 8.037752 0.000000 81.170654 -0.000000 1.000000 0.000000 0.730469 0.984375
end
