# Original HL1-inspired StaminUp; Z up; front is -Y; dimensions in GoldSrc units
mtllib staminup.mtl
v -18.050000 -14.000000 3.851000
v 18.050000 -14.000000 3.851000
v 19.950000 -14.000000 5.805000
vt 0.078833 0.021270
vt 0.921167 0.021270
vt 0.965500 0.047147
vn 0.000000 -1.000000 0.000000
g cabinet_front
usemtl cabinet
f 1/1/1 2/2/1 3/3/1
v -18.050000 -14.000000 3.851000
v 19.950000 -14.000000 5.805000
v 19.950000 -14.000000 69.310000
vt 0.078833 0.021270
vt 0.965500 0.047147
vt 0.965500 0.888159
vn 0.000000 -1.000000 0.000000
g cabinet_front
usemtl cabinet
f 4/4/2 5/5/2 6/6/2
v -18.050000 -14.000000 3.851000
v 19.950000 -14.000000 69.310000
v 15.200000 -14.000000 76.149000
vt 0.078833 0.021270
vt 0.965500 0.888159
vt 0.854667 0.978730
vn 0.000000 -1.000000 0.000000
g cabinet_front
usemtl cabinet
f 7/7/3 8/8/3 9/9/3
v -18.050000 -14.000000 3.851000
v 15.200000 -14.000000 76.149000
v -15.200000 -14.000000 76.149000
vt 0.078833 0.021270
vt 0.854667 0.978730
vt 0.145333 0.978730
vn 0.000000 -1.000000 0.000000
g cabinet_front
usemtl cabinet
f 10/10/4 11/11/4 12/12/4
v -18.050000 -14.000000 3.851000
v -15.200000 -14.000000 76.149000
v -19.950000 -14.000000 69.310000
vt 0.078833 0.021270
vt 0.145333 0.978730
vt 0.034500 0.888159
vn 0.000000 -1.000000 0.000000
g cabinet_front
usemtl cabinet
f 13/13/5 14/14/5 15/15/5
v -18.050000 -14.000000 3.851000
v -19.950000 -14.000000 69.310000
v -19.950000 -14.000000 5.805000
vt 0.078833 0.021270
vt 0.034500 0.888159
vt 0.034500 0.047147
vn 0.000000 -1.000000 0.000000
g cabinet_front
usemtl cabinet
f 16/16/6 17/17/6 18/18/6
v -18.050000 -14.000000 3.851000
v -19.000000 -12.000000 3.000000
v 19.000000 -12.000000 3.000000
vt 0.515625 0.769531
vt 0.730469 0.769531
vt 0.730469 0.984375
vn 0.000000 -0.391530 -0.920165
g cabinet_bevel
usemtl details
f 19/19/7 20/20/7 21/21/7
v -18.050000 -14.000000 3.851000
v 19.000000 -12.000000 3.000000
v 18.050000 -14.000000 3.851000
vt 0.515625 0.769531
vt 0.730469 0.984375
vt 0.515625 0.984375
vn 0.000000 -0.391530 -0.920165
g cabinet_bevel
usemtl details
f 22/22/8 23/23/8 24/24/8
v 18.050000 -14.000000 3.851000
v 19.000000 -12.000000 3.000000
v 21.000000 -12.000000 5.000000
vt 0.515625 0.769531
vt 0.730469 0.769531
vt 0.730469 0.984375
vn 0.596454 -0.537107 -0.596454
g cabinet_bevel
usemtl details
f 25/25/9 26/26/9 27/27/9
v 18.050000 -14.000000 3.851000
v 21.000000 -12.000000 5.000000
v 19.950000 -14.000000 5.805000
vt 0.515625 0.769531
vt 0.730469 0.984375
vt 0.515625 0.984375
vn 0.599196 -0.549089 -0.582637
g cabinet_bevel
usemtl details
f 28/28/10 29/29/10 30/30/10
v 19.950000 -14.000000 5.805000
v 21.000000 -12.000000 5.000000
v 21.000000 -12.000000 70.000000
vt 0.515625 0.769531
vt 0.730469 0.769531
vt 0.730469 0.984375
vn 0.885398 -0.464834 0.000000
g cabinet_bevel
usemtl details
f 31/31/11 32/32/11 33/33/11
v 19.950000 -14.000000 5.805000
v 21.000000 -12.000000 70.000000
v 19.950000 -14.000000 69.310000
vt 0.515625 0.769531
vt 0.730469 0.984375
vt 0.515625 0.984375
vn 0.885398 -0.464834 0.000000
g cabinet_bevel
usemtl details
f 34/34/12 35/35/12 36/36/12
v 19.950000 -14.000000 69.310000
v 21.000000 -12.000000 70.000000
v 16.000000 -12.000000 77.000000
vt 0.515625 0.769531
vt 0.730469 0.769531
vt 0.730469 0.984375
vn 0.689195 -0.531665 0.492282
g cabinet_bevel
usemtl details
f 37/37/13 38/38/13 39/39/13
v 19.950000 -14.000000 69.310000
v 16.000000 -12.000000 77.000000
v 15.200000 -14.000000 76.149000
vt 0.515625 0.769531
vt 0.730469 0.984375
vt 0.515625 0.984375
vn 0.713167 -0.496028 0.495327
g cabinet_bevel
usemtl details
f 40/40/14 41/41/14 42/42/14
v 15.200000 -14.000000 76.149000
v 16.000000 -12.000000 77.000000
v -16.000000 -12.000000 77.000000
vt 0.515625 0.769531
vt 0.730469 0.769531
vt 0.730469 0.984375
vn 0.000000 -0.391530 0.920165
g cabinet_bevel
usemtl details
f 43/43/15 44/44/15 45/45/15
v 15.200000 -14.000000 76.149000
v -16.000000 -12.000000 77.000000
v -15.200000 -14.000000 76.149000
vt 0.515625 0.769531
vt 0.730469 0.984375
vt 0.515625 0.984375
vn 0.000000 -0.391530 0.920165
g cabinet_bevel
usemtl details
f 46/46/16 47/47/16 48/48/16
v -15.200000 -14.000000 76.149000
v -16.000000 -12.000000 77.000000
v -21.000000 -12.000000 70.000000
vt 0.515625 0.769531
vt 0.730469 0.769531
vt 0.730469 0.984375
vn -0.706098 -0.497042 0.504356
g cabinet_bevel
usemtl details
f 49/49/17 50/50/17 51/51/17
v -15.200000 -14.000000 76.149000
v -21.000000 -12.000000 70.000000
v -19.950000 -14.000000 69.310000
vt 0.515625 0.769531
vt 0.730469 0.984375
vt 0.515625 0.984375
vn -0.695546 -0.531827 0.483089
g cabinet_bevel
usemtl details
f 52/52/18 53/53/18 54/54/18
v -19.950000 -14.000000 69.310000
v -21.000000 -12.000000 70.000000
v -21.000000 -12.000000 5.000000
vt 0.515625 0.769531
vt 0.730469 0.769531
vt 0.730469 0.984375
vn -0.885398 -0.464834 0.000000
g cabinet_bevel
usemtl details
f 55/55/19 56/56/19 57/57/19
v -19.950000 -14.000000 69.310000
v -21.000000 -12.000000 5.000000
v -19.950000 -14.000000 5.805000
vt 0.515625 0.769531
vt 0.730469 0.984375
vt 0.515625 0.984375
vn -0.885398 -0.464834 -0.000000
g cabinet_bevel
usemtl details
f 58/58/20 59/59/20 60/60/20
v -19.950000 -14.000000 5.805000
v -21.000000 -12.000000 5.000000
v -19.000000 -12.000000 3.000000
vt 0.515625 0.769531
vt 0.730469 0.769531
vt 0.730469 0.984375
vn -0.591286 -0.548418 -0.591286
g cabinet_bevel
usemtl details
f 61/61/21 62/62/21 63/63/21
v -19.950000 -14.000000 5.805000
v -19.000000 -12.000000 3.000000
v -18.050000 -14.000000 3.851000
vt 0.515625 0.769531
vt 0.730469 0.984375
vt 0.515625 0.984375
vn -0.604635 -0.537364 -0.587926
g cabinet_bevel
usemtl details
f 64/64/22 65/65/22 66/66/22
v -19.000000 -12.000000 3.000000
v -19.000000 13.000000 3.000000
v 19.000000 13.000000 3.000000
vt 0.265625 0.769531
vt 0.480469 0.769531
vt 0.480469 0.984375
vn 0.000000 0.000000 -1.000000
g cabinet_shell
usemtl details
f 67/67/23 68/68/23 69/69/23
v -19.000000 -12.000000 3.000000
v 19.000000 13.000000 3.000000
v 19.000000 -12.000000 3.000000
vt 0.265625 0.769531
vt 0.480469 0.984375
vt 0.265625 0.984375
vn 0.000000 0.000000 -1.000000
g cabinet_shell
usemtl details
f 70/70/24 71/71/24 72/72/24
v 19.000000 -12.000000 3.000000
v 19.000000 13.000000 3.000000
v 21.000000 13.000000 5.000000
vt 0.265625 0.769531
vt 0.480469 0.769531
vt 0.480469 0.984375
vn 0.707107 0.000000 -0.707107
g cabinet_shell
usemtl details
f 73/73/25 74/74/25 75/75/25
v 19.000000 -12.000000 3.000000
v 21.000000 13.000000 5.000000
v 21.000000 -12.000000 5.000000
vt 0.265625 0.769531
vt 0.480469 0.984375
vt 0.265625 0.984375
vn 0.707107 0.000000 -0.707107
g cabinet_shell
usemtl details
f 76/76/26 77/77/26 78/78/26
v 21.000000 -12.000000 5.000000
v 21.000000 13.000000 5.000000
v 21.000000 13.000000 70.000000
vt 0.020000 0.027027
vt 0.980000 0.027027
vt 0.980000 0.905405
vn 1.000000 0.000000 0.000000
g cabinet_shell
usemtl sides
f 79/79/27 80/80/27 81/81/27
v 21.000000 -12.000000 5.000000
v 21.000000 13.000000 70.000000
v 21.000000 -12.000000 70.000000
vt 0.020000 0.027027
vt 0.980000 0.905405
vt 0.020000 0.905405
vn 1.000000 0.000000 0.000000
g cabinet_shell
usemtl sides
f 82/82/28 83/83/28 84/84/28
v 21.000000 -12.000000 70.000000
v 21.000000 13.000000 70.000000
v 16.000000 13.000000 77.000000
vt 0.515625 0.769531
vt 0.730469 0.769531
vt 0.730469 0.984375
vn 0.813733 -0.000000 0.581238
g cabinet_shell
usemtl details
f 85/85/29 86/86/29 87/87/29
v 21.000000 -12.000000 70.000000
v 16.000000 13.000000 77.000000
v 16.000000 -12.000000 77.000000
vt 0.515625 0.769531
vt 0.730469 0.984375
vt 0.515625 0.984375
vn 0.813733 0.000000 0.581238
g cabinet_shell
usemtl details
f 88/88/30 89/89/30 90/90/30
v 16.000000 -12.000000 77.000000
v 16.000000 13.000000 77.000000
v -16.000000 13.000000 77.000000
vt 0.515625 0.769531
vt 0.730469 0.769531
vt 0.730469 0.984375
vn 0.000000 -0.000000 1.000000
g cabinet_shell
usemtl details
f 91/91/31 92/92/31 93/93/31
v 16.000000 -12.000000 77.000000
v -16.000000 13.000000 77.000000
v -16.000000 -12.000000 77.000000
vt 0.515625 0.769531
vt 0.730469 0.984375
vt 0.515625 0.984375
vn 0.000000 0.000000 1.000000
g cabinet_shell
usemtl details
f 94/94/32 95/95/32 96/96/32
v -16.000000 -12.000000 77.000000
v -16.000000 13.000000 77.000000
v -21.000000 13.000000 70.000000
vt 0.515625 0.769531
vt 0.730469 0.769531
vt 0.730469 0.984375
vn -0.813733 0.000000 0.581238
g cabinet_shell
usemtl details
f 97/97/33 98/98/33 99/99/33
v -16.000000 -12.000000 77.000000
v -21.000000 13.000000 70.000000
v -21.000000 -12.000000 70.000000
vt 0.515625 0.769531
vt 0.730469 0.984375
vt 0.515625 0.984375
vn -0.813733 0.000000 0.581238
g cabinet_shell
usemtl details
f 100/100/34 101/101/34 102/102/34
v -21.000000 -12.000000 70.000000
v -21.000000 13.000000 70.000000
v -21.000000 13.000000 5.000000
vt 0.980000 0.905405
vt 0.020000 0.905405
vt 0.020000 0.027027
vn -1.000000 0.000000 0.000000
g cabinet_shell
usemtl sides
f 103/103/35 104/104/35 105/105/35
v -21.000000 -12.000000 70.000000
v -21.000000 13.000000 5.000000
v -21.000000 -12.000000 5.000000
vt 0.980000 0.905405
vt 0.020000 0.027027
vt 0.980000 0.027027
vn -1.000000 0.000000 0.000000
g cabinet_shell
usemtl sides
f 106/106/36 107/107/36 108/108/36
v -21.000000 -12.000000 5.000000
v -21.000000 13.000000 5.000000
v -19.000000 13.000000 3.000000
vt 0.265625 0.769531
vt 0.480469 0.769531
vt 0.480469 0.984375
vn -0.707107 0.000000 -0.707107
g cabinet_shell
usemtl details
f 109/109/37 110/110/37 111/111/37
v -21.000000 -12.000000 5.000000
v -19.000000 13.000000 3.000000
v -19.000000 -12.000000 3.000000
vt 0.265625 0.769531
vt 0.480469 0.984375
vt 0.265625 0.984375
vn -0.707107 0.000000 -0.707107
g cabinet_shell
usemtl details
f 112/112/38 113/113/38 114/114/38
v -21.000000 13.000000 5.000000
v -21.000000 13.000000 70.000000
v -16.000000 13.000000 77.000000
vt 0.990000 0.036486
vt 0.990000 0.897297
vt 0.873333 0.990000
vn 0.000000 1.000000 0.000000
g rear_service_panel
usemtl rear
f 115/115/39 116/116/39 117/117/39
v -21.000000 13.000000 5.000000
v -16.000000 13.000000 77.000000
v 16.000000 13.000000 77.000000
vt 0.990000 0.036486
vt 0.873333 0.990000
vt 0.126667 0.990000
vn 0.000000 1.000000 0.000000
g rear_service_panel
usemtl rear
f 118/118/40 119/119/40 120/120/40
v -21.000000 13.000000 5.000000
v 16.000000 13.000000 77.000000
v 21.000000 13.000000 70.000000
vt 0.990000 0.036486
vt 0.126667 0.990000
vt 0.010000 0.897297
vn 0.000000 1.000000 0.000000
g rear_service_panel
usemtl rear
f 121/121/41 122/122/41 123/123/41
v -21.000000 13.000000 5.000000
v 21.000000 13.000000 70.000000
v 21.000000 13.000000 5.000000
vt 0.990000 0.036486
vt 0.010000 0.897297
vt 0.010000 0.036486
vn 0.000000 1.000000 0.000000
g rear_service_panel
usemtl rear
f 124/124/42 125/125/42 126/126/42
v -21.000000 13.000000 5.000000
v 21.000000 13.000000 5.000000
v 19.000000 13.000000 3.000000
vt 0.990000 0.036486
vt 0.010000 0.036486
vt 0.056667 0.010000
vn -0.000000 1.000000 0.000000
g rear_service_panel
usemtl rear
f 127/127/43 128/128/43 129/129/43
v -21.000000 13.000000 5.000000
v 19.000000 13.000000 3.000000
v -19.000000 13.000000 3.000000
vt 0.990000 0.036486
vt 0.056667 0.010000
vt 0.943333 0.010000
vn 0.000000 1.000000 0.000000
g rear_service_panel
usemtl rear
f 130/130/44 131/131/44 132/132/44
v -21.500000 -13.500000 1.000000
v 21.500000 -13.500000 1.000000
v 21.500000 -13.500000 4.000000
vt 0.265625 0.769531
vt 0.480469 0.769531
vt 0.480469 0.984375
vn 0.000000 -1.000000 0.000000
g base_plinth
usemtl details
f 133/133/45 134/134/45 135/135/45
v -21.500000 -13.500000 1.000000
v 21.500000 -13.500000 4.000000
v -21.500000 -13.500000 4.000000
vt 0.265625 0.769531
vt 0.480469 0.984375
vt 0.265625 0.984375
vn 0.000000 -1.000000 0.000000
g base_plinth
usemtl details
f 136/136/46 137/137/46 138/138/46
v 21.500000 13.500000 1.000000
v -21.500000 13.500000 1.000000
v -21.500000 13.500000 4.000000
vt 0.265625 0.769531
vt 0.480469 0.769531
vt 0.480469 0.984375
vn 0.000000 1.000000 0.000000
g base_plinth
usemtl details
f 139/139/47 140/140/47 141/141/47
v 21.500000 13.500000 1.000000
v -21.500000 13.500000 4.000000
v 21.500000 13.500000 4.000000
vt 0.265625 0.769531
vt 0.480469 0.984375
vt 0.265625 0.984375
vn 0.000000 1.000000 -0.000000
g base_plinth
usemtl details
f 142/142/48 143/143/48 144/144/48
v -21.500000 13.500000 1.000000
v -21.500000 -13.500000 1.000000
v -21.500000 -13.500000 4.000000
vt 0.265625 0.769531
vt 0.480469 0.769531
vt 0.480469 0.984375
vn -1.000000 0.000000 0.000000
g base_plinth
usemtl details
f 145/145/49 146/146/49 147/147/49
v -21.500000 13.500000 1.000000
v -21.500000 -13.500000 4.000000
v -21.500000 13.500000 4.000000
vt 0.265625 0.769531
vt 0.480469 0.984375
vt 0.265625 0.984375
vn -1.000000 0.000000 0.000000
g base_plinth
usemtl details
f 148/148/50 149/149/50 150/150/50
v 21.500000 -13.500000 1.000000
v 21.500000 13.500000 1.000000
v 21.500000 13.500000 4.000000
vt 0.265625 0.769531
vt 0.480469 0.769531
vt 0.480469 0.984375
vn 1.000000 0.000000 0.000000
g base_plinth
usemtl details
f 151/151/51 152/152/51 153/153/51
v 21.500000 -13.500000 1.000000
v 21.500000 13.500000 4.000000
v 21.500000 -13.500000 4.000000
vt 0.265625 0.769531
vt 0.480469 0.984375
vt 0.265625 0.984375
vn 1.000000 0.000000 0.000000
g base_plinth
usemtl details
f 154/154/52 155/155/52 156/156/52
v -21.500000 -13.500000 4.000000
v 21.500000 -13.500000 4.000000
v 21.500000 13.500000 4.000000
vt 0.265625 0.769531
vt 0.480469 0.769531
vt 0.480469 0.984375
vn 0.000000 0.000000 1.000000
g base_plinth
usemtl details
f 157/157/53 158/158/53 159/159/53
v -21.500000 -13.500000 4.000000
v 21.500000 13.500000 4.000000
v -21.500000 13.500000 4.000000
vt 0.265625 0.769531
vt 0.480469 0.984375
vt 0.265625 0.984375
vn 0.000000 0.000000 1.000000
g base_plinth
usemtl details
f 160/160/54 161/161/54 162/162/54
v -21.500000 13.500000 1.000000
v 21.500000 13.500000 1.000000
v 21.500000 -13.500000 1.000000
vt 0.265625 0.769531
vt 0.480469 0.769531
vt 0.480469 0.984375
vn 0.000000 0.000000 -1.000000
g base_plinth
usemtl details
f 163/163/55 164/164/55 165/165/55
v -21.500000 13.500000 1.000000
v 21.500000 -13.500000 1.000000
v -21.500000 -13.500000 1.000000
vt 0.265625 0.769531
vt 0.480469 0.984375
vt 0.265625 0.984375
vn 0.000000 0.000000 -1.000000
g base_plinth
usemtl details
f 166/166/56 167/167/56 168/168/56
v -19.000000 -11.000000 0.000000
v -15.000000 -11.000000 0.000000
v -15.000000 -11.000000 1.300000
vt 0.898438 0.136719
vt 0.980469 0.136719
vt 0.980469 0.226562
vn 0.000000 -1.000000 0.000000
g rubber_foot
usemtl details
f 169/169/57 170/170/57 171/171/57
v -19.000000 -11.000000 0.000000
v -15.000000 -11.000000 1.300000
v -19.000000 -11.000000 1.300000
vt 0.898438 0.136719
vt 0.980469 0.226562
vt 0.898438 0.226562
vn 0.000000 -1.000000 0.000000
g rubber_foot
usemtl details
f 172/172/58 173/173/58 174/174/58
v -15.000000 -7.000000 0.000000
v -19.000000 -7.000000 0.000000
v -19.000000 -7.000000 1.300000
vt 0.898438 0.136719
vt 0.980469 0.136719
vt 0.980469 0.226562
vn 0.000000 1.000000 0.000000
g rubber_foot
usemtl details
f 175/175/59 176/176/59 177/177/59
v -15.000000 -7.000000 0.000000
v -19.000000 -7.000000 1.300000
v -15.000000 -7.000000 1.300000
vt 0.898438 0.136719
vt 0.980469 0.226562
vt 0.898438 0.226562
vn 0.000000 1.000000 -0.000000
g rubber_foot
usemtl details
f 178/178/60 179/179/60 180/180/60
v -19.000000 -7.000000 0.000000
v -19.000000 -11.000000 0.000000
v -19.000000 -11.000000 1.300000
vt 0.898438 0.136719
vt 0.980469 0.136719
vt 0.980469 0.226562
vn -1.000000 0.000000 0.000000
g rubber_foot
usemtl details
f 181/181/61 182/182/61 183/183/61
v -19.000000 -7.000000 0.000000
v -19.000000 -11.000000 1.300000
v -19.000000 -7.000000 1.300000
vt 0.898438 0.136719
vt 0.980469 0.226562
vt 0.898438 0.226562
vn -1.000000 0.000000 0.000000
g rubber_foot
usemtl details
f 184/184/62 185/185/62 186/186/62
v -15.000000 -11.000000 0.000000
v -15.000000 -7.000000 0.000000
v -15.000000 -7.000000 1.300000
vt 0.898438 0.136719
vt 0.980469 0.136719
vt 0.980469 0.226562
vn 1.000000 0.000000 0.000000
g rubber_foot
usemtl details
f 187/187/63 188/188/63 189/189/63
v -15.000000 -11.000000 0.000000
v -15.000000 -7.000000 1.300000
v -15.000000 -11.000000 1.300000
vt 0.898438 0.136719
vt 0.980469 0.226562
vt 0.898438 0.226562
vn 1.000000 0.000000 0.000000
g rubber_foot
usemtl details
f 190/190/64 191/191/64 192/192/64
v -19.000000 -11.000000 1.300000
v -15.000000 -11.000000 1.300000
v -15.000000 -7.000000 1.300000
vt 0.898438 0.136719
vt 0.980469 0.136719
vt 0.980469 0.226562
vn 0.000000 0.000000 1.000000
g rubber_foot
usemtl details
f 193/193/65 194/194/65 195/195/65
v -19.000000 -11.000000 1.300000
v -15.000000 -7.000000 1.300000
v -19.000000 -7.000000 1.300000
vt 0.898438 0.136719
vt 0.980469 0.226562
vt 0.898438 0.226562
vn 0.000000 0.000000 1.000000
g rubber_foot
usemtl details
f 196/196/66 197/197/66 198/198/66
v -19.000000 -7.000000 0.000000
v -15.000000 -7.000000 0.000000
v -15.000000 -11.000000 0.000000
vt 0.898438 0.136719
vt 0.980469 0.136719
vt 0.980469 0.226562
vn 0.000000 0.000000 -1.000000
g rubber_foot
usemtl details
f 199/199/67 200/200/67 201/201/67
v -19.000000 -7.000000 0.000000
v -15.000000 -11.000000 0.000000
v -19.000000 -11.000000 0.000000
vt 0.898438 0.136719
vt 0.980469 0.226562
vt 0.898438 0.226562
vn 0.000000 0.000000 -1.000000
g rubber_foot
usemtl details
f 202/202/68 203/203/68 204/204/68
v -19.000000 7.000000 0.000000
v -15.000000 7.000000 0.000000
v -15.000000 7.000000 1.300000
vt 0.898438 0.136719
vt 0.980469 0.136719
vt 0.980469 0.226562
vn 0.000000 -1.000000 0.000000
g rubber_foot
usemtl details
f 205/205/69 206/206/69 207/207/69
v -19.000000 7.000000 0.000000
v -15.000000 7.000000 1.300000
v -19.000000 7.000000 1.300000
vt 0.898438 0.136719
vt 0.980469 0.226562
vt 0.898438 0.226562
vn 0.000000 -1.000000 0.000000
g rubber_foot
usemtl details
f 208/208/70 209/209/70 210/210/70
v -15.000000 11.000000 0.000000
v -19.000000 11.000000 0.000000
v -19.000000 11.000000 1.300000
vt 0.898438 0.136719
vt 0.980469 0.136719
vt 0.980469 0.226562
vn 0.000000 1.000000 0.000000
g rubber_foot
usemtl details
f 211/211/71 212/212/71 213/213/71
v -15.000000 11.000000 0.000000
v -19.000000 11.000000 1.300000
v -15.000000 11.000000 1.300000
vt 0.898438 0.136719
vt 0.980469 0.226562
vt 0.898438 0.226562
vn 0.000000 1.000000 -0.000000
g rubber_foot
usemtl details
f 214/214/72 215/215/72 216/216/72
v -19.000000 11.000000 0.000000
v -19.000000 7.000000 0.000000
v -19.000000 7.000000 1.300000
vt 0.898438 0.136719
vt 0.980469 0.136719
vt 0.980469 0.226562
vn -1.000000 0.000000 0.000000
g rubber_foot
usemtl details
f 217/217/73 218/218/73 219/219/73
v -19.000000 11.000000 0.000000
v -19.000000 7.000000 1.300000
v -19.000000 11.000000 1.300000
vt 0.898438 0.136719
vt 0.980469 0.226562
vt 0.898438 0.226562
vn -1.000000 0.000000 0.000000
g rubber_foot
usemtl details
f 220/220/74 221/221/74 222/222/74
v -15.000000 7.000000 0.000000
v -15.000000 11.000000 0.000000
v -15.000000 11.000000 1.300000
vt 0.898438 0.136719
vt 0.980469 0.136719
vt 0.980469 0.226562
vn 1.000000 0.000000 0.000000
g rubber_foot
usemtl details
f 223/223/75 224/224/75 225/225/75
v -15.000000 7.000000 0.000000
v -15.000000 11.000000 1.300000
v -15.000000 7.000000 1.300000
vt 0.898438 0.136719
vt 0.980469 0.226562
vt 0.898438 0.226562
vn 1.000000 0.000000 0.000000
g rubber_foot
usemtl details
f 226/226/76 227/227/76 228/228/76
v -19.000000 7.000000 1.300000
v -15.000000 7.000000 1.300000
v -15.000000 11.000000 1.300000
vt 0.898438 0.136719
vt 0.980469 0.136719
vt 0.980469 0.226562
vn 0.000000 0.000000 1.000000
g rubber_foot
usemtl details
f 229/229/77 230/230/77 231/231/77
v -19.000000 7.000000 1.300000
v -15.000000 11.000000 1.300000
v -19.000000 11.000000 1.300000
vt 0.898438 0.136719
vt 0.980469 0.226562
vt 0.898438 0.226562
vn 0.000000 0.000000 1.000000
g rubber_foot
usemtl details
f 232/232/78 233/233/78 234/234/78
v -19.000000 11.000000 0.000000
v -15.000000 11.000000 0.000000
v -15.000000 7.000000 0.000000
vt 0.898438 0.136719
vt 0.980469 0.136719
vt 0.980469 0.226562
vn 0.000000 0.000000 -1.000000
g rubber_foot
usemtl details
f 235/235/79 236/236/79 237/237/79
v -19.000000 11.000000 0.000000
v -15.000000 7.000000 0.000000
v -19.000000 7.000000 0.000000
vt 0.898438 0.136719
vt 0.980469 0.226562
vt 0.898438 0.226562
vn 0.000000 0.000000 -1.000000
g rubber_foot
usemtl details
f 238/238/80 239/239/80 240/240/80
v 15.000000 -11.000000 0.000000
v 19.000000 -11.000000 0.000000
v 19.000000 -11.000000 1.300000
vt 0.898438 0.136719
vt 0.980469 0.136719
vt 0.980469 0.226562
vn 0.000000 -1.000000 0.000000
g rubber_foot
usemtl details
f 241/241/81 242/242/81 243/243/81
v 15.000000 -11.000000 0.000000
v 19.000000 -11.000000 1.300000
v 15.000000 -11.000000 1.300000
vt 0.898438 0.136719
vt 0.980469 0.226562
vt 0.898438 0.226562
vn 0.000000 -1.000000 0.000000
g rubber_foot
usemtl details
f 244/244/82 245/245/82 246/246/82
v 19.000000 -7.000000 0.000000
v 15.000000 -7.000000 0.000000
v 15.000000 -7.000000 1.300000
vt 0.898438 0.136719
vt 0.980469 0.136719
vt 0.980469 0.226562
vn 0.000000 1.000000 0.000000
g rubber_foot
usemtl details
f 247/247/83 248/248/83 249/249/83
v 19.000000 -7.000000 0.000000
v 15.000000 -7.000000 1.300000
v 19.000000 -7.000000 1.300000
vt 0.898438 0.136719
vt 0.980469 0.226562
vt 0.898438 0.226562
vn 0.000000 1.000000 -0.000000
g rubber_foot
usemtl details
f 250/250/84 251/251/84 252/252/84
v 15.000000 -7.000000 0.000000
v 15.000000 -11.000000 0.000000
v 15.000000 -11.000000 1.300000
vt 0.898438 0.136719
vt 0.980469 0.136719
vt 0.980469 0.226562
vn -1.000000 0.000000 0.000000
g rubber_foot
usemtl details
f 253/253/85 254/254/85 255/255/85
v 15.000000 -7.000000 0.000000
v 15.000000 -11.000000 1.300000
v 15.000000 -7.000000 1.300000
vt 0.898438 0.136719
vt 0.980469 0.226562
vt 0.898438 0.226562
vn -1.000000 0.000000 0.000000
g rubber_foot
usemtl details
f 256/256/86 257/257/86 258/258/86
v 19.000000 -11.000000 0.000000
v 19.000000 -7.000000 0.000000
v 19.000000 -7.000000 1.300000
vt 0.898438 0.136719
vt 0.980469 0.136719
vt 0.980469 0.226562
vn 1.000000 0.000000 0.000000
g rubber_foot
usemtl details
f 259/259/87 260/260/87 261/261/87
v 19.000000 -11.000000 0.000000
v 19.000000 -7.000000 1.300000
v 19.000000 -11.000000 1.300000
vt 0.898438 0.136719
vt 0.980469 0.226562
vt 0.898438 0.226562
vn 1.000000 0.000000 0.000000
g rubber_foot
usemtl details
f 262/262/88 263/263/88 264/264/88
v 15.000000 -11.000000 1.300000
v 19.000000 -11.000000 1.300000
v 19.000000 -7.000000 1.300000
vt 0.898438 0.136719
vt 0.980469 0.136719
vt 0.980469 0.226562
vn 0.000000 0.000000 1.000000
g rubber_foot
usemtl details
f 265/265/89 266/266/89 267/267/89
v 15.000000 -11.000000 1.300000
v 19.000000 -7.000000 1.300000
v 15.000000 -7.000000 1.300000
vt 0.898438 0.136719
vt 0.980469 0.226562
vt 0.898438 0.226562
vn 0.000000 0.000000 1.000000
g rubber_foot
usemtl details
f 268/268/90 269/269/90 270/270/90
v 15.000000 -7.000000 0.000000
v 19.000000 -7.000000 0.000000
v 19.000000 -11.000000 0.000000
vt 0.898438 0.136719
vt 0.980469 0.136719
vt 0.980469 0.226562
vn 0.000000 0.000000 -1.000000
g rubber_foot
usemtl details
f 271/271/91 272/272/91 273/273/91
v 15.000000 -7.000000 0.000000
v 19.000000 -11.000000 0.000000
v 15.000000 -11.000000 0.000000
vt 0.898438 0.136719
vt 0.980469 0.226562
vt 0.898438 0.226562
vn 0.000000 0.000000 -1.000000
g rubber_foot
usemtl details
f 274/274/92 275/275/92 276/276/92
v 15.000000 7.000000 0.000000
v 19.000000 7.000000 0.000000
v 19.000000 7.000000 1.300000
vt 0.898438 0.136719
vt 0.980469 0.136719
vt 0.980469 0.226562
vn 0.000000 -1.000000 0.000000
g rubber_foot
usemtl details
f 277/277/93 278/278/93 279/279/93
v 15.000000 7.000000 0.000000
v 19.000000 7.000000 1.300000
v 15.000000 7.000000 1.300000
vt 0.898438 0.136719
vt 0.980469 0.226562
vt 0.898438 0.226562
vn 0.000000 -1.000000 0.000000
g rubber_foot
usemtl details
f 280/280/94 281/281/94 282/282/94
v 19.000000 11.000000 0.000000
v 15.000000 11.000000 0.000000
v 15.000000 11.000000 1.300000
vt 0.898438 0.136719
vt 0.980469 0.136719
vt 0.980469 0.226562
vn 0.000000 1.000000 0.000000
g rubber_foot
usemtl details
f 283/283/95 284/284/95 285/285/95
v 19.000000 11.000000 0.000000
v 15.000000 11.000000 1.300000
v 19.000000 11.000000 1.300000
vt 0.898438 0.136719
vt 0.980469 0.226562
vt 0.898438 0.226562
vn 0.000000 1.000000 -0.000000
g rubber_foot
usemtl details
f 286/286/96 287/287/96 288/288/96
v 15.000000 11.000000 0.000000
v 15.000000 7.000000 0.000000
v 15.000000 7.000000 1.300000
vt 0.898438 0.136719
vt 0.980469 0.136719
vt 0.980469 0.226562
vn -1.000000 0.000000 0.000000
g rubber_foot
usemtl details
f 289/289/97 290/290/97 291/291/97
v 15.000000 11.000000 0.000000
v 15.000000 7.000000 1.300000
v 15.000000 11.000000 1.300000
vt 0.898438 0.136719
vt 0.980469 0.226562
vt 0.898438 0.226562
vn -1.000000 0.000000 0.000000
g rubber_foot
usemtl details
f 292/292/98 293/293/98 294/294/98
v 19.000000 7.000000 0.000000
v 19.000000 11.000000 0.000000
v 19.000000 11.000000 1.300000
vt 0.898438 0.136719
vt 0.980469 0.136719
vt 0.980469 0.226562
vn 1.000000 0.000000 0.000000
g rubber_foot
usemtl details
f 295/295/99 296/296/99 297/297/99
v 19.000000 7.000000 0.000000
v 19.000000 11.000000 1.300000
v 19.000000 7.000000 1.300000
vt 0.898438 0.136719
vt 0.980469 0.226562
vt 0.898438 0.226562
vn 1.000000 0.000000 0.000000
g rubber_foot
usemtl details
f 298/298/100 299/299/100 300/300/100
v 15.000000 7.000000 1.300000
v 19.000000 7.000000 1.300000
v 19.000000 11.000000 1.300000
vt 0.898438 0.136719
vt 0.980469 0.136719
vt 0.980469 0.226562
vn 0.000000 0.000000 1.000000
g rubber_foot
usemtl details
f 301/301/101 302/302/101 303/303/101
v 15.000000 7.000000 1.300000
v 19.000000 11.000000 1.300000
v 15.000000 11.000000 1.300000
vt 0.898438 0.136719
vt 0.980469 0.226562
vt 0.898438 0.226562
vn 0.000000 0.000000 1.000000
g rubber_foot
usemtl details
f 304/304/102 305/305/102 306/306/102
v 15.000000 11.000000 0.000000
v 19.000000 11.000000 0.000000
v 19.000000 7.000000 0.000000
vt 0.898438 0.136719
vt 0.980469 0.136719
vt 0.980469 0.226562
vn 0.000000 0.000000 -1.000000
g rubber_foot
usemtl details
f 307/307/103 308/308/103 309/309/103
v 15.000000 11.000000 0.000000
v 19.000000 7.000000 0.000000
v 15.000000 7.000000 0.000000
vt 0.898438 0.136719
vt 0.980469 0.226562
vt 0.898438 0.226562
vn 0.000000 0.000000 -1.000000
g rubber_foot
usemtl details
f 310/310/104 311/311/104 312/312/104
v -18.000000 -18.000000 39.500000
v -16.500000 -18.000000 39.500000
v -16.500000 -18.000000 65.000000
vt 0.015625 0.769531
vt 0.230469 0.769531
vt 0.230469 0.984375
vn 0.000000 -1.000000 0.000000
g display_left_rail
usemtl details
f 313/313/105 314/314/105 315/315/105
v -18.000000 -18.000000 39.500000
v -16.500000 -18.000000 65.000000
v -18.000000 -18.000000 65.000000
vt 0.015625 0.769531
vt 0.230469 0.984375
vt 0.015625 0.984375
vn 0.000000 -1.000000 0.000000
g display_left_rail
usemtl details
f 316/316/106 317/317/106 318/318/106
v -16.500000 -13.900000 39.500000
v -18.000000 -13.900000 39.500000
v -18.000000 -13.900000 65.000000
vt 0.015625 0.769531
vt 0.230469 0.769531
vt 0.230469 0.984375
vn 0.000000 1.000000 0.000000
g display_left_rail
usemtl details
f 319/319/107 320/320/107 321/321/107
v -16.500000 -13.900000 39.500000
v -18.000000 -13.900000 65.000000
v -16.500000 -13.900000 65.000000
vt 0.015625 0.769531
vt 0.230469 0.984375
vt 0.015625 0.984375
vn 0.000000 1.000000 -0.000000
g display_left_rail
usemtl details
f 322/322/108 323/323/108 324/324/108
v -18.000000 -13.900000 39.500000
v -18.000000 -18.000000 39.500000
v -18.000000 -18.000000 65.000000
vt 0.015625 0.769531
vt 0.230469 0.769531
vt 0.230469 0.984375
vn -1.000000 0.000000 0.000000
g display_left_rail
usemtl details
f 325/325/109 326/326/109 327/327/109
v -18.000000 -13.900000 39.500000
v -18.000000 -18.000000 65.000000
v -18.000000 -13.900000 65.000000
vt 0.015625 0.769531
vt 0.230469 0.984375
vt 0.015625 0.984375
vn -1.000000 0.000000 0.000000
g display_left_rail
usemtl details
f 328/328/110 329/329/110 330/330/110
v -16.500000 -18.000000 39.500000
v -16.500000 -13.900000 39.500000
v -16.500000 -13.900000 65.000000
vt 0.015625 0.769531
vt 0.230469 0.769531
vt 0.230469 0.984375
vn 1.000000 0.000000 0.000000
g display_left_rail
usemtl details
f 331/331/111 332/332/111 333/333/111
v -16.500000 -18.000000 39.500000
v -16.500000 -13.900000 65.000000
v -16.500000 -18.000000 65.000000
vt 0.015625 0.769531
vt 0.230469 0.984375
vt 0.015625 0.984375
vn 1.000000 0.000000 0.000000
g display_left_rail
usemtl details
f 334/334/112 335/335/112 336/336/112
v -18.000000 -18.000000 65.000000
v -16.500000 -18.000000 65.000000
v -16.500000 -13.900000 65.000000
vt 0.015625 0.769531
vt 0.230469 0.769531
vt 0.230469 0.984375
vn 0.000000 0.000000 1.000000
g display_left_rail
usemtl details
f 337/337/113 338/338/113 339/339/113
v -18.000000 -18.000000 65.000000
v -16.500000 -13.900000 65.000000
v -18.000000 -13.900000 65.000000
vt 0.015625 0.769531
vt 0.230469 0.984375
vt 0.015625 0.984375
vn 0.000000 0.000000 1.000000
g display_left_rail
usemtl details
f 340/340/114 341/341/114 342/342/114
v -18.000000 -13.900000 39.500000
v -16.500000 -13.900000 39.500000
v -16.500000 -18.000000 39.500000
vt 0.015625 0.769531
vt 0.230469 0.769531
vt 0.230469 0.984375
vn 0.000000 0.000000 -1.000000
g display_left_rail
usemtl details
f 343/343/115 344/344/115 345/345/115
v -18.000000 -13.900000 39.500000
v -16.500000 -18.000000 39.500000
v -18.000000 -18.000000 39.500000
vt 0.015625 0.769531
vt 0.230469 0.984375
vt 0.015625 0.984375
vn 0.000000 0.000000 -1.000000
g display_left_rail
usemtl details
f 346/346/116 347/347/116 348/348/116
v 16.500000 -18.000000 39.500000
v 18.000000 -18.000000 39.500000
v 18.000000 -18.000000 65.000000
vt 0.015625 0.769531
vt 0.230469 0.769531
vt 0.230469 0.984375
vn 0.000000 -1.000000 0.000000
g display_right_rail
usemtl details
f 349/349/117 350/350/117 351/351/117
v 16.500000 -18.000000 39.500000
v 18.000000 -18.000000 65.000000
v 16.500000 -18.000000 65.000000
vt 0.015625 0.769531
vt 0.230469 0.984375
vt 0.015625 0.984375
vn 0.000000 -1.000000 0.000000
g display_right_rail
usemtl details
f 352/352/118 353/353/118 354/354/118
v 18.000000 -13.900000 39.500000
v 16.500000 -13.900000 39.500000
v 16.500000 -13.900000 65.000000
vt 0.015625 0.769531
vt 0.230469 0.769531
vt 0.230469 0.984375
vn 0.000000 1.000000 0.000000
g display_right_rail
usemtl details
f 355/355/119 356/356/119 357/357/119
v 18.000000 -13.900000 39.500000
v 16.500000 -13.900000 65.000000
v 18.000000 -13.900000 65.000000
vt 0.015625 0.769531
vt 0.230469 0.984375
vt 0.015625 0.984375
vn 0.000000 1.000000 -0.000000
g display_right_rail
usemtl details
f 358/358/120 359/359/120 360/360/120
v 16.500000 -13.900000 39.500000
v 16.500000 -18.000000 39.500000
v 16.500000 -18.000000 65.000000
vt 0.015625 0.769531
vt 0.230469 0.769531
vt 0.230469 0.984375
vn -1.000000 0.000000 0.000000
g display_right_rail
usemtl details
f 361/361/121 362/362/121 363/363/121
v 16.500000 -13.900000 39.500000
v 16.500000 -18.000000 65.000000
v 16.500000 -13.900000 65.000000
vt 0.015625 0.769531
vt 0.230469 0.984375
vt 0.015625 0.984375
vn -1.000000 0.000000 0.000000
g display_right_rail
usemtl details
f 364/364/122 365/365/122 366/366/122
v 18.000000 -18.000000 39.500000
v 18.000000 -13.900000 39.500000
v 18.000000 -13.900000 65.000000
vt 0.015625 0.769531
vt 0.230469 0.769531
vt 0.230469 0.984375
vn 1.000000 0.000000 0.000000
g display_right_rail
usemtl details
f 367/367/123 368/368/123 369/369/123
v 18.000000 -18.000000 39.500000
v 18.000000 -13.900000 65.000000
v 18.000000 -18.000000 65.000000
vt 0.015625 0.769531
vt 0.230469 0.984375
vt 0.015625 0.984375
vn 1.000000 0.000000 0.000000
g display_right_rail
usemtl details
f 370/370/124 371/371/124 372/372/124
v 16.500000 -18.000000 65.000000
v 18.000000 -18.000000 65.000000
v 18.000000 -13.900000 65.000000
vt 0.015625 0.769531
vt 0.230469 0.769531
vt 0.230469 0.984375
vn 0.000000 0.000000 1.000000
g display_right_rail
usemtl details
f 373/373/125 374/374/125 375/375/125
v 16.500000 -18.000000 65.000000
v 18.000000 -13.900000 65.000000
v 16.500000 -13.900000 65.000000
vt 0.015625 0.769531
vt 0.230469 0.984375
vt 0.015625 0.984375
vn 0.000000 0.000000 1.000000
g display_right_rail
usemtl details
f 376/376/126 377/377/126 378/378/126
v 16.500000 -13.900000 39.500000
v 18.000000 -13.900000 39.500000
v 18.000000 -18.000000 39.500000
vt 0.015625 0.769531
vt 0.230469 0.769531
vt 0.230469 0.984375
vn 0.000000 0.000000 -1.000000
g display_right_rail
usemtl details
f 379/379/127 380/380/127 381/381/127
v 16.500000 -13.900000 39.500000
v 18.000000 -18.000000 39.500000
v 16.500000 -18.000000 39.500000
vt 0.015625 0.769531
vt 0.230469 0.984375
vt 0.015625 0.984375
vn 0.000000 0.000000 -1.000000
g display_right_rail
usemtl details
f 382/382/128 383/383/128 384/384/128
v -18.000000 -18.000000 64.000000
v 18.000000 -18.000000 64.000000
v 18.000000 -18.000000 65.000000
vt 0.015625 0.769531
vt 0.230469 0.769531
vt 0.230469 0.984375
vn 0.000000 -1.000000 0.000000
g display_header_trim
usemtl details
f 385/385/129 386/386/129 387/387/129
v -18.000000 -18.000000 64.000000
v 18.000000 -18.000000 65.000000
v -18.000000 -18.000000 65.000000
vt 0.015625 0.769531
vt 0.230469 0.984375
vt 0.015625 0.984375
vn 0.000000 -1.000000 0.000000
g display_header_trim
usemtl details
f 388/388/130 389/389/130 390/390/130
v 18.000000 -13.900000 64.000000
v -18.000000 -13.900000 64.000000
v -18.000000 -13.900000 65.000000
vt 0.015625 0.769531
vt 0.230469 0.769531
vt 0.230469 0.984375
vn 0.000000 1.000000 0.000000
g display_header_trim
usemtl details
f 391/391/131 392/392/131 393/393/131
v 18.000000 -13.900000 64.000000
v -18.000000 -13.900000 65.000000
v 18.000000 -13.900000 65.000000
vt 0.015625 0.769531
vt 0.230469 0.984375
vt 0.015625 0.984375
vn 0.000000 1.000000 -0.000000
g display_header_trim
usemtl details
f 394/394/132 395/395/132 396/396/132
v -18.000000 -13.900000 64.000000
v -18.000000 -18.000000 64.000000
v -18.000000 -18.000000 65.000000
vt 0.015625 0.769531
vt 0.230469 0.769531
vt 0.230469 0.984375
vn -1.000000 0.000000 0.000000
g display_header_trim
usemtl details
f 397/397/133 398/398/133 399/399/133
v -18.000000 -13.900000 64.000000
v -18.000000 -18.000000 65.000000
v -18.000000 -13.900000 65.000000
vt 0.015625 0.769531
vt 0.230469 0.984375
vt 0.015625 0.984375
vn -1.000000 0.000000 0.000000
g display_header_trim
usemtl details
f 400/400/134 401/401/134 402/402/134
v 18.000000 -18.000000 64.000000
v 18.000000 -13.900000 64.000000
v 18.000000 -13.900000 65.000000
vt 0.015625 0.769531
vt 0.230469 0.769531
vt 0.230469 0.984375
vn 1.000000 0.000000 0.000000
g display_header_trim
usemtl details
f 403/403/135 404/404/135 405/405/135
v 18.000000 -18.000000 64.000000
v 18.000000 -13.900000 65.000000
v 18.000000 -18.000000 65.000000
vt 0.015625 0.769531
vt 0.230469 0.984375
vt 0.015625 0.984375
vn 1.000000 0.000000 0.000000
g display_header_trim
usemtl details
f 406/406/136 407/407/136 408/408/136
v -18.000000 -18.000000 65.000000
v 18.000000 -18.000000 65.000000
v 18.000000 -13.900000 65.000000
vt 0.015625 0.769531
vt 0.230469 0.769531
vt 0.230469 0.984375
vn 0.000000 0.000000 1.000000
g display_header_trim
usemtl details
f 409/409/137 410/410/137 411/411/137
v -18.000000 -18.000000 65.000000
v 18.000000 -13.900000 65.000000
v -18.000000 -13.900000 65.000000
vt 0.015625 0.769531
vt 0.230469 0.984375
vt 0.015625 0.984375
vn 0.000000 0.000000 1.000000
g display_header_trim
usemtl details
f 412/412/138 413/413/138 414/414/138
v -18.000000 -13.900000 64.000000
v 18.000000 -13.900000 64.000000
v 18.000000 -18.000000 64.000000
vt 0.015625 0.769531
vt 0.230469 0.769531
vt 0.230469 0.984375
vn 0.000000 0.000000 -1.000000
g display_header_trim
usemtl details
f 415/415/139 416/416/139 417/417/139
v -18.000000 -13.900000 64.000000
v 18.000000 -18.000000 64.000000
v -18.000000 -18.000000 64.000000
vt 0.015625 0.769531
vt 0.230469 0.984375
vt 0.015625 0.984375
vn 0.000000 0.000000 -1.000000
g display_header_trim
usemtl details
f 418/418/140 419/419/140 420/420/140
v -18.000000 -18.500000 39.500000
v 18.000000 -18.500000 39.500000
v 18.000000 -18.500000 41.000000
vt 0.015625 0.769531
vt 0.230469 0.769531
vt 0.230469 0.984375
vn 0.000000 -1.000000 0.000000
g display_lower_sill
usemtl details
f 421/421/141 422/422/141 423/423/141
v -18.000000 -18.500000 39.500000
v 18.000000 -18.500000 41.000000
v -18.000000 -18.500000 41.000000
vt 0.015625 0.769531
vt 0.230469 0.984375
vt 0.015625 0.984375
vn 0.000000 -1.000000 0.000000
g display_lower_sill
usemtl details
f 424/424/142 425/425/142 426/426/142
v 18.000000 -13.900000 39.500000
v -18.000000 -13.900000 39.500000
v -18.000000 -13.900000 41.000000
vt 0.015625 0.769531
vt 0.230469 0.769531
vt 0.230469 0.984375
vn 0.000000 1.000000 0.000000
g display_lower_sill
usemtl details
f 427/427/143 428/428/143 429/429/143
v 18.000000 -13.900000 39.500000
v -18.000000 -13.900000 41.000000
v 18.000000 -13.900000 41.000000
vt 0.015625 0.769531
vt 0.230469 0.984375
vt 0.015625 0.984375
vn 0.000000 1.000000 -0.000000
g display_lower_sill
usemtl details
f 430/430/144 431/431/144 432/432/144
v -18.000000 -13.900000 39.500000
v -18.000000 -18.500000 39.500000
v -18.000000 -18.500000 41.000000
vt 0.015625 0.769531
vt 0.230469 0.769531
vt 0.230469 0.984375
vn -1.000000 0.000000 0.000000
g display_lower_sill
usemtl details
f 433/433/145 434/434/145 435/435/145
v -18.000000 -13.900000 39.500000
v -18.000000 -18.500000 41.000000
v -18.000000 -13.900000 41.000000
vt 0.015625 0.769531
vt 0.230469 0.984375
vt 0.015625 0.984375
vn -1.000000 0.000000 0.000000
g display_lower_sill
usemtl details
f 436/436/146 437/437/146 438/438/146
v 18.000000 -18.500000 39.500000
v 18.000000 -13.900000 39.500000
v 18.000000 -13.900000 41.000000
vt 0.015625 0.769531
vt 0.230469 0.769531
vt 0.230469 0.984375
vn 1.000000 0.000000 0.000000
g display_lower_sill
usemtl details
f 439/439/147 440/440/147 441/441/147
v 18.000000 -18.500000 39.500000
v 18.000000 -13.900000 41.000000
v 18.000000 -18.500000 41.000000
vt 0.015625 0.769531
vt 0.230469 0.984375
vt 0.015625 0.984375
vn 1.000000 0.000000 0.000000
g display_lower_sill
usemtl details
f 442/442/148 443/443/148 444/444/148
v -18.000000 -18.500000 41.000000
v 18.000000 -18.500000 41.000000
v 18.000000 -13.900000 41.000000
vt 0.015625 0.769531
vt 0.230469 0.769531
vt 0.230469 0.984375
vn 0.000000 0.000000 1.000000
g display_lower_sill
usemtl details
f 445/445/149 446/446/149 447/447/149
v -18.000000 -18.500000 41.000000
v 18.000000 -13.900000 41.000000
v -18.000000 -13.900000 41.000000
vt 0.015625 0.769531
vt 0.230469 0.984375
vt 0.015625 0.984375
vn 0.000000 0.000000 1.000000
g display_lower_sill
usemtl details
f 448/448/150 449/449/150 450/450/150
v -18.000000 -13.900000 39.500000
v 18.000000 -13.900000 39.500000
v 18.000000 -18.500000 39.500000
vt 0.015625 0.769531
vt 0.230469 0.769531
vt 0.230469 0.984375
vn 0.000000 0.000000 -1.000000
g display_lower_sill
usemtl details
f 451/451/151 452/452/151 453/453/151
v -18.000000 -13.900000 39.500000
v 18.000000 -18.500000 39.500000
v -18.000000 -18.500000 39.500000
vt 0.015625 0.769531
vt 0.230469 0.984375
vt 0.015625 0.984375
vn 0.000000 0.000000 -1.000000
g display_lower_sill
usemtl details
f 454/454/152 455/455/152 456/456/152
v -15.000000 -14.800000 23.500000
v -3.000000 -14.800000 23.500000
v -3.000000 -14.800000 32.800000
vt 0.265625 0.769531
vt 0.480469 0.769531
vt 0.480469 0.984375
vn 0.000000 -1.000000 0.000000
g dispenser_back
usemtl details
f 457/457/153 458/458/153 459/459/153
v -15.000000 -14.800000 23.500000
v -3.000000 -14.800000 32.800000
v -15.000000 -14.800000 32.800000
vt 0.265625 0.769531
vt 0.480469 0.984375
vt 0.265625 0.984375
vn 0.000000 -1.000000 0.000000
g dispenser_back
usemtl details
f 460/460/154 461/461/154 462/462/154
v -3.000000 -14.000000 23.500000
v -15.000000 -14.000000 23.500000
v -15.000000 -14.000000 32.800000
vt 0.265625 0.769531
vt 0.480469 0.769531
vt 0.480469 0.984375
vn 0.000000 1.000000 0.000000
g dispenser_back
usemtl details
f 463/463/155 464/464/155 465/465/155
v -3.000000 -14.000000 23.500000
v -15.000000 -14.000000 32.800000
v -3.000000 -14.000000 32.800000
vt 0.265625 0.769531
vt 0.480469 0.984375
vt 0.265625 0.984375
vn 0.000000 1.000000 -0.000000
g dispenser_back
usemtl details
f 466/466/156 467/467/156 468/468/156
v -15.000000 -14.000000 23.500000
v -15.000000 -14.800000 23.500000
v -15.000000 -14.800000 32.800000
vt 0.265625 0.769531
vt 0.480469 0.769531
vt 0.480469 0.984375
vn -1.000000 0.000000 0.000000
g dispenser_back
usemtl details
f 469/469/157 470/470/157 471/471/157
v -15.000000 -14.000000 23.500000
v -15.000000 -14.800000 32.800000
v -15.000000 -14.000000 32.800000
vt 0.265625 0.769531
vt 0.480469 0.984375
vt 0.265625 0.984375
vn -1.000000 0.000000 0.000000
g dispenser_back
usemtl details
f 472/472/158 473/473/158 474/474/158
v -3.000000 -14.800000 23.500000
v -3.000000 -14.000000 23.500000
v -3.000000 -14.000000 32.800000
vt 0.265625 0.769531
vt 0.480469 0.769531
vt 0.480469 0.984375
vn 1.000000 0.000000 0.000000
g dispenser_back
usemtl details
f 475/475/159 476/476/159 477/477/159
v -3.000000 -14.800000 23.500000
v -3.000000 -14.000000 32.800000
v -3.000000 -14.800000 32.800000
vt 0.265625 0.769531
vt 0.480469 0.984375
vt 0.265625 0.984375
vn 1.000000 0.000000 0.000000
g dispenser_back
usemtl details
f 478/478/160 479/479/160 480/480/160
v -15.000000 -14.800000 32.800000
v -3.000000 -14.800000 32.800000
v -3.000000 -14.000000 32.800000
vt 0.265625 0.769531
vt 0.480469 0.769531
vt 0.480469 0.984375
vn 0.000000 0.000000 1.000000
g dispenser_back
usemtl details
f 481/481/161 482/482/161 483/483/161
v -15.000000 -14.800000 32.800000
v -3.000000 -14.000000 32.800000
v -15.000000 -14.000000 32.800000
vt 0.265625 0.769531
vt 0.480469 0.984375
vt 0.265625 0.984375
vn 0.000000 0.000000 1.000000
g dispenser_back
usemtl details
f 484/484/162 485/485/162 486/486/162
v -15.000000 -14.000000 23.500000
v -3.000000 -14.000000 23.500000
v -3.000000 -14.800000 23.500000
vt 0.265625 0.769531
vt 0.480469 0.769531
vt 0.480469 0.984375
vn 0.000000 0.000000 -1.000000
g dispenser_back
usemtl details
f 487/487/163 488/488/163 489/489/163
v -15.000000 -14.000000 23.500000
v -3.000000 -14.800000 23.500000
v -15.000000 -14.800000 23.500000
vt 0.265625 0.769531
vt 0.480469 0.984375
vt 0.265625 0.984375
vn 0.000000 0.000000 -1.000000
g dispenser_back
usemtl details
f 490/490/164 491/491/164 492/492/164
v -16.000000 -18.000000 23.000000
v -14.500000 -18.000000 23.000000
v -14.500000 -18.000000 33.500000
vt 0.015625 0.769531
vt 0.230469 0.769531
vt 0.230469 0.984375
vn 0.000000 -1.000000 0.000000
g dispenser_left
usemtl details
f 493/493/165 494/494/165 495/495/165
v -16.000000 -18.000000 23.000000
v -14.500000 -18.000000 33.500000
v -16.000000 -18.000000 33.500000
vt 0.015625 0.769531
vt 0.230469 0.984375
vt 0.015625 0.984375
vn 0.000000 -1.000000 0.000000
g dispenser_left
usemtl details
f 496/496/166 497/497/166 498/498/166
v -14.500000 -14.000000 23.000000
v -16.000000 -14.000000 23.000000
v -16.000000 -14.000000 33.500000
vt 0.015625 0.769531
vt 0.230469 0.769531
vt 0.230469 0.984375
vn 0.000000 1.000000 0.000000
g dispenser_left
usemtl details
f 499/499/167 500/500/167 501/501/167
v -14.500000 -14.000000 23.000000
v -16.000000 -14.000000 33.500000
v -14.500000 -14.000000 33.500000
vt 0.015625 0.769531
vt 0.230469 0.984375
vt 0.015625 0.984375
vn 0.000000 1.000000 -0.000000
g dispenser_left
usemtl details
f 502/502/168 503/503/168 504/504/168
v -16.000000 -14.000000 23.000000
v -16.000000 -18.000000 23.000000
v -16.000000 -18.000000 33.500000
vt 0.015625 0.769531
vt 0.230469 0.769531
vt 0.230469 0.984375
vn -1.000000 0.000000 0.000000
g dispenser_left
usemtl details
f 505/505/169 506/506/169 507/507/169
v -16.000000 -14.000000 23.000000
v -16.000000 -18.000000 33.500000
v -16.000000 -14.000000 33.500000
vt 0.015625 0.769531
vt 0.230469 0.984375
vt 0.015625 0.984375
vn -1.000000 0.000000 0.000000
g dispenser_left
usemtl details
f 508/508/170 509/509/170 510/510/170
v -14.500000 -18.000000 23.000000
v -14.500000 -14.000000 23.000000
v -14.500000 -14.000000 33.500000
vt 0.015625 0.769531
vt 0.230469 0.769531
vt 0.230469 0.984375
vn 1.000000 0.000000 0.000000
g dispenser_left
usemtl details
f 511/511/171 512/512/171 513/513/171
v -14.500000 -18.000000 23.000000
v -14.500000 -14.000000 33.500000
v -14.500000 -18.000000 33.500000
vt 0.015625 0.769531
vt 0.230469 0.984375
vt 0.015625 0.984375
vn 1.000000 0.000000 0.000000
g dispenser_left
usemtl details
f 514/514/172 515/515/172 516/516/172
v -16.000000 -18.000000 33.500000
v -14.500000 -18.000000 33.500000
v -14.500000 -14.000000 33.500000
vt 0.015625 0.769531
vt 0.230469 0.769531
vt 0.230469 0.984375
vn 0.000000 0.000000 1.000000
g dispenser_left
usemtl details
f 517/517/173 518/518/173 519/519/173
v -16.000000 -18.000000 33.500000
v -14.500000 -14.000000 33.500000
v -16.000000 -14.000000 33.500000
vt 0.015625 0.769531
vt 0.230469 0.984375
vt 0.015625 0.984375
vn 0.000000 0.000000 1.000000
g dispenser_left
usemtl details
f 520/520/174 521/521/174 522/522/174
v -16.000000 -14.000000 23.000000
v -14.500000 -14.000000 23.000000
v -14.500000 -18.000000 23.000000
vt 0.015625 0.769531
vt 0.230469 0.769531
vt 0.230469 0.984375
vn 0.000000 0.000000 -1.000000
g dispenser_left
usemtl details
f 523/523/175 524/524/175 525/525/175
v -16.000000 -14.000000 23.000000
v -14.500000 -18.000000 23.000000
v -16.000000 -18.000000 23.000000
vt 0.015625 0.769531
vt 0.230469 0.984375
vt 0.015625 0.984375
vn 0.000000 0.000000 -1.000000
g dispenser_left
usemtl details
f 526/526/176 527/527/176 528/528/176
v -3.500000 -18.000000 23.000000
v -2.000000 -18.000000 23.000000
v -2.000000 -18.000000 33.500000
vt 0.015625 0.769531
vt 0.230469 0.769531
vt 0.230469 0.984375
vn 0.000000 -1.000000 0.000000
g dispenser_right
usemtl details
f 529/529/177 530/530/177 531/531/177
v -3.500000 -18.000000 23.000000
v -2.000000 -18.000000 33.500000
v -3.500000 -18.000000 33.500000
vt 0.015625 0.769531
vt 0.230469 0.984375
vt 0.015625 0.984375
vn 0.000000 -1.000000 0.000000
g dispenser_right
usemtl details
f 532/532/178 533/533/178 534/534/178
v -2.000000 -14.000000 23.000000
v -3.500000 -14.000000 23.000000
v -3.500000 -14.000000 33.500000
vt 0.015625 0.769531
vt 0.230469 0.769531
vt 0.230469 0.984375
vn 0.000000 1.000000 0.000000
g dispenser_right
usemtl details
f 535/535/179 536/536/179 537/537/179
v -2.000000 -14.000000 23.000000
v -3.500000 -14.000000 33.500000
v -2.000000 -14.000000 33.500000
vt 0.015625 0.769531
vt 0.230469 0.984375
vt 0.015625 0.984375
vn 0.000000 1.000000 -0.000000
g dispenser_right
usemtl details
f 538/538/180 539/539/180 540/540/180
v -3.500000 -14.000000 23.000000
v -3.500000 -18.000000 23.000000
v -3.500000 -18.000000 33.500000
vt 0.015625 0.769531
vt 0.230469 0.769531
vt 0.230469 0.984375
vn -1.000000 0.000000 0.000000
g dispenser_right
usemtl details
f 541/541/181 542/542/181 543/543/181
v -3.500000 -14.000000 23.000000
v -3.500000 -18.000000 33.500000
v -3.500000 -14.000000 33.500000
vt 0.015625 0.769531
vt 0.230469 0.984375
vt 0.015625 0.984375
vn -1.000000 0.000000 0.000000
g dispenser_right
usemtl details
f 544/544/182 545/545/182 546/546/182
v -2.000000 -18.000000 23.000000
v -2.000000 -14.000000 23.000000
v -2.000000 -14.000000 33.500000
vt 0.015625 0.769531
vt 0.230469 0.769531
vt 0.230469 0.984375
vn 1.000000 0.000000 0.000000
g dispenser_right
usemtl details
f 547/547/183 548/548/183 549/549/183
v -2.000000 -18.000000 23.000000
v -2.000000 -14.000000 33.500000
v -2.000000 -18.000000 33.500000
vt 0.015625 0.769531
vt 0.230469 0.984375
vt 0.015625 0.984375
vn 1.000000 0.000000 0.000000
g dispenser_right
usemtl details
f 550/550/184 551/551/184 552/552/184
v -3.500000 -18.000000 33.500000
v -2.000000 -18.000000 33.500000
v -2.000000 -14.000000 33.500000
vt 0.015625 0.769531
vt 0.230469 0.769531
vt 0.230469 0.984375
vn 0.000000 0.000000 1.000000
g dispenser_right
usemtl details
f 553/553/185 554/554/185 555/555/185
v -3.500000 -18.000000 33.500000
v -2.000000 -14.000000 33.500000
v -3.500000 -14.000000 33.500000
vt 0.015625 0.769531
vt 0.230469 0.984375
vt 0.015625 0.984375
vn 0.000000 0.000000 1.000000
g dispenser_right
usemtl details
f 556/556/186 557/557/186 558/558/186
v -3.500000 -14.000000 23.000000
v -2.000000 -14.000000 23.000000
v -2.000000 -18.000000 23.000000
vt 0.015625 0.769531
vt 0.230469 0.769531
vt 0.230469 0.984375
vn 0.000000 0.000000 -1.000000
g dispenser_right
usemtl details
f 559/559/187 560/560/187 561/561/187
v -3.500000 -14.000000 23.000000
v -2.000000 -18.000000 23.000000
v -3.500000 -18.000000 23.000000
vt 0.015625 0.769531
vt 0.230469 0.984375
vt 0.015625 0.984375
vn 0.000000 0.000000 -1.000000
g dispenser_right
usemtl details
f 562/562/188 563/563/188 564/564/188
v -16.000000 -18.500000 32.500000
v -2.000000 -18.500000 32.500000
v -2.000000 -18.500000 34.000000
vt 0.015625 0.769531
vt 0.230469 0.769531
vt 0.230469 0.984375
vn 0.000000 -1.000000 0.000000
g dispenser_hood
usemtl details
f 565/565/189 566/566/189 567/567/189
v -16.000000 -18.500000 32.500000
v -2.000000 -18.500000 34.000000
v -16.000000 -18.500000 34.000000
vt 0.015625 0.769531
vt 0.230469 0.984375
vt 0.015625 0.984375
vn 0.000000 -1.000000 0.000000
g dispenser_hood
usemtl details
f 568/568/190 569/569/190 570/570/190
v -2.000000 -14.000000 32.500000
v -16.000000 -14.000000 32.500000
v -16.000000 -14.000000 34.000000
vt 0.015625 0.769531
vt 0.230469 0.769531
vt 0.230469 0.984375
vn 0.000000 1.000000 0.000000
g dispenser_hood
usemtl details
f 571/571/191 572/572/191 573/573/191
v -2.000000 -14.000000 32.500000
v -16.000000 -14.000000 34.000000
v -2.000000 -14.000000 34.000000
vt 0.015625 0.769531
vt 0.230469 0.984375
vt 0.015625 0.984375
vn 0.000000 1.000000 -0.000000
g dispenser_hood
usemtl details
f 574/574/192 575/575/192 576/576/192
v -16.000000 -14.000000 32.500000
v -16.000000 -18.500000 32.500000
v -16.000000 -18.500000 34.000000
vt 0.015625 0.769531
vt 0.230469 0.769531
vt 0.230469 0.984375
vn -1.000000 0.000000 0.000000
g dispenser_hood
usemtl details
f 577/577/193 578/578/193 579/579/193
v -16.000000 -14.000000 32.500000
v -16.000000 -18.500000 34.000000
v -16.000000 -14.000000 34.000000
vt 0.015625 0.769531
vt 0.230469 0.984375
vt 0.015625 0.984375
vn -1.000000 0.000000 0.000000
g dispenser_hood
usemtl details
f 580/580/194 581/581/194 582/582/194
v -2.000000 -18.500000 32.500000
v -2.000000 -14.000000 32.500000
v -2.000000 -14.000000 34.000000
vt 0.015625 0.769531
vt 0.230469 0.769531
vt 0.230469 0.984375
vn 1.000000 0.000000 0.000000
g dispenser_hood
usemtl details
f 583/583/195 584/584/195 585/585/195
v -2.000000 -18.500000 32.500000
v -2.000000 -14.000000 34.000000
v -2.000000 -18.500000 34.000000
vt 0.015625 0.769531
vt 0.230469 0.984375
vt 0.015625 0.984375
vn 1.000000 0.000000 0.000000
g dispenser_hood
usemtl details
f 586/586/196 587/587/196 588/588/196
v -16.000000 -18.500000 34.000000
v -2.000000 -18.500000 34.000000
v -2.000000 -14.000000 34.000000
vt 0.015625 0.769531
vt 0.230469 0.769531
vt 0.230469 0.984375
vn 0.000000 0.000000 1.000000
g dispenser_hood
usemtl details
f 589/589/197 590/590/197 591/591/197
v -16.000000 -18.500000 34.000000
v -2.000000 -14.000000 34.000000
v -16.000000 -14.000000 34.000000
vt 0.015625 0.769531
vt 0.230469 0.984375
vt 0.015625 0.984375
vn 0.000000 0.000000 1.000000
g dispenser_hood
usemtl details
f 592/592/198 593/593/198 594/594/198
v -16.000000 -14.000000 32.500000
v -2.000000 -14.000000 32.500000
v -2.000000 -18.500000 32.500000
vt 0.015625 0.769531
vt 0.230469 0.769531
vt 0.230469 0.984375
vn 0.000000 0.000000 -1.000000
g dispenser_hood
usemtl details
f 595/595/199 596/596/199 597/597/199
v -16.000000 -14.000000 32.500000
v -2.000000 -18.500000 32.500000
v -16.000000 -18.500000 32.500000
vt 0.015625 0.769531
vt 0.230469 0.984375
vt 0.015625 0.984375
vn 0.000000 0.000000 -1.000000
g dispenser_hood
usemtl details
f 598/598/200 599/599/200 600/600/200
v -16.000000 -19.000000 22.800000
v -2.000000 -19.000000 22.800000
v -2.000000 -19.000000 24.000000
vt 0.015625 0.769531
vt 0.230469 0.769531
vt 0.230469 0.984375
vn 0.000000 -1.000000 0.000000
g collection_tray
usemtl details
f 601/601/201 602/602/201 603/603/201
v -16.000000 -19.000000 22.800000
v -2.000000 -19.000000 24.000000
v -16.000000 -19.000000 24.000000
vt 0.015625 0.769531
vt 0.230469 0.984375
vt 0.015625 0.984375
vn 0.000000 -1.000000 0.000000
g collection_tray
usemtl details
f 604/604/202 605/605/202 606/606/202
v -2.000000 -14.000000 22.800000
v -16.000000 -14.000000 22.800000
v -16.000000 -14.000000 24.000000
vt 0.015625 0.769531
vt 0.230469 0.769531
vt 0.230469 0.984375
vn 0.000000 1.000000 0.000000
g collection_tray
usemtl details
f 607/607/203 608/608/203 609/609/203
v -2.000000 -14.000000 22.800000
v -16.000000 -14.000000 24.000000
v -2.000000 -14.000000 24.000000
vt 0.015625 0.769531
vt 0.230469 0.984375
vt 0.015625 0.984375
vn 0.000000 1.000000 -0.000000
g collection_tray
usemtl details
f 610/610/204 611/611/204 612/612/204
v -16.000000 -14.000000 22.800000
v -16.000000 -19.000000 22.800000
v -16.000000 -19.000000 24.000000
vt 0.015625 0.769531
vt 0.230469 0.769531
vt 0.230469 0.984375
vn -1.000000 0.000000 0.000000
g collection_tray
usemtl details
f 613/613/205 614/614/205 615/615/205
v -16.000000 -14.000000 22.800000
v -16.000000 -19.000000 24.000000
v -16.000000 -14.000000 24.000000
vt 0.015625 0.769531
vt 0.230469 0.984375
vt 0.015625 0.984375
vn -1.000000 0.000000 0.000000
g collection_tray
usemtl details
f 616/616/206 617/617/206 618/618/206
v -2.000000 -19.000000 22.800000
v -2.000000 -14.000000 22.800000
v -2.000000 -14.000000 24.000000
vt 0.015625 0.769531
vt 0.230469 0.769531
vt 0.230469 0.984375
vn 1.000000 0.000000 0.000000
g collection_tray
usemtl details
f 619/619/207 620/620/207 621/621/207
v -2.000000 -19.000000 22.800000
v -2.000000 -14.000000 24.000000
v -2.000000 -19.000000 24.000000
vt 0.015625 0.769531
vt 0.230469 0.984375
vt 0.015625 0.984375
vn 1.000000 0.000000 0.000000
g collection_tray
usemtl details
f 622/622/208 623/623/208 624/624/208
v -16.000000 -19.000000 24.000000
v -2.000000 -19.000000 24.000000
v -2.000000 -14.000000 24.000000
vt 0.015625 0.769531
vt 0.230469 0.769531
vt 0.230469 0.984375
vn 0.000000 0.000000 1.000000
g collection_tray
usemtl details
f 625/625/209 626/626/209 627/627/209
v -16.000000 -19.000000 24.000000
v -2.000000 -14.000000 24.000000
v -16.000000 -14.000000 24.000000
vt 0.015625 0.769531
vt 0.230469 0.984375
vt 0.015625 0.984375
vn 0.000000 0.000000 1.000000
g collection_tray
usemtl details
f 628/628/210 629/629/210 630/630/210
v -16.000000 -14.000000 22.800000
v -2.000000 -14.000000 22.800000
v -2.000000 -19.000000 22.800000
vt 0.015625 0.769531
vt 0.230469 0.769531
vt 0.230469 0.984375
vn 0.000000 0.000000 -1.000000
g collection_tray
usemtl details
f 631/631/211 632/632/211 633/633/211
v -16.000000 -14.000000 22.800000
v -2.000000 -19.000000 22.800000
v -16.000000 -19.000000 22.800000
vt 0.015625 0.769531
vt 0.230469 0.984375
vt 0.015625 0.984375
vn 0.000000 0.000000 -1.000000
g collection_tray
usemtl details
f 634/634/212 635/635/212 636/636/212
v -16.000000 -19.200000 23.600000
v -2.000000 -19.200000 23.600000
v -2.000000 -19.200000 24.600000
vt 0.265625 0.769531
vt 0.480469 0.769531
vt 0.480469 0.984375
vn 0.000000 -1.000000 0.000000
g tray_lip
usemtl details
f 637/637/213 638/638/213 639/639/213
v -16.000000 -19.200000 23.600000
v -2.000000 -19.200000 24.600000
v -16.000000 -19.200000 24.600000
vt 0.265625 0.769531
vt 0.480469 0.984375
vt 0.265625 0.984375
vn 0.000000 -1.000000 0.000000
g tray_lip
usemtl details
f 640/640/214 641/641/214 642/642/214
v -2.000000 -18.600000 23.600000
v -16.000000 -18.600000 23.600000
v -16.000000 -18.600000 24.600000
vt 0.265625 0.769531
vt 0.480469 0.769531
vt 0.480469 0.984375
vn 0.000000 1.000000 0.000000
g tray_lip
usemtl details
f 643/643/215 644/644/215 645/645/215
v -2.000000 -18.600000 23.600000
v -16.000000 -18.600000 24.600000
v -2.000000 -18.600000 24.600000
vt 0.265625 0.769531
vt 0.480469 0.984375
vt 0.265625 0.984375
vn 0.000000 1.000000 -0.000000
g tray_lip
usemtl details
f 646/646/216 647/647/216 648/648/216
v -16.000000 -18.600000 23.600000
v -16.000000 -19.200000 23.600000
v -16.000000 -19.200000 24.600000
vt 0.265625 0.769531
vt 0.480469 0.769531
vt 0.480469 0.984375
vn -1.000000 0.000000 0.000000
g tray_lip
usemtl details
f 649/649/217 650/650/217 651/651/217
v -16.000000 -18.600000 23.600000
v -16.000000 -19.200000 24.600000
v -16.000000 -18.600000 24.600000
vt 0.265625 0.769531
vt 0.480469 0.984375
vt 0.265625 0.984375
vn -1.000000 0.000000 0.000000
g tray_lip
usemtl details
f 652/652/218 653/653/218 654/654/218
v -2.000000 -19.200000 23.600000
v -2.000000 -18.600000 23.600000
v -2.000000 -18.600000 24.600000
vt 0.265625 0.769531
vt 0.480469 0.769531
vt 0.480469 0.984375
vn 1.000000 0.000000 0.000000
g tray_lip
usemtl details
f 655/655/219 656/656/219 657/657/219
v -2.000000 -19.200000 23.600000
v -2.000000 -18.600000 24.600000
v -2.000000 -19.200000 24.600000
vt 0.265625 0.769531
vt 0.480469 0.984375
vt 0.265625 0.984375
vn 1.000000 0.000000 0.000000
g tray_lip
usemtl details
f 658/658/220 659/659/220 660/660/220
v -16.000000 -19.200000 24.600000
v -2.000000 -19.200000 24.600000
v -2.000000 -18.600000 24.600000
vt 0.265625 0.769531
vt 0.480469 0.769531
vt 0.480469 0.984375
vn 0.000000 0.000000 1.000000
g tray_lip
usemtl details
f 661/661/221 662/662/221 663/663/221
v -16.000000 -19.200000 24.600000
v -2.000000 -18.600000 24.600000
v -16.000000 -18.600000 24.600000
vt 0.265625 0.769531
vt 0.480469 0.984375
vt 0.265625 0.984375
vn 0.000000 0.000000 1.000000
g tray_lip
usemtl details
f 664/664/222 665/665/222 666/666/222
v -16.000000 -18.600000 23.600000
v -2.000000 -18.600000 23.600000
v -2.000000 -19.200000 23.600000
vt 0.265625 0.769531
vt 0.480469 0.769531
vt 0.480469 0.984375
vn 0.000000 0.000000 -1.000000
g tray_lip
usemtl details
f 667/667/223 668/668/223 669/669/223
v -16.000000 -18.600000 23.600000
v -2.000000 -19.200000 23.600000
v -16.000000 -19.200000 23.600000
vt 0.265625 0.769531
vt 0.480469 0.984375
vt 0.265625 0.984375
vn 0.000000 0.000000 -1.000000
g tray_lip
usemtl details
f 670/670/224 671/671/224 672/672/224
v 9.000000 -18.000000 23.000000
v 17.500000 -18.000000 23.000000
v 17.500000 -18.000000 37.500000
vt 0.515625 0.394531
vt 0.730469 0.394531
vt 0.730469 0.734375
vn 0.000000 -1.000000 0.000000
g coin_module
usemtl details
f 673/673/225 674/674/225 675/675/225
v 9.000000 -18.000000 23.000000
v 17.500000 -18.000000 37.500000
v 9.000000 -18.000000 37.500000
vt 0.515625 0.394531
vt 0.730469 0.734375
vt 0.515625 0.734375
vn 0.000000 -1.000000 0.000000
g coin_module
usemtl details
f 676/676/226 677/677/226 678/678/226
v 17.500000 -14.000000 23.000000
v 9.000000 -14.000000 23.000000
v 9.000000 -14.000000 37.500000
vt 0.015625 0.769531
vt 0.230469 0.769531
vt 0.230469 0.984375
vn 0.000000 1.000000 0.000000
g coin_module
usemtl details
f 679/679/227 680/680/227 681/681/227
v 17.500000 -14.000000 23.000000
v 9.000000 -14.000000 37.500000
v 17.500000 -14.000000 37.500000
vt 0.015625 0.769531
vt 0.230469 0.984375
vt 0.015625 0.984375
vn 0.000000 1.000000 -0.000000
g coin_module
usemtl details
f 682/682/228 683/683/228 684/684/228
v 9.000000 -14.000000 23.000000
v 9.000000 -18.000000 23.000000
v 9.000000 -18.000000 37.500000
vt 0.015625 0.769531
vt 0.230469 0.769531
vt 0.230469 0.984375
vn -1.000000 0.000000 0.000000
g coin_module
usemtl details
f 685/685/229 686/686/229 687/687/229
v 9.000000 -14.000000 23.000000
v 9.000000 -18.000000 37.500000
v 9.000000 -14.000000 37.500000
vt 0.015625 0.769531
vt 0.230469 0.984375
vt 0.015625 0.984375
vn -1.000000 0.000000 0.000000
g coin_module
usemtl details
f 688/688/230 689/689/230 690/690/230
v 17.500000 -18.000000 23.000000
v 17.500000 -14.000000 23.000000
v 17.500000 -14.000000 37.500000
vt 0.015625 0.769531
vt 0.230469 0.769531
vt 0.230469 0.984375
vn 1.000000 0.000000 0.000000
g coin_module
usemtl details
f 691/691/231 692/692/231 693/693/231
v 17.500000 -18.000000 23.000000
v 17.500000 -14.000000 37.500000
v 17.500000 -18.000000 37.500000
vt 0.015625 0.769531
vt 0.230469 0.984375
vt 0.015625 0.984375
vn 1.000000 0.000000 0.000000
g coin_module
usemtl details
f 694/694/232 695/695/232 696/696/232
v 9.000000 -18.000000 37.500000
v 17.500000 -18.000000 37.500000
v 17.500000 -14.000000 37.500000
vt 0.015625 0.769531
vt 0.230469 0.769531
vt 0.230469 0.984375
vn 0.000000 0.000000 1.000000
g coin_module
usemtl details
f 697/697/233 698/698/233 699/699/233
v 9.000000 -18.000000 37.500000
v 17.500000 -14.000000 37.500000
v 9.000000 -14.000000 37.500000
vt 0.015625 0.769531
vt 0.230469 0.984375
vt 0.015625 0.984375
vn 0.000000 0.000000 1.000000
g coin_module
usemtl details
f 700/700/234 701/701/234 702/702/234
v 9.000000 -14.000000 23.000000
v 17.500000 -14.000000 23.000000
v 17.500000 -18.000000 23.000000
vt 0.015625 0.769531
vt 0.230469 0.769531
vt 0.230469 0.984375
vn 0.000000 0.000000 -1.000000
g coin_module
usemtl details
f 703/703/235 704/704/235 705/705/235
v 9.000000 -14.000000 23.000000
v 17.500000 -18.000000 23.000000
v 9.000000 -18.000000 23.000000
vt 0.015625 0.769531
vt 0.230469 0.984375
vt 0.015625 0.984375
vn 0.000000 0.000000 -1.000000
g coin_module
usemtl details
f 706/706/236 707/707/236 708/708/236
v 11.000000 -18.800000 23.700000
v 15.500000 -18.800000 23.700000
v 15.500000 -18.800000 25.500000
vt 0.515625 0.769531
vt 0.730469 0.769531
vt 0.730469 0.984375
vn 0.000000 -1.000000 0.000000
g coin_return_button
usemtl details
f 709/709/237 710/710/237 711/711/237
v 11.000000 -18.800000 23.700000
v 15.500000 -18.800000 25.500000
v 11.000000 -18.800000 25.500000
vt 0.515625 0.769531
vt 0.730469 0.984375
vt 0.515625 0.984375
vn 0.000000 -1.000000 0.000000
g coin_return_button
usemtl details
f 712/712/238 713/713/238 714/714/238
v 15.500000 -17.800000 23.700000
v 11.000000 -17.800000 23.700000
v 11.000000 -17.800000 25.500000
vt 0.515625 0.769531
vt 0.730469 0.769531
vt 0.730469 0.984375
vn 0.000000 1.000000 0.000000
g coin_return_button
usemtl details
f 715/715/239 716/716/239 717/717/239
v 15.500000 -17.800000 23.700000
v 11.000000 -17.800000 25.500000
v 15.500000 -17.800000 25.500000
vt 0.515625 0.769531
vt 0.730469 0.984375
vt 0.515625 0.984375
vn 0.000000 1.000000 -0.000000
g coin_return_button
usemtl details
f 718/718/240 719/719/240 720/720/240
v 11.000000 -17.800000 23.700000
v 11.000000 -18.800000 23.700000
v 11.000000 -18.800000 25.500000
vt 0.515625 0.769531
vt 0.730469 0.769531
vt 0.730469 0.984375
vn -1.000000 0.000000 0.000000
g coin_return_button
usemtl details
f 721/721/241 722/722/241 723/723/241
v 11.000000 -17.800000 23.700000
v 11.000000 -18.800000 25.500000
v 11.000000 -17.800000 25.500000
vt 0.515625 0.769531
vt 0.730469 0.984375
vt 0.515625 0.984375
vn -1.000000 0.000000 0.000000
g coin_return_button
usemtl details
f 724/724/242 725/725/242 726/726/242
v 15.500000 -18.800000 23.700000
v 15.500000 -17.800000 23.700000
v 15.500000 -17.800000 25.500000
vt 0.515625 0.769531
vt 0.730469 0.769531
vt 0.730469 0.984375
vn 1.000000 0.000000 0.000000
g coin_return_button
usemtl details
f 727/727/243 728/728/243 729/729/243
v 15.500000 -18.800000 23.700000
v 15.500000 -17.800000 25.500000
v 15.500000 -18.800000 25.500000
vt 0.515625 0.769531
vt 0.730469 0.984375
vt 0.515625 0.984375
vn 1.000000 0.000000 0.000000
g coin_return_button
usemtl details
f 730/730/244 731/731/244 732/732/244
v 11.000000 -18.800000 25.500000
v 15.500000 -18.800000 25.500000
v 15.500000 -17.800000 25.500000
vt 0.515625 0.769531
vt 0.730469 0.769531
vt 0.730469 0.984375
vn 0.000000 0.000000 1.000000
g coin_return_button
usemtl details
f 733/733/245 734/734/245 735/735/245
v 11.000000 -18.800000 25.500000
v 15.500000 -17.800000 25.500000
v 11.000000 -17.800000 25.500000
vt 0.515625 0.769531
vt 0.730469 0.984375
vt 0.515625 0.984375
vn 0.000000 0.000000 1.000000
g coin_return_button
usemtl details
f 736/736/246 737/737/246 738/738/246
v 11.000000 -17.800000 23.700000
v 15.500000 -17.800000 23.700000
v 15.500000 -18.800000 23.700000
vt 0.515625 0.769531
vt 0.730469 0.769531
vt 0.730469 0.984375
vn 0.000000 0.000000 -1.000000
g coin_return_button
usemtl details
f 739/739/247 740/740/247 741/741/247
v 11.000000 -17.800000 23.700000
v 15.500000 -18.800000 23.700000
v 11.000000 -18.800000 23.700000
vt 0.515625 0.769531
vt 0.730469 0.984375
vt 0.515625 0.984375
vn 0.000000 0.000000 -1.000000
g coin_return_button
usemtl details
f 742/742/248 743/743/248 744/744/248
v 1.000000 -16.100000 26.000000
v 2.200000 -16.100000 26.000000
v 2.200000 -16.100000 31.000000
vt 0.015625 0.769531
vt 0.230469 0.769531
vt 0.230469 0.984375
vn 0.000000 -1.000000 0.000000
g door_handle
usemtl details
f 745/745/249 746/746/249 747/747/249
v 1.000000 -16.100000 26.000000
v 2.200000 -16.100000 31.000000
v 1.000000 -16.100000 31.000000
vt 0.015625 0.769531
vt 0.230469 0.984375
vt 0.015625 0.984375
vn 0.000000 -1.000000 0.000000
g door_handle
usemtl details
f 748/748/250 749/749/250 750/750/250
v 2.200000 -14.000000 26.000000
v 1.000000 -14.000000 26.000000
v 1.000000 -14.000000 31.000000
vt 0.015625 0.769531
vt 0.230469 0.769531
vt 0.230469 0.984375
vn 0.000000 1.000000 0.000000
g door_handle
usemtl details
f 751/751/251 752/752/251 753/753/251
v 2.200000 -14.000000 26.000000
v 1.000000 -14.000000 31.000000
v 2.200000 -14.000000 31.000000
vt 0.015625 0.769531
vt 0.230469 0.984375
vt 0.015625 0.984375
vn 0.000000 1.000000 -0.000000
g door_handle
usemtl details
f 754/754/252 755/755/252 756/756/252
v 1.000000 -14.000000 26.000000
v 1.000000 -16.100000 26.000000
v 1.000000 -16.100000 31.000000
vt 0.015625 0.769531
vt 0.230469 0.769531
vt 0.230469 0.984375
vn -1.000000 0.000000 0.000000
g door_handle
usemtl details
f 757/757/253 758/758/253 759/759/253
v 1.000000 -14.000000 26.000000
v 1.000000 -16.100000 31.000000
v 1.000000 -14.000000 31.000000
vt 0.015625 0.769531
vt 0.230469 0.984375
vt 0.015625 0.984375
vn -1.000000 0.000000 0.000000
g door_handle
usemtl details
f 760/760/254 761/761/254 762/762/254
v 2.200000 -16.100000 26.000000
v 2.200000 -14.000000 26.000000
v 2.200000 -14.000000 31.000000
vt 0.015625 0.769531
vt 0.230469 0.769531
vt 0.230469 0.984375
vn 1.000000 0.000000 0.000000
g door_handle
usemtl details
f 763/763/255 764/764/255 765/765/255
v 2.200000 -16.100000 26.000000
v 2.200000 -14.000000 31.000000
v 2.200000 -16.100000 31.000000
vt 0.015625 0.769531
vt 0.230469 0.984375
vt 0.015625 0.984375
vn 1.000000 0.000000 0.000000
g door_handle
usemtl details
f 766/766/256 767/767/256 768/768/256
v 1.000000 -16.100000 31.000000
v 2.200000 -16.100000 31.000000
v 2.200000 -14.000000 31.000000
vt 0.015625 0.769531
vt 0.230469 0.769531
vt 0.230469 0.984375
vn 0.000000 0.000000 1.000000
g door_handle
usemtl details
f 769/769/257 770/770/257 771/771/257
v 1.000000 -16.100000 31.000000
v 2.200000 -14.000000 31.000000
v 1.000000 -14.000000 31.000000
vt 0.015625 0.769531
vt 0.230469 0.984375
vt 0.015625 0.984375
vn 0.000000 0.000000 1.000000
g door_handle
usemtl details
f 772/772/258 773/773/258 774/774/258
v 1.000000 -14.000000 26.000000
v 2.200000 -14.000000 26.000000
v 2.200000 -16.100000 26.000000
vt 0.015625 0.769531
vt 0.230469 0.769531
vt 0.230469 0.984375
vn 0.000000 0.000000 -1.000000
g door_handle
usemtl details
f 775/775/259 776/776/259 777/777/259
v 1.000000 -14.000000 26.000000
v 2.200000 -16.100000 26.000000
v 1.000000 -16.100000 26.000000
vt 0.015625 0.769531
vt 0.230469 0.984375
vt 0.015625 0.984375
vn 0.000000 0.000000 -1.000000
g door_handle
usemtl details
f 778/778/260 779/779/260 780/780/260
v -20.000000 -14.600000 18.000000
v -18.500000 -14.600000 18.000000
v -18.500000 -14.600000 21.000000
vt 0.015625 0.769531
vt 0.230469 0.769531
vt 0.230469 0.984375
vn 0.000000 -1.000000 0.000000
g hinge_upper
usemtl details
f 781/781/261 782/782/261 783/783/261
v -20.000000 -14.600000 18.000000
v -18.500000 -14.600000 21.000000
v -20.000000 -14.600000 21.000000
vt 0.015625 0.769531
vt 0.230469 0.984375
vt 0.015625 0.984375
vn 0.000000 -1.000000 0.000000
g hinge_upper
usemtl details
f 784/784/262 785/785/262 786/786/262
v -18.500000 -13.800000 18.000000
v -20.000000 -13.800000 18.000000
v -20.000000 -13.800000 21.000000
vt 0.015625 0.769531
vt 0.230469 0.769531
vt 0.230469 0.984375
vn 0.000000 1.000000 0.000000
g hinge_upper
usemtl details
f 787/787/263 788/788/263 789/789/263
v -18.500000 -13.800000 18.000000
v -20.000000 -13.800000 21.000000
v -18.500000 -13.800000 21.000000
vt 0.015625 0.769531
vt 0.230469 0.984375
vt 0.015625 0.984375
vn 0.000000 1.000000 -0.000000
g hinge_upper
usemtl details
f 790/790/264 791/791/264 792/792/264
v -20.000000 -13.800000 18.000000
v -20.000000 -14.600000 18.000000
v -20.000000 -14.600000 21.000000
vt 0.015625 0.769531
vt 0.230469 0.769531
vt 0.230469 0.984375
vn -1.000000 0.000000 0.000000
g hinge_upper
usemtl details
f 793/793/265 794/794/265 795/795/265
v -20.000000 -13.800000 18.000000
v -20.000000 -14.600000 21.000000
v -20.000000 -13.800000 21.000000
vt 0.015625 0.769531
vt 0.230469 0.984375
vt 0.015625 0.984375
vn -1.000000 0.000000 0.000000
g hinge_upper
usemtl details
f 796/796/266 797/797/266 798/798/266
v -18.500000 -14.600000 18.000000
v -18.500000 -13.800000 18.000000
v -18.500000 -13.800000 21.000000
vt 0.015625 0.769531
vt 0.230469 0.769531
vt 0.230469 0.984375
vn 1.000000 0.000000 0.000000
g hinge_upper
usemtl details
f 799/799/267 800/800/267 801/801/267
v -18.500000 -14.600000 18.000000
v -18.500000 -13.800000 21.000000
v -18.500000 -14.600000 21.000000
vt 0.015625 0.769531
vt 0.230469 0.984375
vt 0.015625 0.984375
vn 1.000000 0.000000 0.000000
g hinge_upper
usemtl details
f 802/802/268 803/803/268 804/804/268
v -20.000000 -14.600000 21.000000
v -18.500000 -14.600000 21.000000
v -18.500000 -13.800000 21.000000
vt 0.015625 0.769531
vt 0.230469 0.769531
vt 0.230469 0.984375
vn 0.000000 0.000000 1.000000
g hinge_upper
usemtl details
f 805/805/269 806/806/269 807/807/269
v -20.000000 -14.600000 21.000000
v -18.500000 -13.800000 21.000000
v -20.000000 -13.800000 21.000000
vt 0.015625 0.769531
vt 0.230469 0.984375
vt 0.015625 0.984375
vn 0.000000 0.000000 1.000000
g hinge_upper
usemtl details
f 808/808/270 809/809/270 810/810/270
v -20.000000 -13.800000 18.000000
v -18.500000 -13.800000 18.000000
v -18.500000 -14.600000 18.000000
vt 0.015625 0.769531
vt 0.230469 0.769531
vt 0.230469 0.984375
vn 0.000000 0.000000 -1.000000
g hinge_upper
usemtl details
f 811/811/271 812/812/271 813/813/271
v -20.000000 -13.800000 18.000000
v -18.500000 -14.600000 18.000000
v -20.000000 -14.600000 18.000000
vt 0.015625 0.769531
vt 0.230469 0.984375
vt 0.015625 0.984375
vn 0.000000 0.000000 -1.000000
g hinge_upper
usemtl details
f 814/814/272 815/815/272 816/816/272
v -20.000000 -14.600000 7.000000
v -18.500000 -14.600000 7.000000
v -18.500000 -14.600000 10.000000
vt 0.015625 0.769531
vt 0.230469 0.769531
vt 0.230469 0.984375
vn 0.000000 -1.000000 0.000000
g hinge_lower
usemtl details
f 817/817/273 818/818/273 819/819/273
v -20.000000 -14.600000 7.000000
v -18.500000 -14.600000 10.000000
v -20.000000 -14.600000 10.000000
vt 0.015625 0.769531
vt 0.230469 0.984375
vt 0.015625 0.984375
vn 0.000000 -1.000000 0.000000
g hinge_lower
usemtl details
f 820/820/274 821/821/274 822/822/274
v -18.500000 -13.800000 7.000000
v -20.000000 -13.800000 7.000000
v -20.000000 -13.800000 10.000000
vt 0.015625 0.769531
vt 0.230469 0.769531
vt 0.230469 0.984375
vn 0.000000 1.000000 0.000000
g hinge_lower
usemtl details
f 823/823/275 824/824/275 825/825/275
v -18.500000 -13.800000 7.000000
v -20.000000 -13.800000 10.000000
v -18.500000 -13.800000 10.000000
vt 0.015625 0.769531
vt 0.230469 0.984375
vt 0.015625 0.984375
vn 0.000000 1.000000 -0.000000
g hinge_lower
usemtl details
f 826/826/276 827/827/276 828/828/276
v -20.000000 -13.800000 7.000000
v -20.000000 -14.600000 7.000000
v -20.000000 -14.600000 10.000000
vt 0.015625 0.769531
vt 0.230469 0.769531
vt 0.230469 0.984375
vn -1.000000 0.000000 0.000000
g hinge_lower
usemtl details
f 829/829/277 830/830/277 831/831/277
v -20.000000 -13.800000 7.000000
v -20.000000 -14.600000 10.000000
v -20.000000 -13.800000 10.000000
vt 0.015625 0.769531
vt 0.230469 0.984375
vt 0.015625 0.984375
vn -1.000000 0.000000 0.000000
g hinge_lower
usemtl details
f 832/832/278 833/833/278 834/834/278
v -18.500000 -14.600000 7.000000
v -18.500000 -13.800000 7.000000
v -18.500000 -13.800000 10.000000
vt 0.015625 0.769531
vt 0.230469 0.769531
vt 0.230469 0.984375
vn 1.000000 0.000000 0.000000
g hinge_lower
usemtl details
f 835/835/279 836/836/279 837/837/279
v -18.500000 -14.600000 7.000000
v -18.500000 -13.800000 10.000000
v -18.500000 -14.600000 10.000000
vt 0.015625 0.769531
vt 0.230469 0.984375
vt 0.015625 0.984375
vn 1.000000 0.000000 0.000000
g hinge_lower
usemtl details
f 838/838/280 839/839/280 840/840/280
v -20.000000 -14.600000 10.000000
v -18.500000 -14.600000 10.000000
v -18.500000 -13.800000 10.000000
vt 0.015625 0.769531
vt 0.230469 0.769531
vt 0.230469 0.984375
vn 0.000000 0.000000 1.000000
g hinge_lower
usemtl details
f 841/841/281 842/842/281 843/843/281
v -20.000000 -14.600000 10.000000
v -18.500000 -13.800000 10.000000
v -20.000000 -13.800000 10.000000
vt 0.015625 0.769531
vt 0.230469 0.984375
vt 0.015625 0.984375
vn 0.000000 0.000000 1.000000
g hinge_lower
usemtl details
f 844/844/282 845/845/282 846/846/282
v -20.000000 -13.800000 7.000000
v -18.500000 -13.800000 7.000000
v -18.500000 -14.600000 7.000000
vt 0.015625 0.769531
vt 0.230469 0.769531
vt 0.230469 0.984375
vn 0.000000 0.000000 -1.000000
g hinge_lower
usemtl details
f 847/847/283 848/848/283 849/849/283
v -20.000000 -13.800000 7.000000
v -18.500000 -14.600000 7.000000
v -20.000000 -14.600000 7.000000
vt 0.015625 0.769531
vt 0.230469 0.984375
vt 0.015625 0.984375
vn 0.000000 0.000000 -1.000000
g hinge_lower
usemtl details
f 850/850/284 851/851/284 852/852/284
v -8.150000 -16.300000 24.100000
v -8.398959 -15.698959 24.100000
v -8.398959 -15.698959 28.400000
vt 0.765625 0.269531
vt 0.792480 0.269531
vt 0.792480 0.577043
vn 0.923880 0.382683 0.000000
g display_bottle
usemtl details
f 853/853/285 854/854/285 855/855/285
v -8.150000 -16.300000 24.100000
v -8.398959 -15.698959 28.400000
v -8.150000 -16.300000 28.400000
vt 0.765625 0.269531
vt 0.792480 0.577043
vt 0.765625 0.577043
vn 0.923880 0.382683 -0.000000
g display_bottle
usemtl details
f 856/856/286 857/857/286 858/858/286
v -8.398959 -15.698959 24.100000
v -9.000000 -15.450000 24.100000
v -9.000000 -15.450000 28.400000
vt 0.792480 0.269531
vt 0.819336 0.269531
vt 0.819336 0.577043
vn 0.382683 0.923880 0.000000
g display_bottle
usemtl details
f 859/859/287 860/860/287 861/861/287
v -8.398959 -15.698959 24.100000
v -9.000000 -15.450000 28.400000
v -8.398959 -15.698959 28.400000
vt 0.792480 0.269531
vt 0.819336 0.577043
vt 0.792480 0.577043
vn 0.382683 0.923880 -0.000000
g display_bottle
usemtl details
f 862/862/288 863/863/288 864/864/288
v -9.000000 -15.450000 24.100000
v -9.601041 -15.698959 24.100000
v -9.601041 -15.698959 28.400000
vt 0.819336 0.269531
vt 0.846191 0.269531
vt 0.846191 0.577043
vn -0.382683 0.923880 0.000000
g display_bottle
usemtl details
f 865/865/289 866/866/289 867/867/289
v -9.000000 -15.450000 24.100000
v -9.601041 -15.698959 28.400000
v -9.000000 -15.450000 28.400000
vt 0.819336 0.269531
vt 0.846191 0.577043
vt 0.819336 0.577043
vn -0.382683 0.923880 0.000000
g display_bottle
usemtl details
f 868/868/290 869/869/290 870/870/290
v -9.601041 -15.698959 24.100000
v -9.850000 -16.300000 24.100000
v -9.850000 -16.300000 28.400000
vt 0.846191 0.269531
vt 0.873047 0.269531
vt 0.873047 0.577043
vn -0.923880 0.382683 0.000000
g display_bottle
usemtl details
f 871/871/291 872/872/291 873/873/291
v -9.601041 -15.698959 24.100000
v -9.850000 -16.300000 28.400000
v -9.601041 -15.698959 28.400000
vt 0.846191 0.269531
vt 0.873047 0.577043
vt 0.846191 0.577043
vn -0.923880 0.382683 0.000000
g display_bottle
usemtl details
f 874/874/292 875/875/292 876/876/292
v -9.850000 -16.300000 24.100000
v -9.601041 -16.901041 24.100000
v -9.601041 -16.901041 28.400000
vt 0.873047 0.269531
vt 0.899902 0.269531
vt 0.899902 0.577043
vn -0.923880 -0.382683 0.000000
g display_bottle
usemtl details
f 877/877/293 878/878/293 879/879/293
v -9.850000 -16.300000 24.100000
v -9.601041 -16.901041 28.400000
v -9.850000 -16.300000 28.400000
vt 0.873047 0.269531
vt 0.899902 0.577043
vt 0.873047 0.577043
vn -0.923880 -0.382683 0.000000
g display_bottle
usemtl details
f 880/880/294 881/881/294 882/882/294
v -9.601041 -16.901041 24.100000
v -9.000000 -17.150000 24.100000
v -9.000000 -17.150000 28.400000
vt 0.899902 0.269531
vt 0.926758 0.269531
vt 0.926758 0.577043
vn -0.382683 -0.923880 0.000000
g display_bottle
usemtl details
f 883/883/295 884/884/295 885/885/295
v -9.601041 -16.901041 24.100000
v -9.000000 -17.150000 28.400000
v -9.601041 -16.901041 28.400000
vt 0.899902 0.269531
vt 0.926758 0.577043
vt 0.899902 0.577043
vn -0.382683 -0.923880 0.000000
g display_bottle
usemtl details
f 886/886/296 887/887/296 888/888/296
v -9.000000 -17.150000 24.100000
v -8.398959 -16.901041 24.100000
v -8.398959 -16.901041 28.400000
vt 0.926758 0.269531
vt 0.953613 0.269531
vt 0.953613 0.577043
vn 0.382683 -0.923880 0.000000
g display_bottle
usemtl details
f 889/889/297 890/890/297 891/891/297
v -9.000000 -17.150000 24.100000
v -8.398959 -16.901041 28.400000
v -9.000000 -17.150000 28.400000
vt 0.926758 0.269531
vt 0.953613 0.577043
vt 0.926758 0.577043
vn 0.382683 -0.923880 0.000000
g display_bottle
usemtl details
f 892/892/298 893/893/298 894/894/298
v -8.398959 -16.901041 24.100000
v -8.150000 -16.300000 24.100000
v -8.150000 -16.300000 28.400000
vt 0.953613 0.269531
vt 0.980469 0.269531
vt 0.980469 0.577043
vn 0.923880 -0.382683 0.000000
g display_bottle
usemtl details
f 895/895/299 896/896/299 897/897/299
v -8.398959 -16.901041 24.100000
v -8.150000 -16.300000 28.400000
v -8.398959 -16.901041 28.400000
vt 0.953613 0.269531
vt 0.980469 0.577043
vt 0.953613 0.577043
vn 0.923880 -0.382683 0.000000
g display_bottle
usemtl details
f 898/898/300 899/899/300 900/900/300
v -8.150000 -16.300000 28.400000
v -8.398959 -15.698959 28.400000
v -8.717157 -16.017157 29.300000
vt 0.765625 0.577043
vt 0.792480 0.577043
vt 0.792480 0.641406
vn 0.838717 0.347408 0.419358
g display_bottle
usemtl details
f 901/901/301 902/902/301 903/903/301
v -8.150000 -16.300000 28.400000
v -8.717157 -16.017157 29.300000
v -8.600000 -16.300000 29.300000
vt 0.765625 0.577043
vt 0.792480 0.641406
vt 0.765625 0.641406
vn 0.838717 0.347408 0.419358
g display_bottle
usemtl details
f 904/904/302 905/905/302 906/906/302
v -8.398959 -15.698959 28.400000
v -9.000000 -15.450000 28.400000
v -9.000000 -15.900000 29.300000
vt 0.792480 0.577043
vt 0.819336 0.577043
vt 0.819336 0.641406
vn 0.347408 0.838717 0.419358
g display_bottle
usemtl details
f 907/907/303 908/908/303 909/909/303
v -8.398959 -15.698959 28.400000
v -9.000000 -15.900000 29.300000
v -8.717157 -16.017157 29.300000
vt 0.792480 0.577043
vt 0.819336 0.641406
vt 0.792480 0.641406
vn 0.347408 0.838717 0.419358
g display_bottle
usemtl details
f 910/910/304 911/911/304 912/912/304
v -9.000000 -15.450000 28.400000
v -9.601041 -15.698959 28.400000
v -9.282843 -16.017157 29.300000
vt 0.819336 0.577043
vt 0.846191 0.577043
vt 0.846191 0.641406
vn -0.347408 0.838717 0.419358
g display_bottle
usemtl details
f 913/913/305 914/914/305 915/915/305
v -9.000000 -15.450000 28.400000
v -9.282843 -16.017157 29.300000
v -9.000000 -15.900000 29.300000
vt 0.819336 0.577043
vt 0.846191 0.641406
vt 0.819336 0.641406
vn -0.347408 0.838717 0.419358
g display_bottle
usemtl details
f 916/916/306 917/917/306 918/918/306
v -9.601041 -15.698959 28.400000
v -9.850000 -16.300000 28.400000
v -9.400000 -16.300000 29.300000
vt 0.846191 0.577043
vt 0.873047 0.577043
vt 0.873047 0.641406
vn -0.838717 0.347408 0.419358
g display_bottle
usemtl details
f 919/919/307 920/920/307 921/921/307
v -9.601041 -15.698959 28.400000
v -9.400000 -16.300000 29.300000
v -9.282843 -16.017157 29.300000
vt 0.846191 0.577043
vt 0.873047 0.641406
vt 0.846191 0.641406
vn -0.838717 0.347408 0.419358
g display_bottle
usemtl details
f 922/922/308 923/923/308 924/924/308
v -9.850000 -16.300000 28.400000
v -9.601041 -16.901041 28.400000
v -9.282843 -16.582843 29.300000
vt 0.873047 0.577043
vt 0.899902 0.577043
vt 0.899902 0.641406
vn -0.838717 -0.347408 0.419358
g display_bottle
usemtl details
f 925/925/309 926/926/309 927/927/309
v -9.850000 -16.300000 28.400000
v -9.282843 -16.582843 29.300000
v -9.400000 -16.300000 29.300000
vt 0.873047 0.577043
vt 0.899902 0.641406
vt 0.873047 0.641406
vn -0.838717 -0.347408 0.419358
g display_bottle
usemtl details
f 928/928/310 929/929/310 930/930/310
v -9.601041 -16.901041 28.400000
v -9.000000 -17.150000 28.400000
v -9.000000 -16.700000 29.300000
vt 0.899902 0.577043
vt 0.926758 0.577043
vt 0.926758 0.641406
vn -0.347408 -0.838717 0.419358
g display_bottle
usemtl details
f 931/931/311 932/932/311 933/933/311
v -9.601041 -16.901041 28.400000
v -9.000000 -16.700000 29.300000
v -9.282843 -16.582843 29.300000
vt 0.899902 0.577043
vt 0.926758 0.641406
vt 0.899902 0.641406
vn -0.347408 -0.838717 0.419358
g display_bottle
usemtl details
f 934/934/312 935/935/312 936/936/312
v -9.000000 -17.150000 28.400000
v -8.398959 -16.901041 28.400000
v -8.717157 -16.582843 29.300000
vt 0.926758 0.577043
vt 0.953613 0.577043
vt 0.953613 0.641406
vn 0.347408 -0.838717 0.419358
g display_bottle
usemtl details
f 937/937/313 938/938/313 939/939/313
v -9.000000 -17.150000 28.400000
v -8.717157 -16.582843 29.300000
v -9.000000 -16.700000 29.300000
vt 0.926758 0.577043
vt 0.953613 0.641406
vt 0.926758 0.641406
vn 0.347408 -0.838717 0.419358
g display_bottle
usemtl details
f 940/940/314 941/941/314 942/942/314
v -8.398959 -16.901041 28.400000
v -8.150000 -16.300000 28.400000
v -8.600000 -16.300000 29.300000
vt 0.953613 0.577043
vt 0.980469 0.577043
vt 0.980469 0.641406
vn 0.838717 -0.347408 0.419358
g display_bottle
usemtl details
f 943/943/315 944/944/315 945/945/315
v -8.398959 -16.901041 28.400000
v -8.600000 -16.300000 29.300000
v -8.717157 -16.582843 29.300000
vt 0.953613 0.577043
vt 0.980469 0.641406
vt 0.953613 0.641406
vn 0.838717 -0.347408 0.419358
g display_bottle
usemtl details
f 946/946/316 947/947/316 948/948/316
v -8.600000 -16.300000 29.300000
v -8.717157 -16.017157 29.300000
v -8.717157 -16.017157 30.600000
vt 0.765625 0.641406
vt 0.792480 0.641406
vt 0.792480 0.734375
vn 0.923880 0.382683 0.000000
g display_bottle
usemtl details
f 949/949/317 950/950/317 951/951/317
v -8.600000 -16.300000 29.300000
v -8.717157 -16.017157 30.600000
v -8.600000 -16.300000 30.600000
vt 0.765625 0.641406
vt 0.792480 0.734375
vt 0.765625 0.734375
vn 0.923880 0.382683 -0.000000
g display_bottle
usemtl details
f 952/952/318 953/953/318 954/954/318
v -8.717157 -16.017157 29.300000
v -9.000000 -15.900000 29.300000
v -9.000000 -15.900000 30.600000
vt 0.792480 0.641406
vt 0.819336 0.641406
vt 0.819336 0.734375
vn 0.382683 0.923880 0.000000
g display_bottle
usemtl details
f 955/955/319 956/956/319 957/957/319
v -8.717157 -16.017157 29.300000
v -9.000000 -15.900000 30.600000
v -8.717157 -16.017157 30.600000
vt 0.792480 0.641406
vt 0.819336 0.734375
vt 0.792480 0.734375
vn 0.382683 0.923880 -0.000000
g display_bottle
usemtl details
f 958/958/320 959/959/320 960/960/320
v -9.000000 -15.900000 29.300000
v -9.282843 -16.017157 29.300000
v -9.282843 -16.017157 30.600000
vt 0.819336 0.641406
vt 0.846191 0.641406
vt 0.846191 0.734375
vn -0.382683 0.923880 0.000000
g display_bottle
usemtl details
f 961/961/321 962/962/321 963/963/321
v -9.000000 -15.900000 29.300000
v -9.282843 -16.017157 30.600000
v -9.000000 -15.900000 30.600000
vt 0.819336 0.641406
vt 0.846191 0.734375
vt 0.819336 0.734375
vn -0.382683 0.923880 0.000000
g display_bottle
usemtl details
f 964/964/322 965/965/322 966/966/322
v -9.282843 -16.017157 29.300000
v -9.400000 -16.300000 29.300000
v -9.400000 -16.300000 30.600000
vt 0.846191 0.641406
vt 0.873047 0.641406
vt 0.873047 0.734375
vn -0.923880 0.382683 0.000000
g display_bottle
usemtl details
f 967/967/323 968/968/323 969/969/323
v -9.282843 -16.017157 29.300000
v -9.400000 -16.300000 30.600000
v -9.282843 -16.017157 30.600000
vt 0.846191 0.641406
vt 0.873047 0.734375
vt 0.846191 0.734375
vn -0.923880 0.382683 0.000000
g display_bottle
usemtl details
f 970/970/324 971/971/324 972/972/324
v -9.400000 -16.300000 29.300000
v -9.282843 -16.582843 29.300000
v -9.282843 -16.582843 30.600000
vt 0.873047 0.641406
vt 0.899902 0.641406
vt 0.899902 0.734375
vn -0.923880 -0.382683 0.000000
g display_bottle
usemtl details
f 973/973/325 974/974/325 975/975/325
v -9.400000 -16.300000 29.300000
v -9.282843 -16.582843 30.600000
v -9.400000 -16.300000 30.600000
vt 0.873047 0.641406
vt 0.899902 0.734375
vt 0.873047 0.734375
vn -0.923880 -0.382683 0.000000
g display_bottle
usemtl details
f 976/976/326 977/977/326 978/978/326
v -9.282843 -16.582843 29.300000
v -9.000000 -16.700000 29.300000
v -9.000000 -16.700000 30.600000
vt 0.899902 0.641406
vt 0.926758 0.641406
vt 0.926758 0.734375
vn -0.382683 -0.923880 0.000000
g display_bottle
usemtl details
f 979/979/327 980/980/327 981/981/327
v -9.282843 -16.582843 29.300000
v -9.000000 -16.700000 30.600000
v -9.282843 -16.582843 30.600000
vt 0.899902 0.641406
vt 0.926758 0.734375
vt 0.899902 0.734375
vn -0.382683 -0.923880 0.000000
g display_bottle
usemtl details
f 982/982/328 983/983/328 984/984/328
v -9.000000 -16.700000 29.300000
v -8.717157 -16.582843 29.300000
v -8.717157 -16.582843 30.600000
vt 0.926758 0.641406
vt 0.953613 0.641406
vt 0.953613 0.734375
vn 0.382683 -0.923880 0.000000
g display_bottle
usemtl details
f 985/985/329 986/986/329 987/987/329
v -9.000000 -16.700000 29.300000
v -8.717157 -16.582843 30.600000
v -9.000000 -16.700000 30.600000
vt 0.926758 0.641406
vt 0.953613 0.734375
vt 0.926758 0.734375
vn 0.382683 -0.923880 0.000000
g display_bottle
usemtl details
f 988/988/330 989/989/330 990/990/330
v -8.717157 -16.582843 29.300000
v -8.600000 -16.300000 29.300000
v -8.600000 -16.300000 30.600000
vt 0.953613 0.641406
vt 0.980469 0.641406
vt 0.980469 0.734375
vn 0.923880 -0.382683 0.000000
g display_bottle
usemtl details
f 991/991/331 992/992/331 993/993/331
v -8.717157 -16.582843 29.300000
v -8.600000 -16.300000 30.600000
v -8.717157 -16.582843 30.600000
vt 0.953613 0.641406
vt 0.980469 0.734375
vt 0.953613 0.734375
vn 0.923880 -0.382683 0.000000
g display_bottle
usemtl details
f 994/994/332 995/995/332 996/996/332
v -9.000000 -16.300000 30.600000
v -8.600000 -16.300000 30.600000
v -8.717157 -16.017157 30.600000
vt 0.015625 0.769531
vt 0.230469 0.769531
vt 0.230469 0.984375
vn 0.000000 0.000000 1.000000
g display_bottle
usemtl details
f 997/997/333 998/998/333 999/999/333
v -9.000000 -16.300000 30.600000
v -8.717157 -16.017157 30.600000
v -9.000000 -15.900000 30.600000
vt 0.015625 0.769531
vt 0.230469 0.769531
vt 0.230469 0.984375
vn 0.000000 0.000000 1.000000
g display_bottle
usemtl details
f 1000/1000/334 1001/1001/334 1002/1002/334
v -9.000000 -16.300000 30.600000
v -9.000000 -15.900000 30.600000
v -9.282843 -16.017157 30.600000
vt 0.015625 0.769531
vt 0.230469 0.769531
vt 0.230469 0.984375
vn 0.000000 -0.000000 1.000000
g display_bottle
usemtl details
f 1003/1003/335 1004/1004/335 1005/1005/335
v -9.000000 -16.300000 30.600000
v -9.282843 -16.017157 30.600000
v -9.400000 -16.300000 30.600000
vt 0.015625 0.769531
vt 0.230469 0.769531
vt 0.230469 0.984375
vn 0.000000 0.000000 1.000000
g display_bottle
usemtl details
f 1006/1006/336 1007/1007/336 1008/1008/336
v -9.000000 -16.300000 30.600000
v -9.400000 -16.300000 30.600000
v -9.282843 -16.582843 30.600000
vt 0.015625 0.769531
vt 0.230469 0.769531
vt 0.230469 0.984375
vn 0.000000 0.000000 1.000000
g display_bottle
usemtl details
f 1009/1009/337 1010/1010/337 1011/1011/337
v -9.000000 -16.300000 30.600000
v -9.282843 -16.582843 30.600000
v -9.000000 -16.700000 30.600000
vt 0.015625 0.769531
vt 0.230469 0.769531
vt 0.230469 0.984375
vn 0.000000 0.000000 1.000000
g display_bottle
usemtl details
f 1012/1012/338 1013/1013/338 1014/1014/338
v -9.000000 -16.300000 30.600000
v -9.000000 -16.700000 30.600000
v -8.717157 -16.582843 30.600000
vt 0.015625 0.769531
vt 0.230469 0.769531
vt 0.230469 0.984375
vn 0.000000 0.000000 1.000000
g display_bottle
usemtl details
f 1015/1015/339 1016/1016/339 1017/1017/339
v -9.000000 -16.300000 30.600000
v -8.717157 -16.582843 30.600000
v -8.600000 -16.300000 30.600000
vt 0.015625 0.769531
vt 0.230469 0.769531
vt 0.230469 0.984375
vn -0.000000 0.000000 1.000000
g display_bottle
usemtl details
f 1018/1018/340 1019/1019/340 1020/1020/340
v -10.200000 -15.800000 42.000000
v -10.727208 -14.527208 42.000000
v -10.727208 -14.527208 61.500000
vt 0.019531 0.023438
vt 0.027344 0.023438
vt 0.027344 0.230469
vn 0.923880 0.382683 0.000000
g soda_column_0
usemtl details
f 1021/1021/341 1022/1022/341 1023/1023/341
v -10.200000 -15.800000 42.000000
v -10.727208 -14.527208 61.500000
v -10.200000 -15.800000 61.500000
vt 0.019531 0.023438
vt 0.027344 0.230469
vt 0.019531 0.230469
vn 0.923880 0.382683 -0.000000
g soda_column_0
usemtl details
f 1024/1024/342 1025/1025/342 1026/1026/342
v -10.727208 -14.527208 42.000000
v -12.000000 -14.000000 42.000000
v -12.000000 -14.000000 61.500000
vt 0.027344 0.023438
vt 0.035156 0.023438
vt 0.035156 0.230469
vn 0.382683 0.923880 0.000000
g soda_column_0
usemtl details
f 1027/1027/343 1028/1028/343 1029/1029/343
v -10.727208 -14.527208 42.000000
v -12.000000 -14.000000 61.500000
v -10.727208 -14.527208 61.500000
vt 0.027344 0.023438
vt 0.035156 0.230469
vt 0.027344 0.230469
vn 0.382683 0.923880 -0.000000
g soda_column_0
usemtl details
f 1030/1030/344 1031/1031/344 1032/1032/344
v -12.000000 -14.000000 42.000000
v -13.272792 -14.527208 42.000000
v -13.272792 -14.527208 61.500000
vt 0.035156 0.023438
vt 0.042969 0.023438
vt 0.042969 0.230469
vn -0.382683 0.923880 0.000000
g soda_column_0
usemtl details
f 1033/1033/345 1034/1034/345 1035/1035/345
v -12.000000 -14.000000 42.000000
v -13.272792 -14.527208 61.500000
v -12.000000 -14.000000 61.500000
vt 0.035156 0.023438
vt 0.042969 0.230469
vt 0.035156 0.230469
vn -0.382683 0.923880 0.000000
g soda_column_0
usemtl details
f 1036/1036/346 1037/1037/346 1038/1038/346
v -13.272792 -14.527208 42.000000
v -13.800000 -15.800000 42.000000
v -13.800000 -15.800000 61.500000
vt 0.042969 0.023438
vt 0.050781 0.023438
vt 0.050781 0.230469
vn -0.923880 0.382683 0.000000
g soda_column_0
usemtl details
f 1039/1039/347 1040/1040/347 1041/1041/347
v -13.272792 -14.527208 42.000000
v -13.800000 -15.800000 61.500000
v -13.272792 -14.527208 61.500000
vt 0.042969 0.023438
vt 0.050781 0.230469
vt 0.042969 0.230469
vn -0.923880 0.382683 0.000000
g soda_column_0
usemtl details
f 1042/1042/348 1043/1043/348 1044/1044/348
v -13.800000 -15.800000 42.000000
v -13.272792 -17.072792 42.000000
v -13.272792 -17.072792 61.500000
vt 0.050781 0.023438
vt 0.058594 0.023438
vt 0.058594 0.230469
vn -0.923880 -0.382683 0.000000
g soda_column_0
usemtl details
f 1045/1045/349 1046/1046/349 1047/1047/349
v -13.800000 -15.800000 42.000000
v -13.272792 -17.072792 61.500000
v -13.800000 -15.800000 61.500000
vt 0.050781 0.023438
vt 0.058594 0.230469
vt 0.050781 0.230469
vn -0.923880 -0.382683 0.000000
g soda_column_0
usemtl details
f 1048/1048/350 1049/1049/350 1050/1050/350
v -13.272792 -17.072792 42.000000
v -12.000000 -17.600000 42.000000
v -12.000000 -17.600000 61.500000
vt 0.058594 0.023438
vt 0.066406 0.023438
vt 0.066406 0.230469
vn -0.382683 -0.923880 0.000000
g soda_column_0
usemtl details
f 1051/1051/351 1052/1052/351 1053/1053/351
v -13.272792 -17.072792 42.000000
v -12.000000 -17.600000 61.500000
v -13.272792 -17.072792 61.500000
vt 0.058594 0.023438
vt 0.066406 0.230469
vt 0.058594 0.230469
vn -0.382683 -0.923880 0.000000
g soda_column_0
usemtl details
f 1054/1054/352 1055/1055/352 1056/1056/352
v -12.000000 -17.600000 42.000000
v -10.727208 -17.072792 42.000000
v -10.727208 -17.072792 61.500000
vt 0.066406 0.023438
vt 0.074219 0.023438
vt 0.074219 0.230469
vn 0.382683 -0.923880 0.000000
g soda_column_0
usemtl details
f 1057/1057/353 1058/1058/353 1059/1059/353
v -12.000000 -17.600000 42.000000
v -10.727208 -17.072792 61.500000
v -12.000000 -17.600000 61.500000
vt 0.066406 0.023438
vt 0.074219 0.230469
vt 0.066406 0.230469
vn 0.382683 -0.923880 0.000000
g soda_column_0
usemtl details
f 1060/1060/354 1061/1061/354 1062/1062/354
v -10.727208 -17.072792 42.000000
v -10.200000 -15.800000 42.000000
v -10.200000 -15.800000 61.500000
vt 0.074219 0.023438
vt 0.082031 0.023438
vt 0.082031 0.230469
vn 0.923880 -0.382683 0.000000
g soda_column_0
usemtl details
f 1063/1063/355 1064/1064/355 1065/1065/355
v -10.727208 -17.072792 42.000000
v -10.200000 -15.800000 61.500000
v -10.727208 -17.072792 61.500000
vt 0.074219 0.023438
vt 0.082031 0.230469
vt 0.074219 0.230469
vn 0.923880 -0.382683 0.000000
g soda_column_0
usemtl details
f 1066/1066/356 1067/1067/356 1068/1068/356
v -12.000000 -15.800000 61.500000
v -10.200000 -15.800000 61.500000
v -10.727208 -14.527208 61.500000
vt 0.015625 0.769531
vt 0.230469 0.769531
vt 0.230469 0.984375
vn 0.000000 0.000000 1.000000
g soda_column_0
usemtl details
f 1069/1069/357 1070/1070/357 1071/1071/357
v -12.000000 -15.800000 61.500000
v -10.727208 -14.527208 61.500000
v -12.000000 -14.000000 61.500000
vt 0.015625 0.769531
vt 0.230469 0.769531
vt 0.230469 0.984375
vn 0.000000 0.000000 1.000000
g soda_column_0
usemtl details
f 1072/1072/358 1073/1073/358 1074/1074/358
v -12.000000 -15.800000 61.500000
v -12.000000 -14.000000 61.500000
v -13.272792 -14.527208 61.500000
vt 0.015625 0.769531
vt 0.230469 0.769531
vt 0.230469 0.984375
vn 0.000000 -0.000000 1.000000
g soda_column_0
usemtl details
f 1075/1075/359 1076/1076/359 1077/1077/359
v -12.000000 -15.800000 61.500000
v -13.272792 -14.527208 61.500000
v -13.800000 -15.800000 61.500000
vt 0.015625 0.769531
vt 0.230469 0.769531
vt 0.230469 0.984375
vn 0.000000 0.000000 1.000000
g soda_column_0
usemtl details
f 1078/1078/360 1079/1079/360 1080/1080/360
v -12.000000 -15.800000 61.500000
v -13.800000 -15.800000 61.500000
v -13.272792 -17.072792 61.500000
vt 0.015625 0.769531
vt 0.230469 0.769531
vt 0.230469 0.984375
vn 0.000000 0.000000 1.000000
g soda_column_0
usemtl details
f 1081/1081/361 1082/1082/361 1083/1083/361
v -12.000000 -15.800000 61.500000
v -13.272792 -17.072792 61.500000
v -12.000000 -17.600000 61.500000
vt 0.015625 0.769531
vt 0.230469 0.769531
vt 0.230469 0.984375
vn 0.000000 0.000000 1.000000
g soda_column_0
usemtl details
f 1084/1084/362 1085/1085/362 1086/1086/362
v -12.000000 -15.800000 61.500000
v -12.000000 -17.600000 61.500000
v -10.727208 -17.072792 61.500000
vt 0.015625 0.769531
vt 0.230469 0.769531
vt 0.230469 0.984375
vn 0.000000 0.000000 1.000000
g soda_column_0
usemtl details
f 1087/1087/363 1088/1088/363 1089/1089/363
v -12.000000 -15.800000 61.500000
v -10.727208 -17.072792 61.500000
v -10.200000 -15.800000 61.500000
vt 0.015625 0.769531
vt 0.230469 0.769531
vt 0.230469 0.984375
vn -0.000000 0.000000 1.000000
g soda_column_0
usemtl details
f 1090/1090/364 1091/1091/364 1092/1092/364
v -14.100000 -18.000000 41.000000
v -9.900000 -18.000000 41.000000
v -9.900000 -18.000000 42.400000
vt 0.015625 0.769531
vt 0.230469 0.769531
vt 0.230469 0.984375
vn 0.000000 -1.000000 0.000000
g column_bottom_0
usemtl details
f 1093/1093/365 1094/1094/365 1095/1095/365
v -14.100000 -18.000000 41.000000
v -9.900000 -18.000000 42.400000
v -14.100000 -18.000000 42.400000
vt 0.015625 0.769531
vt 0.230469 0.984375
vt 0.015625 0.984375
vn 0.000000 -1.000000 0.000000
g column_bottom_0
usemtl details
f 1096/1096/366 1097/1097/366 1098/1098/366
v -9.900000 -14.000000 41.000000
v -14.100000 -14.000000 41.000000
v -14.100000 -14.000000 42.400000
vt 0.015625 0.769531
vt 0.230469 0.769531
vt 0.230469 0.984375
vn 0.000000 1.000000 0.000000
g column_bottom_0
usemtl details
f 1099/1099/367 1100/1100/367 1101/1101/367
v -9.900000 -14.000000 41.000000
v -14.100000 -14.000000 42.400000
v -9.900000 -14.000000 42.400000
vt 0.015625 0.769531
vt 0.230469 0.984375
vt 0.015625 0.984375
vn 0.000000 1.000000 -0.000000
g column_bottom_0
usemtl details
f 1102/1102/368 1103/1103/368 1104/1104/368
v -14.100000 -14.000000 41.000000
v -14.100000 -18.000000 41.000000
v -14.100000 -18.000000 42.400000
vt 0.015625 0.769531
vt 0.230469 0.769531
vt 0.230469 0.984375
vn -1.000000 0.000000 0.000000
g column_bottom_0
usemtl details
f 1105/1105/369 1106/1106/369 1107/1107/369
v -14.100000 -14.000000 41.000000
v -14.100000 -18.000000 42.400000
v -14.100000 -14.000000 42.400000
vt 0.015625 0.769531
vt 0.230469 0.984375
vt 0.015625 0.984375
vn -1.000000 0.000000 0.000000
g column_bottom_0
usemtl details
f 1108/1108/370 1109/1109/370 1110/1110/370
v -9.900000 -18.000000 41.000000
v -9.900000 -14.000000 41.000000
v -9.900000 -14.000000 42.400000
vt 0.015625 0.769531
vt 0.230469 0.769531
vt 0.230469 0.984375
vn 1.000000 0.000000 0.000000
g column_bottom_0
usemtl details
f 1111/1111/371 1112/1112/371 1113/1113/371
v -9.900000 -18.000000 41.000000
v -9.900000 -14.000000 42.400000
v -9.900000 -18.000000 42.400000
vt 0.015625 0.769531
vt 0.230469 0.984375
vt 0.015625 0.984375
vn 1.000000 0.000000 0.000000
g column_bottom_0
usemtl details
f 1114/1114/372 1115/1115/372 1116/1116/372
v -14.100000 -18.000000 42.400000
v -9.900000 -18.000000 42.400000
v -9.900000 -14.000000 42.400000
vt 0.015625 0.769531
vt 0.230469 0.769531
vt 0.230469 0.984375
vn 0.000000 0.000000 1.000000
g column_bottom_0
usemtl details
f 1117/1117/373 1118/1118/373 1119/1119/373
v -14.100000 -18.000000 42.400000
v -9.900000 -14.000000 42.400000
v -14.100000 -14.000000 42.400000
vt 0.015625 0.769531
vt 0.230469 0.984375
vt 0.015625 0.984375
vn 0.000000 0.000000 1.000000
g column_bottom_0
usemtl details
f 1120/1120/374 1121/1121/374 1122/1122/374
v -14.100000 -14.000000 41.000000
v -9.900000 -14.000000 41.000000
v -9.900000 -18.000000 41.000000
vt 0.015625 0.769531
vt 0.230469 0.769531
vt 0.230469 0.984375
vn 0.000000 0.000000 -1.000000
g column_bottom_0
usemtl details
f 1123/1123/375 1124/1124/375 1125/1125/375
v -14.100000 -14.000000 41.000000
v -9.900000 -18.000000 41.000000
v -14.100000 -18.000000 41.000000
vt 0.015625 0.769531
vt 0.230469 0.984375
vt 0.015625 0.984375
vn 0.000000 0.000000 -1.000000
g column_bottom_0
usemtl details
f 1126/1126/376 1127/1127/376 1128/1128/376
v -14.100000 -18.000000 61.200000
v -9.900000 -18.000000 61.200000
v -9.900000 -18.000000 63.000000
vt 0.015625 0.769531
vt 0.230469 0.769531
vt 0.230469 0.984375
vn 0.000000 -1.000000 0.000000
g column_cap_0
usemtl details
f 1129/1129/377 1130/1130/377 1131/1131/377
v -14.100000 -18.000000 61.200000
v -9.900000 -18.000000 63.000000
v -14.100000 -18.000000 63.000000
vt 0.015625 0.769531
vt 0.230469 0.984375
vt 0.015625 0.984375
vn 0.000000 -1.000000 0.000000
g column_cap_0
usemtl details
f 1132/1132/378 1133/1133/378 1134/1134/378
v -9.900000 -14.000000 61.200000
v -14.100000 -14.000000 61.200000
v -14.100000 -14.000000 63.000000
vt 0.015625 0.769531
vt 0.230469 0.769531
vt 0.230469 0.984375
vn 0.000000 1.000000 0.000000
g column_cap_0
usemtl details
f 1135/1135/379 1136/1136/379 1137/1137/379
v -9.900000 -14.000000 61.200000
v -14.100000 -14.000000 63.000000
v -9.900000 -14.000000 63.000000
vt 0.015625 0.769531
vt 0.230469 0.984375
vt 0.015625 0.984375
vn 0.000000 1.000000 -0.000000
g column_cap_0
usemtl details
f 1138/1138/380 1139/1139/380 1140/1140/380
v -14.100000 -14.000000 61.200000
v -14.100000 -18.000000 61.200000
v -14.100000 -18.000000 63.000000
vt 0.015625 0.769531
vt 0.230469 0.769531
vt 0.230469 0.984375
vn -1.000000 0.000000 0.000000
g column_cap_0
usemtl details
f 1141/1141/381 1142/1142/381 1143/1143/381
v -14.100000 -14.000000 61.200000
v -14.100000 -18.000000 63.000000
v -14.100000 -14.000000 63.000000
vt 0.015625 0.769531
vt 0.230469 0.984375
vt 0.015625 0.984375
vn -1.000000 0.000000 0.000000
g column_cap_0
usemtl details
f 1144/1144/382 1145/1145/382 1146/1146/382
v -9.900000 -18.000000 61.200000
v -9.900000 -14.000000 61.200000
v -9.900000 -14.000000 63.000000
vt 0.015625 0.769531
vt 0.230469 0.769531
vt 0.230469 0.984375
vn 1.000000 0.000000 0.000000
g column_cap_0
usemtl details
f 1147/1147/383 1148/1148/383 1149/1149/383
v -9.900000 -18.000000 61.200000
v -9.900000 -14.000000 63.000000
v -9.900000 -18.000000 63.000000
vt 0.015625 0.769531
vt 0.230469 0.984375
vt 0.015625 0.984375
vn 1.000000 0.000000 0.000000
g column_cap_0
usemtl details
f 1150/1150/384 1151/1151/384 1152/1152/384
v -14.100000 -18.000000 63.000000
v -9.900000 -18.000000 63.000000
v -9.900000 -14.000000 63.000000
vt 0.015625 0.769531
vt 0.230469 0.769531
vt 0.230469 0.984375
vn 0.000000 0.000000 1.000000
g column_cap_0
usemtl details
f 1153/1153/385 1154/1154/385 1155/1155/385
v -14.100000 -18.000000 63.000000
v -9.900000 -14.000000 63.000000
v -14.100000 -14.000000 63.000000
vt 0.015625 0.769531
vt 0.230469 0.984375
vt 0.015625 0.984375
vn 0.000000 0.000000 1.000000
g column_cap_0
usemtl details
f 1156/1156/386 1157/1157/386 1158/1158/386
v -14.100000 -14.000000 61.200000
v -9.900000 -14.000000 61.200000
v -9.900000 -18.000000 61.200000
vt 0.015625 0.769531
vt 0.230469 0.769531
vt 0.230469 0.984375
vn 0.000000 0.000000 -1.000000
g column_cap_0
usemtl details
f 1159/1159/387 1160/1160/387 1161/1161/387
v -14.100000 -14.000000 61.200000
v -9.900000 -18.000000 61.200000
v -14.100000 -18.000000 61.200000
vt 0.015625 0.769531
vt 0.230469 0.984375
vt 0.015625 0.984375
vn 0.000000 0.000000 -1.000000
g column_cap_0
usemtl details
f 1162/1162/388 1163/1163/388 1164/1164/388
v -4.200000 -15.800000 42.000000
v -4.727208 -14.527208 42.000000
v -4.727208 -14.527208 61.500000
vt 0.113281 0.023438
vt 0.121094 0.023438
vt 0.121094 0.230469
vn 0.923880 0.382683 0.000000
g soda_column_1
usemtl details
f 1165/1165/389 1166/1166/389 1167/1167/389
v -4.200000 -15.800000 42.000000
v -4.727208 -14.527208 61.500000
v -4.200000 -15.800000 61.500000
vt 0.113281 0.023438
vt 0.121094 0.230469
vt 0.113281 0.230469
vn 0.923880 0.382683 -0.000000
g soda_column_1
usemtl details
f 1168/1168/390 1169/1169/390 1170/1170/390
v -4.727208 -14.527208 42.000000
v -6.000000 -14.000000 42.000000
v -6.000000 -14.000000 61.500000
vt 0.121094 0.023438
vt 0.128906 0.023438
vt 0.128906 0.230469
vn 0.382683 0.923880 0.000000
g soda_column_1
usemtl details
f 1171/1171/391 1172/1172/391 1173/1173/391
v -4.727208 -14.527208 42.000000
v -6.000000 -14.000000 61.500000
v -4.727208 -14.527208 61.500000
vt 0.121094 0.023438
vt 0.128906 0.230469
vt 0.121094 0.230469
vn 0.382683 0.923880 -0.000000
g soda_column_1
usemtl details
f 1174/1174/392 1175/1175/392 1176/1176/392
v -6.000000 -14.000000 42.000000
v -7.272792 -14.527208 42.000000
v -7.272792 -14.527208 61.500000
vt 0.128906 0.023438
vt 0.136719 0.023438
vt 0.136719 0.230469
vn -0.382683 0.923880 0.000000
g soda_column_1
usemtl details
f 1177/1177/393 1178/1178/393 1179/1179/393
v -6.000000 -14.000000 42.000000
v -7.272792 -14.527208 61.500000
v -6.000000 -14.000000 61.500000
vt 0.128906 0.023438
vt 0.136719 0.230469
vt 0.128906 0.230469
vn -0.382683 0.923880 0.000000
g soda_column_1
usemtl details
f 1180/1180/394 1181/1181/394 1182/1182/394
v -7.272792 -14.527208 42.000000
v -7.800000 -15.800000 42.000000
v -7.800000 -15.800000 61.500000
vt 0.136719 0.023438
vt 0.144531 0.023438
vt 0.144531 0.230469
vn -0.923880 0.382683 0.000000
g soda_column_1
usemtl details
f 1183/1183/395 1184/1184/395 1185/1185/395
v -7.272792 -14.527208 42.000000
v -7.800000 -15.800000 61.500000
v -7.272792 -14.527208 61.500000
vt 0.136719 0.023438
vt 0.144531 0.230469
vt 0.136719 0.230469
vn -0.923880 0.382683 0.000000
g soda_column_1
usemtl details
f 1186/1186/396 1187/1187/396 1188/1188/396
v -7.800000 -15.800000 42.000000
v -7.272792 -17.072792 42.000000
v -7.272792 -17.072792 61.500000
vt 0.144531 0.023438
vt 0.152344 0.023438
vt 0.152344 0.230469
vn -0.923880 -0.382683 0.000000
g soda_column_1
usemtl details
f 1189/1189/397 1190/1190/397 1191/1191/397
v -7.800000 -15.800000 42.000000
v -7.272792 -17.072792 61.500000
v -7.800000 -15.800000 61.500000
vt 0.144531 0.023438
vt 0.152344 0.230469
vt 0.144531 0.230469
vn -0.923880 -0.382683 0.000000
g soda_column_1
usemtl details
f 1192/1192/398 1193/1193/398 1194/1194/398
v -7.272792 -17.072792 42.000000
v -6.000000 -17.600000 42.000000
v -6.000000 -17.600000 61.500000
vt 0.152344 0.023438
vt 0.160156 0.023438
vt 0.160156 0.230469
vn -0.382683 -0.923880 0.000000
g soda_column_1
usemtl details
f 1195/1195/399 1196/1196/399 1197/1197/399
v -7.272792 -17.072792 42.000000
v -6.000000 -17.600000 61.500000
v -7.272792 -17.072792 61.500000
vt 0.152344 0.023438
vt 0.160156 0.230469
vt 0.152344 0.230469
vn -0.382683 -0.923880 0.000000
g soda_column_1
usemtl details
f 1198/1198/400 1199/1199/400 1200/1200/400
v -6.000000 -17.600000 42.000000
v -4.727208 -17.072792 42.000000
v -4.727208 -17.072792 61.500000
vt 0.160156 0.023438
vt 0.167969 0.023438
vt 0.167969 0.230469
vn 0.382683 -0.923880 0.000000
g soda_column_1
usemtl details
f 1201/1201/401 1202/1202/401 1203/1203/401
v -6.000000 -17.600000 42.000000
v -4.727208 -17.072792 61.500000
v -6.000000 -17.600000 61.500000
vt 0.160156 0.023438
vt 0.167969 0.230469
vt 0.160156 0.230469
vn 0.382683 -0.923880 0.000000
g soda_column_1
usemtl details
f 1204/1204/402 1205/1205/402 1206/1206/402
v -4.727208 -17.072792 42.000000
v -4.200000 -15.800000 42.000000
v -4.200000 -15.800000 61.500000
vt 0.167969 0.023438
vt 0.175781 0.023438
vt 0.175781 0.230469
vn 0.923880 -0.382683 0.000000
g soda_column_1
usemtl details
f 1207/1207/403 1208/1208/403 1209/1209/403
v -4.727208 -17.072792 42.000000
v -4.200000 -15.800000 61.500000
v -4.727208 -17.072792 61.500000
vt 0.167969 0.023438
vt 0.175781 0.230469
vt 0.167969 0.230469
vn 0.923880 -0.382683 0.000000
g soda_column_1
usemtl details
f 1210/1210/404 1211/1211/404 1212/1212/404
v -6.000000 -15.800000 61.500000
v -4.200000 -15.800000 61.500000
v -4.727208 -14.527208 61.500000
vt 0.015625 0.769531
vt 0.230469 0.769531
vt 0.230469 0.984375
vn 0.000000 0.000000 1.000000
g soda_column_1
usemtl details
f 1213/1213/405 1214/1214/405 1215/1215/405
v -6.000000 -15.800000 61.500000
v -4.727208 -14.527208 61.500000
v -6.000000 -14.000000 61.500000
vt 0.015625 0.769531
vt 0.230469 0.769531
vt 0.230469 0.984375
vn 0.000000 0.000000 1.000000
g soda_column_1
usemtl details
f 1216/1216/406 1217/1217/406 1218/1218/406
v -6.000000 -15.800000 61.500000
v -6.000000 -14.000000 61.500000
v -7.272792 -14.527208 61.500000
vt 0.015625 0.769531
vt 0.230469 0.769531
vt 0.230469 0.984375
vn 0.000000 -0.000000 1.000000
g soda_column_1
usemtl details
f 1219/1219/407 1220/1220/407 1221/1221/407
v -6.000000 -15.800000 61.500000
v -7.272792 -14.527208 61.500000
v -7.800000 -15.800000 61.500000
vt 0.015625 0.769531
vt 0.230469 0.769531
vt 0.230469 0.984375
vn 0.000000 0.000000 1.000000
g soda_column_1
usemtl details
f 1222/1222/408 1223/1223/408 1224/1224/408
v -6.000000 -15.800000 61.500000
v -7.800000 -15.800000 61.500000
v -7.272792 -17.072792 61.500000
vt 0.015625 0.769531
vt 0.230469 0.769531
vt 0.230469 0.984375
vn 0.000000 0.000000 1.000000
g soda_column_1
usemtl details
f 1225/1225/409 1226/1226/409 1227/1227/409
v -6.000000 -15.800000 61.500000
v -7.272792 -17.072792 61.500000
v -6.000000 -17.600000 61.500000
vt 0.015625 0.769531
vt 0.230469 0.769531
vt 0.230469 0.984375
vn 0.000000 0.000000 1.000000
g soda_column_1
usemtl details
f 1228/1228/410 1229/1229/410 1230/1230/410
v -6.000000 -15.800000 61.500000
v -6.000000 -17.600000 61.500000
v -4.727208 -17.072792 61.500000
vt 0.015625 0.769531
vt 0.230469 0.769531
vt 0.230469 0.984375
vn 0.000000 0.000000 1.000000
g soda_column_1
usemtl details
f 1231/1231/411 1232/1232/411 1233/1233/411
v -6.000000 -15.800000 61.500000
v -4.727208 -17.072792 61.500000
v -4.200000 -15.800000 61.500000
vt 0.015625 0.769531
vt 0.230469 0.769531
vt 0.230469 0.984375
vn -0.000000 0.000000 1.000000
g soda_column_1
usemtl details
f 1234/1234/412 1235/1235/412 1236/1236/412
v -8.100000 -18.000000 41.000000
v -3.900000 -18.000000 41.000000
v -3.900000 -18.000000 42.400000
vt 0.015625 0.769531
vt 0.230469 0.769531
vt 0.230469 0.984375
vn 0.000000 -1.000000 0.000000
g column_bottom_1
usemtl details
f 1237/1237/413 1238/1238/413 1239/1239/413
v -8.100000 -18.000000 41.000000
v -3.900000 -18.000000 42.400000
v -8.100000 -18.000000 42.400000
vt 0.015625 0.769531
vt 0.230469 0.984375
vt 0.015625 0.984375
vn 0.000000 -1.000000 0.000000
g column_bottom_1
usemtl details
f 1240/1240/414 1241/1241/414 1242/1242/414
v -3.900000 -14.000000 41.000000
v -8.100000 -14.000000 41.000000
v -8.100000 -14.000000 42.400000
vt 0.015625 0.769531
vt 0.230469 0.769531
vt 0.230469 0.984375
vn 0.000000 1.000000 0.000000
g column_bottom_1
usemtl details
f 1243/1243/415 1244/1244/415 1245/1245/415
v -3.900000 -14.000000 41.000000
v -8.100000 -14.000000 42.400000
v -3.900000 -14.000000 42.400000
vt 0.015625 0.769531
vt 0.230469 0.984375
vt 0.015625 0.984375
vn 0.000000 1.000000 -0.000000
g column_bottom_1
usemtl details
f 1246/1246/416 1247/1247/416 1248/1248/416
v -8.100000 -14.000000 41.000000
v -8.100000 -18.000000 41.000000
v -8.100000 -18.000000 42.400000
vt 0.015625 0.769531
vt 0.230469 0.769531
vt 0.230469 0.984375
vn -1.000000 0.000000 0.000000
g column_bottom_1
usemtl details
f 1249/1249/417 1250/1250/417 1251/1251/417
v -8.100000 -14.000000 41.000000
v -8.100000 -18.000000 42.400000
v -8.100000 -14.000000 42.400000
vt 0.015625 0.769531
vt 0.230469 0.984375
vt 0.015625 0.984375
vn -1.000000 0.000000 0.000000
g column_bottom_1
usemtl details
f 1252/1252/418 1253/1253/418 1254/1254/418
v -3.900000 -18.000000 41.000000
v -3.900000 -14.000000 41.000000
v -3.900000 -14.000000 42.400000
vt 0.015625 0.769531
vt 0.230469 0.769531
vt 0.230469 0.984375
vn 1.000000 0.000000 0.000000
g column_bottom_1
usemtl details
f 1255/1255/419 1256/1256/419 1257/1257/419
v -3.900000 -18.000000 41.000000
v -3.900000 -14.000000 42.400000
v -3.900000 -18.000000 42.400000
vt 0.015625 0.769531
vt 0.230469 0.984375
vt 0.015625 0.984375
vn 1.000000 0.000000 0.000000
g column_bottom_1
usemtl details
f 1258/1258/420 1259/1259/420 1260/1260/420
v -8.100000 -18.000000 42.400000
v -3.900000 -18.000000 42.400000
v -3.900000 -14.000000 42.400000
vt 0.015625 0.769531
vt 0.230469 0.769531
vt 0.230469 0.984375
vn 0.000000 0.000000 1.000000
g column_bottom_1
usemtl details
f 1261/1261/421 1262/1262/421 1263/1263/421
v -8.100000 -18.000000 42.400000
v -3.900000 -14.000000 42.400000
v -8.100000 -14.000000 42.400000
vt 0.015625 0.769531
vt 0.230469 0.984375
vt 0.015625 0.984375
vn 0.000000 0.000000 1.000000
g column_bottom_1
usemtl details
f 1264/1264/422 1265/1265/422 1266/1266/422
v -8.100000 -14.000000 41.000000
v -3.900000 -14.000000 41.000000
v -3.900000 -18.000000 41.000000
vt 0.015625 0.769531
vt 0.230469 0.769531
vt 0.230469 0.984375
vn 0.000000 0.000000 -1.000000
g column_bottom_1
usemtl details
f 1267/1267/423 1268/1268/423 1269/1269/423
v -8.100000 -14.000000 41.000000
v -3.900000 -18.000000 41.000000
v -8.100000 -18.000000 41.000000
vt 0.015625 0.769531
vt 0.230469 0.984375
vt 0.015625 0.984375
vn 0.000000 0.000000 -1.000000
g column_bottom_1
usemtl details
f 1270/1270/424 1271/1271/424 1272/1272/424
v -8.100000 -18.000000 61.200000
v -3.900000 -18.000000 61.200000
v -3.900000 -18.000000 63.000000
vt 0.015625 0.769531
vt 0.230469 0.769531
vt 0.230469 0.984375
vn 0.000000 -1.000000 0.000000
g column_cap_1
usemtl details
f 1273/1273/425 1274/1274/425 1275/1275/425
v -8.100000 -18.000000 61.200000
v -3.900000 -18.000000 63.000000
v -8.100000 -18.000000 63.000000
vt 0.015625 0.769531
vt 0.230469 0.984375
vt 0.015625 0.984375
vn 0.000000 -1.000000 0.000000
g column_cap_1
usemtl details
f 1276/1276/426 1277/1277/426 1278/1278/426
v -3.900000 -14.000000 61.200000
v -8.100000 -14.000000 61.200000
v -8.100000 -14.000000 63.000000
vt 0.015625 0.769531
vt 0.230469 0.769531
vt 0.230469 0.984375
vn 0.000000 1.000000 0.000000
g column_cap_1
usemtl details
f 1279/1279/427 1280/1280/427 1281/1281/427
v -3.900000 -14.000000 61.200000
v -8.100000 -14.000000 63.000000
v -3.900000 -14.000000 63.000000
vt 0.015625 0.769531
vt 0.230469 0.984375
vt 0.015625 0.984375
vn 0.000000 1.000000 -0.000000
g column_cap_1
usemtl details
f 1282/1282/428 1283/1283/428 1284/1284/428
v -8.100000 -14.000000 61.200000
v -8.100000 -18.000000 61.200000
v -8.100000 -18.000000 63.000000
vt 0.015625 0.769531
vt 0.230469 0.769531
vt 0.230469 0.984375
vn -1.000000 0.000000 0.000000
g column_cap_1
usemtl details
f 1285/1285/429 1286/1286/429 1287/1287/429
v -8.100000 -14.000000 61.200000
v -8.100000 -18.000000 63.000000
v -8.100000 -14.000000 63.000000
vt 0.015625 0.769531
vt 0.230469 0.984375
vt 0.015625 0.984375
vn -1.000000 0.000000 0.000000
g column_cap_1
usemtl details
f 1288/1288/430 1289/1289/430 1290/1290/430
v -3.900000 -18.000000 61.200000
v -3.900000 -14.000000 61.200000
v -3.900000 -14.000000 63.000000
vt 0.015625 0.769531
vt 0.230469 0.769531
vt 0.230469 0.984375
vn 1.000000 0.000000 0.000000
g column_cap_1
usemtl details
f 1291/1291/431 1292/1292/431 1293/1293/431
v -3.900000 -18.000000 61.200000
v -3.900000 -14.000000 63.000000
v -3.900000 -18.000000 63.000000
vt 0.015625 0.769531
vt 0.230469 0.984375
vt 0.015625 0.984375
vn 1.000000 0.000000 0.000000
g column_cap_1
usemtl details
f 1294/1294/432 1295/1295/432 1296/1296/432
v -8.100000 -18.000000 63.000000
v -3.900000 -18.000000 63.000000
v -3.900000 -14.000000 63.000000
vt 0.015625 0.769531
vt 0.230469 0.769531
vt 0.230469 0.984375
vn 0.000000 0.000000 1.000000
g column_cap_1
usemtl details
f 1297/1297/433 1298/1298/433 1299/1299/433
v -8.100000 -18.000000 63.000000
v -3.900000 -14.000000 63.000000
v -8.100000 -14.000000 63.000000
vt 0.015625 0.769531
vt 0.230469 0.984375
vt 0.015625 0.984375
vn 0.000000 0.000000 1.000000
g column_cap_1
usemtl details
f 1300/1300/434 1301/1301/434 1302/1302/434
v -8.100000 -14.000000 61.200000
v -3.900000 -14.000000 61.200000
v -3.900000 -18.000000 61.200000
vt 0.015625 0.769531
vt 0.230469 0.769531
vt 0.230469 0.984375
vn 0.000000 0.000000 -1.000000
g column_cap_1
usemtl details
f 1303/1303/435 1304/1304/435 1305/1305/435
v -8.100000 -14.000000 61.200000
v -3.900000 -18.000000 61.200000
v -8.100000 -18.000000 61.200000
vt 0.015625 0.769531
vt 0.230469 0.984375
vt 0.015625 0.984375
vn 0.000000 0.000000 -1.000000
g column_cap_1
usemtl details
f 1306/1306/436 1307/1307/436 1308/1308/436
v 1.800000 -15.800000 42.000000
v 1.272792 -14.527208 42.000000
v 1.272792 -14.527208 61.500000
vt 0.207031 0.023438
vt 0.214844 0.023438
vt 0.214844 0.230469
vn 0.923880 0.382683 0.000000
g soda_column_2
usemtl details
f 1309/1309/437 1310/1310/437 1311/1311/437
v 1.800000 -15.800000 42.000000
v 1.272792 -14.527208 61.500000
v 1.800000 -15.800000 61.500000
vt 0.207031 0.023438
vt 0.214844 0.230469
vt 0.207031 0.230469
vn 0.923880 0.382683 -0.000000
g soda_column_2
usemtl details
f 1312/1312/438 1313/1313/438 1314/1314/438
v 1.272792 -14.527208 42.000000
v 0.000000 -14.000000 42.000000
v 0.000000 -14.000000 61.500000
vt 0.214844 0.023438
vt 0.222656 0.023438
vt 0.222656 0.230469
vn 0.382683 0.923880 0.000000
g soda_column_2
usemtl details
f 1315/1315/439 1316/1316/439 1317/1317/439
v 1.272792 -14.527208 42.000000
v 0.000000 -14.000000 61.500000
v 1.272792 -14.527208 61.500000
vt 0.214844 0.023438
vt 0.222656 0.230469
vt 0.214844 0.230469
vn 0.382683 0.923880 -0.000000
g soda_column_2
usemtl details
f 1318/1318/440 1319/1319/440 1320/1320/440
v 0.000000 -14.000000 42.000000
v -1.272792 -14.527208 42.000000
v -1.272792 -14.527208 61.500000
vt 0.222656 0.023438
vt 0.230469 0.023438
vt 0.230469 0.230469
vn -0.382683 0.923880 0.000000
g soda_column_2
usemtl details
f 1321/1321/441 1322/1322/441 1323/1323/441
v 0.000000 -14.000000 42.000000
v -1.272792 -14.527208 61.500000
v 0.000000 -14.000000 61.500000
vt 0.222656 0.023438
vt 0.230469 0.230469
vt 0.222656 0.230469
vn -0.382683 0.923880 0.000000
g soda_column_2
usemtl details
f 1324/1324/442 1325/1325/442 1326/1326/442
v -1.272792 -14.527208 42.000000
v -1.800000 -15.800000 42.000000
v -1.800000 -15.800000 61.500000
vt 0.230469 0.023438
vt 0.238281 0.023438
vt 0.238281 0.230469
vn -0.923880 0.382683 0.000000
g soda_column_2
usemtl details
f 1327/1327/443 1328/1328/443 1329/1329/443
v -1.272792 -14.527208 42.000000
v -1.800000 -15.800000 61.500000
v -1.272792 -14.527208 61.500000
vt 0.230469 0.023438
vt 0.238281 0.230469
vt 0.230469 0.230469
vn -0.923880 0.382683 0.000000
g soda_column_2
usemtl details
f 1330/1330/444 1331/1331/444 1332/1332/444
v -1.800000 -15.800000 42.000000
v -1.272792 -17.072792 42.000000
v -1.272792 -17.072792 61.500000
vt 0.238281 0.023438
vt 0.246094 0.023438
vt 0.246094 0.230469
vn -0.923880 -0.382683 0.000000
g soda_column_2
usemtl details
f 1333/1333/445 1334/1334/445 1335/1335/445
v -1.800000 -15.800000 42.000000
v -1.272792 -17.072792 61.500000
v -1.800000 -15.800000 61.500000
vt 0.238281 0.023438
vt 0.246094 0.230469
vt 0.238281 0.230469
vn -0.923880 -0.382683 0.000000
g soda_column_2
usemtl details
f 1336/1336/446 1337/1337/446 1338/1338/446
v -1.272792 -17.072792 42.000000
v -0.000000 -17.600000 42.000000
v -0.000000 -17.600000 61.500000
vt 0.246094 0.023438
vt 0.253906 0.023438
vt 0.253906 0.230469
vn -0.382683 -0.923880 0.000000
g soda_column_2
usemtl details
f 1339/1339/447 1340/1340/447 1341/1341/447
v -1.272792 -17.072792 42.000000
v -0.000000 -17.600000 61.500000
v -1.272792 -17.072792 61.500000
vt 0.246094 0.023438
vt 0.253906 0.230469
vt 0.246094 0.230469
vn -0.382683 -0.923880 0.000000
g soda_column_2
usemtl details
f 1342/1342/448 1343/1343/448 1344/1344/448
v -0.000000 -17.600000 42.000000
v 1.272792 -17.072792 42.000000
v 1.272792 -17.072792 61.500000
vt 0.253906 0.023438
vt 0.261719 0.023438
vt 0.261719 0.230469
vn 0.382683 -0.923880 0.000000
g soda_column_2
usemtl details
f 1345/1345/449 1346/1346/449 1347/1347/449
v -0.000000 -17.600000 42.000000
v 1.272792 -17.072792 61.500000
v -0.000000 -17.600000 61.500000
vt 0.253906 0.023438
vt 0.261719 0.230469
vt 0.253906 0.230469
vn 0.382683 -0.923880 0.000000
g soda_column_2
usemtl details
f 1348/1348/450 1349/1349/450 1350/1350/450
v 1.272792 -17.072792 42.000000
v 1.800000 -15.800000 42.000000
v 1.800000 -15.800000 61.500000
vt 0.261719 0.023438
vt 0.269531 0.023438
vt 0.269531 0.230469
vn 0.923880 -0.382683 0.000000
g soda_column_2
usemtl details
f 1351/1351/451 1352/1352/451 1353/1353/451
v 1.272792 -17.072792 42.000000
v 1.800000 -15.800000 61.500000
v 1.272792 -17.072792 61.500000
vt 0.261719 0.023438
vt 0.269531 0.230469
vt 0.261719 0.230469
vn 0.923880 -0.382683 0.000000
g soda_column_2
usemtl details
f 1354/1354/452 1355/1355/452 1356/1356/452
v 0.000000 -15.800000 61.500000
v 1.800000 -15.800000 61.500000
v 1.272792 -14.527208 61.500000
vt 0.015625 0.769531
vt 0.230469 0.769531
vt 0.230469 0.984375
vn 0.000000 0.000000 1.000000
g soda_column_2
usemtl details
f 1357/1357/453 1358/1358/453 1359/1359/453
v 0.000000 -15.800000 61.500000
v 1.272792 -14.527208 61.500000
v 0.000000 -14.000000 61.500000
vt 0.015625 0.769531
vt 0.230469 0.769531
vt 0.230469 0.984375
vn 0.000000 0.000000 1.000000
g soda_column_2
usemtl details
f 1360/1360/454 1361/1361/454 1362/1362/454
v 0.000000 -15.800000 61.500000
v 0.000000 -14.000000 61.500000
v -1.272792 -14.527208 61.500000
vt 0.015625 0.769531
vt 0.230469 0.769531
vt 0.230469 0.984375
vn 0.000000 -0.000000 1.000000
g soda_column_2
usemtl details
f 1363/1363/455 1364/1364/455 1365/1365/455
v 0.000000 -15.800000 61.500000
v -1.272792 -14.527208 61.500000
v -1.800000 -15.800000 61.500000
vt 0.015625 0.769531
vt 0.230469 0.769531
vt 0.230469 0.984375
vn 0.000000 0.000000 1.000000
g soda_column_2
usemtl details
f 1366/1366/456 1367/1367/456 1368/1368/456
v 0.000000 -15.800000 61.500000
v -1.800000 -15.800000 61.500000
v -1.272792 -17.072792 61.500000
vt 0.015625 0.769531
vt 0.230469 0.769531
vt 0.230469 0.984375
vn 0.000000 0.000000 1.000000
g soda_column_2
usemtl details
f 1369/1369/457 1370/1370/457 1371/1371/457
v 0.000000 -15.800000 61.500000
v -1.272792 -17.072792 61.500000
v -0.000000 -17.600000 61.500000
vt 0.015625 0.769531
vt 0.230469 0.769531
vt 0.230469 0.984375
vn 0.000000 0.000000 1.000000
g soda_column_2
usemtl details
f 1372/1372/458 1373/1373/458 1374/1374/458
v 0.000000 -15.800000 61.500000
v -0.000000 -17.600000 61.500000
v 1.272792 -17.072792 61.500000
vt 0.015625 0.769531
vt 0.230469 0.769531
vt 0.230469 0.984375
vn 0.000000 0.000000 1.000000
g soda_column_2
usemtl details
f 1375/1375/459 1376/1376/459 1377/1377/459
v 0.000000 -15.800000 61.500000
v 1.272792 -17.072792 61.500000
v 1.800000 -15.800000 61.500000
vt 0.015625 0.769531
vt 0.230469 0.769531
vt 0.230469 0.984375
vn -0.000000 0.000000 1.000000
g soda_column_2
usemtl details
f 1378/1378/460 1379/1379/460 1380/1380/460
v -2.100000 -18.000000 41.000000
v 2.100000 -18.000000 41.000000
v 2.100000 -18.000000 42.400000
vt 0.015625 0.769531
vt 0.230469 0.769531
vt 0.230469 0.984375
vn 0.000000 -1.000000 0.000000
g column_bottom_2
usemtl details
f 1381/1381/461 1382/1382/461 1383/1383/461
v -2.100000 -18.000000 41.000000
v 2.100000 -18.000000 42.400000
v -2.100000 -18.000000 42.400000
vt 0.015625 0.769531
vt 0.230469 0.984375
vt 0.015625 0.984375
vn 0.000000 -1.000000 0.000000
g column_bottom_2
usemtl details
f 1384/1384/462 1385/1385/462 1386/1386/462
v 2.100000 -14.000000 41.000000
v -2.100000 -14.000000 41.000000
v -2.100000 -14.000000 42.400000
vt 0.015625 0.769531
vt 0.230469 0.769531
vt 0.230469 0.984375
vn 0.000000 1.000000 0.000000
g column_bottom_2
usemtl details
f 1387/1387/463 1388/1388/463 1389/1389/463
v 2.100000 -14.000000 41.000000
v -2.100000 -14.000000 42.400000
v 2.100000 -14.000000 42.400000
vt 0.015625 0.769531
vt 0.230469 0.984375
vt 0.015625 0.984375
vn 0.000000 1.000000 -0.000000
g column_bottom_2
usemtl details
f 1390/1390/464 1391/1391/464 1392/1392/464
v -2.100000 -14.000000 41.000000
v -2.100000 -18.000000 41.000000
v -2.100000 -18.000000 42.400000
vt 0.015625 0.769531
vt 0.230469 0.769531
vt 0.230469 0.984375
vn -1.000000 0.000000 0.000000
g column_bottom_2
usemtl details
f 1393/1393/465 1394/1394/465 1395/1395/465
v -2.100000 -14.000000 41.000000
v -2.100000 -18.000000 42.400000
v -2.100000 -14.000000 42.400000
vt 0.015625 0.769531
vt 0.230469 0.984375
vt 0.015625 0.984375
vn -1.000000 0.000000 0.000000
g column_bottom_2
usemtl details
f 1396/1396/466 1397/1397/466 1398/1398/466
v 2.100000 -18.000000 41.000000
v 2.100000 -14.000000 41.000000
v 2.100000 -14.000000 42.400000
vt 0.015625 0.769531
vt 0.230469 0.769531
vt 0.230469 0.984375
vn 1.000000 0.000000 0.000000
g column_bottom_2
usemtl details
f 1399/1399/467 1400/1400/467 1401/1401/467
v 2.100000 -18.000000 41.000000
v 2.100000 -14.000000 42.400000
v 2.100000 -18.000000 42.400000
vt 0.015625 0.769531
vt 0.230469 0.984375
vt 0.015625 0.984375
vn 1.000000 0.000000 0.000000
g column_bottom_2
usemtl details
f 1402/1402/468 1403/1403/468 1404/1404/468
v -2.100000 -18.000000 42.400000
v 2.100000 -18.000000 42.400000
v 2.100000 -14.000000 42.400000
vt 0.015625 0.769531
vt 0.230469 0.769531
vt 0.230469 0.984375
vn 0.000000 0.000000 1.000000
g column_bottom_2
usemtl details
f 1405/1405/469 1406/1406/469 1407/1407/469
v -2.100000 -18.000000 42.400000
v 2.100000 -14.000000 42.400000
v -2.100000 -14.000000 42.400000
vt 0.015625 0.769531
vt 0.230469 0.984375
vt 0.015625 0.984375
vn 0.000000 0.000000 1.000000
g column_bottom_2
usemtl details
f 1408/1408/470 1409/1409/470 1410/1410/470
v -2.100000 -14.000000 41.000000
v 2.100000 -14.000000 41.000000
v 2.100000 -18.000000 41.000000
vt 0.015625 0.769531
vt 0.230469 0.769531
vt 0.230469 0.984375
vn 0.000000 0.000000 -1.000000
g column_bottom_2
usemtl details
f 1411/1411/471 1412/1412/471 1413/1413/471
v -2.100000 -14.000000 41.000000
v 2.100000 -18.000000 41.000000
v -2.100000 -18.000000 41.000000
vt 0.015625 0.769531
vt 0.230469 0.984375
vt 0.015625 0.984375
vn 0.000000 0.000000 -1.000000
g column_bottom_2
usemtl details
f 1414/1414/472 1415/1415/472 1416/1416/472
v -2.100000 -18.000000 61.200000
v 2.100000 -18.000000 61.200000
v 2.100000 -18.000000 63.000000
vt 0.015625 0.769531
vt 0.230469 0.769531
vt 0.230469 0.984375
vn 0.000000 -1.000000 0.000000
g column_cap_2
usemtl details
f 1417/1417/473 1418/1418/473 1419/1419/473
v -2.100000 -18.000000 61.200000
v 2.100000 -18.000000 63.000000
v -2.100000 -18.000000 63.000000
vt 0.015625 0.769531
vt 0.230469 0.984375
vt 0.015625 0.984375
vn 0.000000 -1.000000 0.000000
g column_cap_2
usemtl details
f 1420/1420/474 1421/1421/474 1422/1422/474
v 2.100000 -14.000000 61.200000
v -2.100000 -14.000000 61.200000
v -2.100000 -14.000000 63.000000
vt 0.015625 0.769531
vt 0.230469 0.769531
vt 0.230469 0.984375
vn 0.000000 1.000000 0.000000
g column_cap_2
usemtl details
f 1423/1423/475 1424/1424/475 1425/1425/475
v 2.100000 -14.000000 61.200000
v -2.100000 -14.000000 63.000000
v 2.100000 -14.000000 63.000000
vt 0.015625 0.769531
vt 0.230469 0.984375
vt 0.015625 0.984375
vn 0.000000 1.000000 -0.000000
g column_cap_2
usemtl details
f 1426/1426/476 1427/1427/476 1428/1428/476
v -2.100000 -14.000000 61.200000
v -2.100000 -18.000000 61.200000
v -2.100000 -18.000000 63.000000
vt 0.015625 0.769531
vt 0.230469 0.769531
vt 0.230469 0.984375
vn -1.000000 0.000000 0.000000
g column_cap_2
usemtl details
f 1429/1429/477 1430/1430/477 1431/1431/477
v -2.100000 -14.000000 61.200000
v -2.100000 -18.000000 63.000000
v -2.100000 -14.000000 63.000000
vt 0.015625 0.769531
vt 0.230469 0.984375
vt 0.015625 0.984375
vn -1.000000 0.000000 0.000000
g column_cap_2
usemtl details
f 1432/1432/478 1433/1433/478 1434/1434/478
v 2.100000 -18.000000 61.200000
v 2.100000 -14.000000 61.200000
v 2.100000 -14.000000 63.000000
vt 0.015625 0.769531
vt 0.230469 0.769531
vt 0.230469 0.984375
vn 1.000000 0.000000 0.000000
g column_cap_2
usemtl details
f 1435/1435/479 1436/1436/479 1437/1437/479
v 2.100000 -18.000000 61.200000
v 2.100000 -14.000000 63.000000
v 2.100000 -18.000000 63.000000
vt 0.015625 0.769531
vt 0.230469 0.984375
vt 0.015625 0.984375
vn 1.000000 0.000000 0.000000
g column_cap_2
usemtl details
f 1438/1438/480 1439/1439/480 1440/1440/480
v -2.100000 -18.000000 63.000000
v 2.100000 -18.000000 63.000000
v 2.100000 -14.000000 63.000000
vt 0.015625 0.769531
vt 0.230469 0.769531
vt 0.230469 0.984375
vn 0.000000 0.000000 1.000000
g column_cap_2
usemtl details
f 1441/1441/481 1442/1442/481 1443/1443/481
v -2.100000 -18.000000 63.000000
v 2.100000 -14.000000 63.000000
v -2.100000 -14.000000 63.000000
vt 0.015625 0.769531
vt 0.230469 0.984375
vt 0.015625 0.984375
vn 0.000000 0.000000 1.000000
g column_cap_2
usemtl details
f 1444/1444/482 1445/1445/482 1446/1446/482
v -2.100000 -14.000000 61.200000
v 2.100000 -14.000000 61.200000
v 2.100000 -18.000000 61.200000
vt 0.015625 0.769531
vt 0.230469 0.769531
vt 0.230469 0.984375
vn 0.000000 0.000000 -1.000000
g column_cap_2
usemtl details
f 1447/1447/483 1448/1448/483 1449/1449/483
v -2.100000 -14.000000 61.200000
v 2.100000 -18.000000 61.200000
v -2.100000 -18.000000 61.200000
vt 0.015625 0.769531
vt 0.230469 0.984375
vt 0.015625 0.984375
vn 0.000000 0.000000 -1.000000
g column_cap_2
usemtl details
f 1450/1450/484 1451/1451/484 1452/1452/484
v 7.800000 -15.800000 42.000000
v 7.272792 -14.527208 42.000000
v 7.272792 -14.527208 61.500000
vt 0.300781 0.023438
vt 0.308594 0.023438
vt 0.308594 0.230469
vn 0.923880 0.382683 0.000000
g soda_column_3
usemtl details
f 1453/1453/485 1454/1454/485 1455/1455/485
v 7.800000 -15.800000 42.000000
v 7.272792 -14.527208 61.500000
v 7.800000 -15.800000 61.500000
vt 0.300781 0.023438
vt 0.308594 0.230469
vt 0.300781 0.230469
vn 0.923880 0.382683 -0.000000
g soda_column_3
usemtl details
f 1456/1456/486 1457/1457/486 1458/1458/486
v 7.272792 -14.527208 42.000000
v 6.000000 -14.000000 42.000000
v 6.000000 -14.000000 61.500000
vt 0.308594 0.023438
vt 0.316406 0.023438
vt 0.316406 0.230469
vn 0.382683 0.923880 0.000000
g soda_column_3
usemtl details
f 1459/1459/487 1460/1460/487 1461/1461/487
v 7.272792 -14.527208 42.000000
v 6.000000 -14.000000 61.500000
v 7.272792 -14.527208 61.500000
vt 0.308594 0.023438
vt 0.316406 0.230469
vt 0.308594 0.230469
vn 0.382683 0.923880 -0.000000
g soda_column_3
usemtl details
f 1462/1462/488 1463/1463/488 1464/1464/488
v 6.000000 -14.000000 42.000000
v 4.727208 -14.527208 42.000000
v 4.727208 -14.527208 61.500000
vt 0.316406 0.023438
vt 0.324219 0.023438
vt 0.324219 0.230469
vn -0.382683 0.923880 0.000000
g soda_column_3
usemtl details
f 1465/1465/489 1466/1466/489 1467/1467/489
v 6.000000 -14.000000 42.000000
v 4.727208 -14.527208 61.500000
v 6.000000 -14.000000 61.500000
vt 0.316406 0.023438
vt 0.324219 0.230469
vt 0.316406 0.230469
vn -0.382683 0.923880 0.000000
g soda_column_3
usemtl details
f 1468/1468/490 1469/1469/490 1470/1470/490
v 4.727208 -14.527208 42.000000
v 4.200000 -15.800000 42.000000
v 4.200000 -15.800000 61.500000
vt 0.324219 0.023438
vt 0.332031 0.023438
vt 0.332031 0.230469
vn -0.923880 0.382683 0.000000
g soda_column_3
usemtl details
f 1471/1471/491 1472/1472/491 1473/1473/491
v 4.727208 -14.527208 42.000000
v 4.200000 -15.800000 61.500000
v 4.727208 -14.527208 61.500000
vt 0.324219 0.023438
vt 0.332031 0.230469
vt 0.324219 0.230469
vn -0.923880 0.382683 0.000000
g soda_column_3
usemtl details
f 1474/1474/492 1475/1475/492 1476/1476/492
v 4.200000 -15.800000 42.000000
v 4.727208 -17.072792 42.000000
v 4.727208 -17.072792 61.500000
vt 0.332031 0.023438
vt 0.339844 0.023438
vt 0.339844 0.230469
vn -0.923880 -0.382683 0.000000
g soda_column_3
usemtl details
f 1477/1477/493 1478/1478/493 1479/1479/493
v 4.200000 -15.800000 42.000000
v 4.727208 -17.072792 61.500000
v 4.200000 -15.800000 61.500000
vt 0.332031 0.023438
vt 0.339844 0.230469
vt 0.332031 0.230469
vn -0.923880 -0.382683 0.000000
g soda_column_3
usemtl details
f 1480/1480/494 1481/1481/494 1482/1482/494
v 4.727208 -17.072792 42.000000
v 6.000000 -17.600000 42.000000
v 6.000000 -17.600000 61.500000
vt 0.339844 0.023438
vt 0.347656 0.023438
vt 0.347656 0.230469
vn -0.382683 -0.923880 0.000000
g soda_column_3
usemtl details
f 1483/1483/495 1484/1484/495 1485/1485/495
v 4.727208 -17.072792 42.000000
v 6.000000 -17.600000 61.500000
v 4.727208 -17.072792 61.500000
vt 0.339844 0.023438
vt 0.347656 0.230469
vt 0.339844 0.230469
vn -0.382683 -0.923880 0.000000
g soda_column_3
usemtl details
f 1486/1486/496 1487/1487/496 1488/1488/496
v 6.000000 -17.600000 42.000000
v 7.272792 -17.072792 42.000000
v 7.272792 -17.072792 61.500000
vt 0.347656 0.023438
vt 0.355469 0.023438
vt 0.355469 0.230469
vn 0.382683 -0.923880 0.000000
g soda_column_3
usemtl details
f 1489/1489/497 1490/1490/497 1491/1491/497
v 6.000000 -17.600000 42.000000
v 7.272792 -17.072792 61.500000
v 6.000000 -17.600000 61.500000
vt 0.347656 0.023438
vt 0.355469 0.230469
vt 0.347656 0.230469
vn 0.382683 -0.923880 0.000000
g soda_column_3
usemtl details
f 1492/1492/498 1493/1493/498 1494/1494/498
v 7.272792 -17.072792 42.000000
v 7.800000 -15.800000 42.000000
v 7.800000 -15.800000 61.500000
vt 0.355469 0.023438
vt 0.363281 0.023438
vt 0.363281 0.230469
vn 0.923880 -0.382683 0.000000
g soda_column_3
usemtl details
f 1495/1495/499 1496/1496/499 1497/1497/499
v 7.272792 -17.072792 42.000000
v 7.800000 -15.800000 61.500000
v 7.272792 -17.072792 61.500000
vt 0.355469 0.023438
vt 0.363281 0.230469
vt 0.355469 0.230469
vn 0.923880 -0.382683 0.000000
g soda_column_3
usemtl details
f 1498/1498/500 1499/1499/500 1500/1500/500
v 6.000000 -15.800000 61.500000
v 7.800000 -15.800000 61.500000
v 7.272792 -14.527208 61.500000
vt 0.015625 0.769531
vt 0.230469 0.769531
vt 0.230469 0.984375
vn 0.000000 0.000000 1.000000
g soda_column_3
usemtl details
f 1501/1501/501 1502/1502/501 1503/1503/501
v 6.000000 -15.800000 61.500000
v 7.272792 -14.527208 61.500000
v 6.000000 -14.000000 61.500000
vt 0.015625 0.769531
vt 0.230469 0.769531
vt 0.230469 0.984375
vn 0.000000 0.000000 1.000000
g soda_column_3
usemtl details
f 1504/1504/502 1505/1505/502 1506/1506/502
v 6.000000 -15.800000 61.500000
v 6.000000 -14.000000 61.500000
v 4.727208 -14.527208 61.500000
vt 0.015625 0.769531
vt 0.230469 0.769531
vt 0.230469 0.984375
vn 0.000000 -0.000000 1.000000
g soda_column_3
usemtl details
f 1507/1507/503 1508/1508/503 1509/1509/503
v 6.000000 -15.800000 61.500000
v 4.727208 -14.527208 61.500000
v 4.200000 -15.800000 61.500000
vt 0.015625 0.769531
vt 0.230469 0.769531
vt 0.230469 0.984375
vn 0.000000 0.000000 1.000000
g soda_column_3
usemtl details
f 1510/1510/504 1511/1511/504 1512/1512/504
v 6.000000 -15.800000 61.500000
v 4.200000 -15.800000 61.500000
v 4.727208 -17.072792 61.500000
vt 0.015625 0.769531
vt 0.230469 0.769531
vt 0.230469 0.984375
vn 0.000000 0.000000 1.000000
g soda_column_3
usemtl details
f 1513/1513/505 1514/1514/505 1515/1515/505
v 6.000000 -15.800000 61.500000
v 4.727208 -17.072792 61.500000
v 6.000000 -17.600000 61.500000
vt 0.015625 0.769531
vt 0.230469 0.769531
vt 0.230469 0.984375
vn 0.000000 0.000000 1.000000
g soda_column_3
usemtl details
f 1516/1516/506 1517/1517/506 1518/1518/506
v 6.000000 -15.800000 61.500000
v 6.000000 -17.600000 61.500000
v 7.272792 -17.072792 61.500000
vt 0.015625 0.769531
vt 0.230469 0.769531
vt 0.230469 0.984375
vn 0.000000 0.000000 1.000000
g soda_column_3
usemtl details
f 1519/1519/507 1520/1520/507 1521/1521/507
v 6.000000 -15.800000 61.500000
v 7.272792 -17.072792 61.500000
v 7.800000 -15.800000 61.500000
vt 0.015625 0.769531
vt 0.230469 0.769531
vt 0.230469 0.984375
vn -0.000000 0.000000 1.000000
g soda_column_3
usemtl details
f 1522/1522/508 1523/1523/508 1524/1524/508
v 3.900000 -18.000000 41.000000
v 8.100000 -18.000000 41.000000
v 8.100000 -18.000000 42.400000
vt 0.015625 0.769531
vt 0.230469 0.769531
vt 0.230469 0.984375
vn 0.000000 -1.000000 0.000000
g column_bottom_3
usemtl details
f 1525/1525/509 1526/1526/509 1527/1527/509
v 3.900000 -18.000000 41.000000
v 8.100000 -18.000000 42.400000
v 3.900000 -18.000000 42.400000
vt 0.015625 0.769531
vt 0.230469 0.984375
vt 0.015625 0.984375
vn 0.000000 -1.000000 0.000000
g column_bottom_3
usemtl details
f 1528/1528/510 1529/1529/510 1530/1530/510
v 8.100000 -14.000000 41.000000
v 3.900000 -14.000000 41.000000
v 3.900000 -14.000000 42.400000
vt 0.015625 0.769531
vt 0.230469 0.769531
vt 0.230469 0.984375
vn 0.000000 1.000000 0.000000
g column_bottom_3
usemtl details
f 1531/1531/511 1532/1532/511 1533/1533/511
v 8.100000 -14.000000 41.000000
v 3.900000 -14.000000 42.400000
v 8.100000 -14.000000 42.400000
vt 0.015625 0.769531
vt 0.230469 0.984375
vt 0.015625 0.984375
vn 0.000000 1.000000 -0.000000
g column_bottom_3
usemtl details
f 1534/1534/512 1535/1535/512 1536/1536/512
v 3.900000 -14.000000 41.000000
v 3.900000 -18.000000 41.000000
v 3.900000 -18.000000 42.400000
vt 0.015625 0.769531
vt 0.230469 0.769531
vt 0.230469 0.984375
vn -1.000000 0.000000 0.000000
g column_bottom_3
usemtl details
f 1537/1537/513 1538/1538/513 1539/1539/513
v 3.900000 -14.000000 41.000000
v 3.900000 -18.000000 42.400000
v 3.900000 -14.000000 42.400000
vt 0.015625 0.769531
vt 0.230469 0.984375
vt 0.015625 0.984375
vn -1.000000 0.000000 0.000000
g column_bottom_3
usemtl details
f 1540/1540/514 1541/1541/514 1542/1542/514
v 8.100000 -18.000000 41.000000
v 8.100000 -14.000000 41.000000
v 8.100000 -14.000000 42.400000
vt 0.015625 0.769531
vt 0.230469 0.769531
vt 0.230469 0.984375
vn 1.000000 0.000000 0.000000
g column_bottom_3
usemtl details
f 1543/1543/515 1544/1544/515 1545/1545/515
v 8.100000 -18.000000 41.000000
v 8.100000 -14.000000 42.400000
v 8.100000 -18.000000 42.400000
vt 0.015625 0.769531
vt 0.230469 0.984375
vt 0.015625 0.984375
vn 1.000000 0.000000 0.000000
g column_bottom_3
usemtl details
f 1546/1546/516 1547/1547/516 1548/1548/516
v 3.900000 -18.000000 42.400000
v 8.100000 -18.000000 42.400000
v 8.100000 -14.000000 42.400000
vt 0.015625 0.769531
vt 0.230469 0.769531
vt 0.230469 0.984375
vn 0.000000 0.000000 1.000000
g column_bottom_3
usemtl details
f 1549/1549/517 1550/1550/517 1551/1551/517
v 3.900000 -18.000000 42.400000
v 8.100000 -14.000000 42.400000
v 3.900000 -14.000000 42.400000
vt 0.015625 0.769531
vt 0.230469 0.984375
vt 0.015625 0.984375
vn 0.000000 0.000000 1.000000
g column_bottom_3
usemtl details
f 1552/1552/518 1553/1553/518 1554/1554/518
v 3.900000 -14.000000 41.000000
v 8.100000 -14.000000 41.000000
v 8.100000 -18.000000 41.000000
vt 0.015625 0.769531
vt 0.230469 0.769531
vt 0.230469 0.984375
vn 0.000000 0.000000 -1.000000
g column_bottom_3
usemtl details
f 1555/1555/519 1556/1556/519 1557/1557/519
v 3.900000 -14.000000 41.000000
v 8.100000 -18.000000 41.000000
v 3.900000 -18.000000 41.000000
vt 0.015625 0.769531
vt 0.230469 0.984375
vt 0.015625 0.984375
vn 0.000000 0.000000 -1.000000
g column_bottom_3
usemtl details
f 1558/1558/520 1559/1559/520 1560/1560/520
v 3.900000 -18.000000 61.200000
v 8.100000 -18.000000 61.200000
v 8.100000 -18.000000 63.000000
vt 0.015625 0.769531
vt 0.230469 0.769531
vt 0.230469 0.984375
vn 0.000000 -1.000000 0.000000
g column_cap_3
usemtl details
f 1561/1561/521 1562/1562/521 1563/1563/521
v 3.900000 -18.000000 61.200000
v 8.100000 -18.000000 63.000000
v 3.900000 -18.000000 63.000000
vt 0.015625 0.769531
vt 0.230469 0.984375
vt 0.015625 0.984375
vn 0.000000 -1.000000 0.000000
g column_cap_3
usemtl details
f 1564/1564/522 1565/1565/522 1566/1566/522
v 8.100000 -14.000000 61.200000
v 3.900000 -14.000000 61.200000
v 3.900000 -14.000000 63.000000
vt 0.015625 0.769531
vt 0.230469 0.769531
vt 0.230469 0.984375
vn 0.000000 1.000000 0.000000
g column_cap_3
usemtl details
f 1567/1567/523 1568/1568/523 1569/1569/523
v 8.100000 -14.000000 61.200000
v 3.900000 -14.000000 63.000000
v 8.100000 -14.000000 63.000000
vt 0.015625 0.769531
vt 0.230469 0.984375
vt 0.015625 0.984375
vn 0.000000 1.000000 -0.000000
g column_cap_3
usemtl details
f 1570/1570/524 1571/1571/524 1572/1572/524
v 3.900000 -14.000000 61.200000
v 3.900000 -18.000000 61.200000
v 3.900000 -18.000000 63.000000
vt 0.015625 0.769531
vt 0.230469 0.769531
vt 0.230469 0.984375
vn -1.000000 0.000000 0.000000
g column_cap_3
usemtl details
f 1573/1573/525 1574/1574/525 1575/1575/525
v 3.900000 -14.000000 61.200000
v 3.900000 -18.000000 63.000000
v 3.900000 -14.000000 63.000000
vt 0.015625 0.769531
vt 0.230469 0.984375
vt 0.015625 0.984375
vn -1.000000 0.000000 0.000000
g column_cap_3
usemtl details
f 1576/1576/526 1577/1577/526 1578/1578/526
v 8.100000 -18.000000 61.200000
v 8.100000 -14.000000 61.200000
v 8.100000 -14.000000 63.000000
vt 0.015625 0.769531
vt 0.230469 0.769531
vt 0.230469 0.984375
vn 1.000000 0.000000 0.000000
g column_cap_3
usemtl details
f 1579/1579/527 1580/1580/527 1581/1581/527
v 8.100000 -18.000000 61.200000
v 8.100000 -14.000000 63.000000
v 8.100000 -18.000000 63.000000
vt 0.015625 0.769531
vt 0.230469 0.984375
vt 0.015625 0.984375
vn 1.000000 0.000000 0.000000
g column_cap_3
usemtl details
f 1582/1582/528 1583/1583/528 1584/1584/528
v 3.900000 -18.000000 63.000000
v 8.100000 -18.000000 63.000000
v 8.100000 -14.000000 63.000000
vt 0.015625 0.769531
vt 0.230469 0.769531
vt 0.230469 0.984375
vn 0.000000 0.000000 1.000000
g column_cap_3
usemtl details
f 1585/1585/529 1586/1586/529 1587/1587/529
v 3.900000 -18.000000 63.000000
v 8.100000 -14.000000 63.000000
v 3.900000 -14.000000 63.000000
vt 0.015625 0.769531
vt 0.230469 0.984375
vt 0.015625 0.984375
vn 0.000000 0.000000 1.000000
g column_cap_3
usemtl details
f 1588/1588/530 1589/1589/530 1590/1590/530
v 3.900000 -14.000000 61.200000
v 8.100000 -14.000000 61.200000
v 8.100000 -18.000000 61.200000
vt 0.015625 0.769531
vt 0.230469 0.769531
vt 0.230469 0.984375
vn 0.000000 0.000000 -1.000000
g column_cap_3
usemtl details
f 1591/1591/531 1592/1592/531 1593/1593/531
v 3.900000 -14.000000 61.200000
v 8.100000 -18.000000 61.200000
v 3.900000 -18.000000 61.200000
vt 0.015625 0.769531
vt 0.230469 0.984375
vt 0.015625 0.984375
vn 0.000000 0.000000 -1.000000
g column_cap_3
usemtl details
f 1594/1594/532 1595/1595/532 1596/1596/532
v 13.800000 -15.800000 42.000000
v 13.272792 -14.527208 42.000000
v 13.272792 -14.527208 61.500000
vt 0.394531 0.023438
vt 0.402344 0.023438
vt 0.402344 0.230469
vn 0.923880 0.382683 0.000000
g soda_column_4
usemtl details
f 1597/1597/533 1598/1598/533 1599/1599/533
v 13.800000 -15.800000 42.000000
v 13.272792 -14.527208 61.500000
v 13.800000 -15.800000 61.500000
vt 0.394531 0.023438
vt 0.402344 0.230469
vt 0.394531 0.230469
vn 0.923880 0.382683 -0.000000
g soda_column_4
usemtl details
f 1600/1600/534 1601/1601/534 1602/1602/534
v 13.272792 -14.527208 42.000000
v 12.000000 -14.000000 42.000000
v 12.000000 -14.000000 61.500000
vt 0.402344 0.023438
vt 0.410156 0.023438
vt 0.410156 0.230469
vn 0.382683 0.923880 0.000000
g soda_column_4
usemtl details
f 1603/1603/535 1604/1604/535 1605/1605/535
v 13.272792 -14.527208 42.000000
v 12.000000 -14.000000 61.500000
v 13.272792 -14.527208 61.500000
vt 0.402344 0.023438
vt 0.410156 0.230469
vt 0.402344 0.230469
vn 0.382683 0.923880 -0.000000
g soda_column_4
usemtl details
f 1606/1606/536 1607/1607/536 1608/1608/536
v 12.000000 -14.000000 42.000000
v 10.727208 -14.527208 42.000000
v 10.727208 -14.527208 61.500000
vt 0.410156 0.023438
vt 0.417969 0.023438
vt 0.417969 0.230469
vn -0.382683 0.923880 0.000000
g soda_column_4
usemtl details
f 1609/1609/537 1610/1610/537 1611/1611/537
v 12.000000 -14.000000 42.000000
v 10.727208 -14.527208 61.500000
v 12.000000 -14.000000 61.500000
vt 0.410156 0.023438
vt 0.417969 0.230469
vt 0.410156 0.230469
vn -0.382683 0.923880 0.000000
g soda_column_4
usemtl details
f 1612/1612/538 1613/1613/538 1614/1614/538
v 10.727208 -14.527208 42.000000
v 10.200000 -15.800000 42.000000
v 10.200000 -15.800000 61.500000
vt 0.417969 0.023438
vt 0.425781 0.023438
vt 0.425781 0.230469
vn -0.923880 0.382683 0.000000
g soda_column_4
usemtl details
f 1615/1615/539 1616/1616/539 1617/1617/539
v 10.727208 -14.527208 42.000000
v 10.200000 -15.800000 61.500000
v 10.727208 -14.527208 61.500000
vt 0.417969 0.023438
vt 0.425781 0.230469
vt 0.417969 0.230469
vn -0.923880 0.382683 0.000000
g soda_column_4
usemtl details
f 1618/1618/540 1619/1619/540 1620/1620/540
v 10.200000 -15.800000 42.000000
v 10.727208 -17.072792 42.000000
v 10.727208 -17.072792 61.500000
vt 0.425781 0.023438
vt 0.433594 0.023438
vt 0.433594 0.230469
vn -0.923880 -0.382683 0.000000
g soda_column_4
usemtl details
f 1621/1621/541 1622/1622/541 1623/1623/541
v 10.200000 -15.800000 42.000000
v 10.727208 -17.072792 61.500000
v 10.200000 -15.800000 61.500000
vt 0.425781 0.023438
vt 0.433594 0.230469
vt 0.425781 0.230469
vn -0.923880 -0.382683 0.000000
g soda_column_4
usemtl details
f 1624/1624/542 1625/1625/542 1626/1626/542
v 10.727208 -17.072792 42.000000
v 12.000000 -17.600000 42.000000
v 12.000000 -17.600000 61.500000
vt 0.433594 0.023438
vt 0.441406 0.023438
vt 0.441406 0.230469
vn -0.382683 -0.923880 0.000000
g soda_column_4
usemtl details
f 1627/1627/543 1628/1628/543 1629/1629/543
v 10.727208 -17.072792 42.000000
v 12.000000 -17.600000 61.500000
v 10.727208 -17.072792 61.500000
vt 0.433594 0.023438
vt 0.441406 0.230469
vt 0.433594 0.230469
vn -0.382683 -0.923880 0.000000
g soda_column_4
usemtl details
f 1630/1630/544 1631/1631/544 1632/1632/544
v 12.000000 -17.600000 42.000000
v 13.272792 -17.072792 42.000000
v 13.272792 -17.072792 61.500000
vt 0.441406 0.023438
vt 0.449219 0.023438
vt 0.449219 0.230469
vn 0.382683 -0.923880 0.000000
g soda_column_4
usemtl details
f 1633/1633/545 1634/1634/545 1635/1635/545
v 12.000000 -17.600000 42.000000
v 13.272792 -17.072792 61.500000
v 12.000000 -17.600000 61.500000
vt 0.441406 0.023438
vt 0.449219 0.230469
vt 0.441406 0.230469
vn 0.382683 -0.923880 0.000000
g soda_column_4
usemtl details
f 1636/1636/546 1637/1637/546 1638/1638/546
v 13.272792 -17.072792 42.000000
v 13.800000 -15.800000 42.000000
v 13.800000 -15.800000 61.500000
vt 0.449219 0.023438
vt 0.457031 0.023438
vt 0.457031 0.230469
vn 0.923880 -0.382683 0.000000
g soda_column_4
usemtl details
f 1639/1639/547 1640/1640/547 1641/1641/547
v 13.272792 -17.072792 42.000000
v 13.800000 -15.800000 61.500000
v 13.272792 -17.072792 61.500000
vt 0.449219 0.023438
vt 0.457031 0.230469
vt 0.449219 0.230469
vn 0.923880 -0.382683 0.000000
g soda_column_4
usemtl details
f 1642/1642/548 1643/1643/548 1644/1644/548
v 12.000000 -15.800000 61.500000
v 13.800000 -15.800000 61.500000
v 13.272792 -14.527208 61.500000
vt 0.015625 0.769531
vt 0.230469 0.769531
vt 0.230469 0.984375
vn 0.000000 0.000000 1.000000
g soda_column_4
usemtl details
f 1645/1645/549 1646/1646/549 1647/1647/549
v 12.000000 -15.800000 61.500000
v 13.272792 -14.527208 61.500000
v 12.000000 -14.000000 61.500000
vt 0.015625 0.769531
vt 0.230469 0.769531
vt 0.230469 0.984375
vn 0.000000 0.000000 1.000000
g soda_column_4
usemtl details
f 1648/1648/550 1649/1649/550 1650/1650/550
v 12.000000 -15.800000 61.500000
v 12.000000 -14.000000 61.500000
v 10.727208 -14.527208 61.500000
vt 0.015625 0.769531
vt 0.230469 0.769531
vt 0.230469 0.984375
vn 0.000000 -0.000000 1.000000
g soda_column_4
usemtl details
f 1651/1651/551 1652/1652/551 1653/1653/551
v 12.000000 -15.800000 61.500000
v 10.727208 -14.527208 61.500000
v 10.200000 -15.800000 61.500000
vt 0.015625 0.769531
vt 0.230469 0.769531
vt 0.230469 0.984375
vn 0.000000 0.000000 1.000000
g soda_column_4
usemtl details
f 1654/1654/552 1655/1655/552 1656/1656/552
v 12.000000 -15.800000 61.500000
v 10.200000 -15.800000 61.500000
v 10.727208 -17.072792 61.500000
vt 0.015625 0.769531
vt 0.230469 0.769531
vt 0.230469 0.984375
vn 0.000000 0.000000 1.000000
g soda_column_4
usemtl details
f 1657/1657/553 1658/1658/553 1659/1659/553
v 12.000000 -15.800000 61.500000
v 10.727208 -17.072792 61.500000
v 12.000000 -17.600000 61.500000
vt 0.015625 0.769531
vt 0.230469 0.769531
vt 0.230469 0.984375
vn 0.000000 0.000000 1.000000
g soda_column_4
usemtl details
f 1660/1660/554 1661/1661/554 1662/1662/554
v 12.000000 -15.800000 61.500000
v 12.000000 -17.600000 61.500000
v 13.272792 -17.072792 61.500000
vt 0.015625 0.769531
vt 0.230469 0.769531
vt 0.230469 0.984375
vn 0.000000 0.000000 1.000000
g soda_column_4
usemtl details
f 1663/1663/555 1664/1664/555 1665/1665/555
v 12.000000 -15.800000 61.500000
v 13.272792 -17.072792 61.500000
v 13.800000 -15.800000 61.500000
vt 0.015625 0.769531
vt 0.230469 0.769531
vt 0.230469 0.984375
vn -0.000000 0.000000 1.000000
g soda_column_4
usemtl details
f 1666/1666/556 1667/1667/556 1668/1668/556
v 9.900000 -18.000000 41.000000
v 14.100000 -18.000000 41.000000
v 14.100000 -18.000000 42.400000
vt 0.015625 0.769531
vt 0.230469 0.769531
vt 0.230469 0.984375
vn 0.000000 -1.000000 0.000000
g column_bottom_4
usemtl details
f 1669/1669/557 1670/1670/557 1671/1671/557
v 9.900000 -18.000000 41.000000
v 14.100000 -18.000000 42.400000
v 9.900000 -18.000000 42.400000
vt 0.015625 0.769531
vt 0.230469 0.984375
vt 0.015625 0.984375
vn 0.000000 -1.000000 0.000000
g column_bottom_4
usemtl details
f 1672/1672/558 1673/1673/558 1674/1674/558
v 14.100000 -14.000000 41.000000
v 9.900000 -14.000000 41.000000
v 9.900000 -14.000000 42.400000
vt 0.015625 0.769531
vt 0.230469 0.769531
vt 0.230469 0.984375
vn 0.000000 1.000000 0.000000
g column_bottom_4
usemtl details
f 1675/1675/559 1676/1676/559 1677/1677/559
v 14.100000 -14.000000 41.000000
v 9.900000 -14.000000 42.400000
v 14.100000 -14.000000 42.400000
vt 0.015625 0.769531
vt 0.230469 0.984375
vt 0.015625 0.984375
vn 0.000000 1.000000 -0.000000
g column_bottom_4
usemtl details
f 1678/1678/560 1679/1679/560 1680/1680/560
v 9.900000 -14.000000 41.000000
v 9.900000 -18.000000 41.000000
v 9.900000 -18.000000 42.400000
vt 0.015625 0.769531
vt 0.230469 0.769531
vt 0.230469 0.984375
vn -1.000000 0.000000 0.000000
g column_bottom_4
usemtl details
f 1681/1681/561 1682/1682/561 1683/1683/561
v 9.900000 -14.000000 41.000000
v 9.900000 -18.000000 42.400000
v 9.900000 -14.000000 42.400000
vt 0.015625 0.769531
vt 0.230469 0.984375
vt 0.015625 0.984375
vn -1.000000 0.000000 0.000000
g column_bottom_4
usemtl details
f 1684/1684/562 1685/1685/562 1686/1686/562
v 14.100000 -18.000000 41.000000
v 14.100000 -14.000000 41.000000
v 14.100000 -14.000000 42.400000
vt 0.015625 0.769531
vt 0.230469 0.769531
vt 0.230469 0.984375
vn 1.000000 0.000000 0.000000
g column_bottom_4
usemtl details
f 1687/1687/563 1688/1688/563 1689/1689/563
v 14.100000 -18.000000 41.000000
v 14.100000 -14.000000 42.400000
v 14.100000 -18.000000 42.400000
vt 0.015625 0.769531
vt 0.230469 0.984375
vt 0.015625 0.984375
vn 1.000000 0.000000 0.000000
g column_bottom_4
usemtl details
f 1690/1690/564 1691/1691/564 1692/1692/564
v 9.900000 -18.000000 42.400000
v 14.100000 -18.000000 42.400000
v 14.100000 -14.000000 42.400000
vt 0.015625 0.769531
vt 0.230469 0.769531
vt 0.230469 0.984375
vn 0.000000 0.000000 1.000000
g column_bottom_4
usemtl details
f 1693/1693/565 1694/1694/565 1695/1695/565
v 9.900000 -18.000000 42.400000
v 14.100000 -14.000000 42.400000
v 9.900000 -14.000000 42.400000
vt 0.015625 0.769531
vt 0.230469 0.984375
vt 0.015625 0.984375
vn 0.000000 0.000000 1.000000
g column_bottom_4
usemtl details
f 1696/1696/566 1697/1697/566 1698/1698/566
v 9.900000 -14.000000 41.000000
v 14.100000 -14.000000 41.000000
v 14.100000 -18.000000 41.000000
vt 0.015625 0.769531
vt 0.230469 0.769531
vt 0.230469 0.984375
vn 0.000000 0.000000 -1.000000
g column_bottom_4
usemtl details
f 1699/1699/567 1700/1700/567 1701/1701/567
v 9.900000 -14.000000 41.000000
v 14.100000 -18.000000 41.000000
v 9.900000 -18.000000 41.000000
vt 0.015625 0.769531
vt 0.230469 0.984375
vt 0.015625 0.984375
vn 0.000000 0.000000 -1.000000
g column_bottom_4
usemtl details
f 1702/1702/568 1703/1703/568 1704/1704/568
v 9.900000 -18.000000 61.200000
v 14.100000 -18.000000 61.200000
v 14.100000 -18.000000 63.000000
vt 0.015625 0.769531
vt 0.230469 0.769531
vt 0.230469 0.984375
vn 0.000000 -1.000000 0.000000
g column_cap_4
usemtl details
f 1705/1705/569 1706/1706/569 1707/1707/569
v 9.900000 -18.000000 61.200000
v 14.100000 -18.000000 63.000000
v 9.900000 -18.000000 63.000000
vt 0.015625 0.769531
vt 0.230469 0.984375
vt 0.015625 0.984375
vn 0.000000 -1.000000 0.000000
g column_cap_4
usemtl details
f 1708/1708/570 1709/1709/570 1710/1710/570
v 14.100000 -14.000000 61.200000
v 9.900000 -14.000000 61.200000
v 9.900000 -14.000000 63.000000
vt 0.015625 0.769531
vt 0.230469 0.769531
vt 0.230469 0.984375
vn 0.000000 1.000000 0.000000
g column_cap_4
usemtl details
f 1711/1711/571 1712/1712/571 1713/1713/571
v 14.100000 -14.000000 61.200000
v 9.900000 -14.000000 63.000000
v 14.100000 -14.000000 63.000000
vt 0.015625 0.769531
vt 0.230469 0.984375
vt 0.015625 0.984375
vn 0.000000 1.000000 -0.000000
g column_cap_4
usemtl details
f 1714/1714/572 1715/1715/572 1716/1716/572
v 9.900000 -14.000000 61.200000
v 9.900000 -18.000000 61.200000
v 9.900000 -18.000000 63.000000
vt 0.015625 0.769531
vt 0.230469 0.769531
vt 0.230469 0.984375
vn -1.000000 0.000000 0.000000
g column_cap_4
usemtl details
f 1717/1717/573 1718/1718/573 1719/1719/573
v 9.900000 -14.000000 61.200000
v 9.900000 -18.000000 63.000000
v 9.900000 -14.000000 63.000000
vt 0.015625 0.769531
vt 0.230469 0.984375
vt 0.015625 0.984375
vn -1.000000 0.000000 0.000000
g column_cap_4
usemtl details
f 1720/1720/574 1721/1721/574 1722/1722/574
v 14.100000 -18.000000 61.200000
v 14.100000 -14.000000 61.200000
v 14.100000 -14.000000 63.000000
vt 0.015625 0.769531
vt 0.230469 0.769531
vt 0.230469 0.984375
vn 1.000000 0.000000 0.000000
g column_cap_4
usemtl details
f 1723/1723/575 1724/1724/575 1725/1725/575
v 14.100000 -18.000000 61.200000
v 14.100000 -14.000000 63.000000
v 14.100000 -18.000000 63.000000
vt 0.015625 0.769531
vt 0.230469 0.984375
vt 0.015625 0.984375
vn 1.000000 0.000000 0.000000
g column_cap_4
usemtl details
f 1726/1726/576 1727/1727/576 1728/1728/576
v 9.900000 -18.000000 63.000000
v 14.100000 -18.000000 63.000000
v 14.100000 -14.000000 63.000000
vt 0.015625 0.769531
vt 0.230469 0.769531
vt 0.230469 0.984375
vn 0.000000 0.000000 1.000000
g column_cap_4
usemtl details
f 1729/1729/577 1730/1730/577 1731/1731/577
v 9.900000 -18.000000 63.000000
v 14.100000 -14.000000 63.000000
v 9.900000 -14.000000 63.000000
vt 0.015625 0.769531
vt 0.230469 0.984375
vt 0.015625 0.984375
vn 0.000000 0.000000 1.000000
g column_cap_4
usemtl details
f 1732/1732/578 1733/1733/578 1734/1734/578
v 9.900000 -14.000000 61.200000
v 14.100000 -14.000000 61.200000
v 14.100000 -18.000000 61.200000
vt 0.015625 0.769531
vt 0.230469 0.769531
vt 0.230469 0.984375
vn 0.000000 0.000000 -1.000000
g column_cap_4
usemtl details
f 1735/1735/579 1736/1736/579 1737/1737/579
v 9.900000 -14.000000 61.200000
v 14.100000 -18.000000 61.200000
v 9.900000 -18.000000 61.200000
vt 0.015625 0.769531
vt 0.230469 0.984375
vt 0.015625 0.984375
vn 0.000000 0.000000 -1.000000
g column_cap_4
usemtl details
f 1738/1738/580 1739/1739/580 1740/1740/580
v -13.700000 -17.400000 37.800000
v -10.300000 -17.400000 37.800000
v -10.300000 -17.400000 40.000000
vt 0.265625 0.769531
vt 0.480469 0.769531
vt 0.480469 0.984375
vn 0.000000 -1.000000 0.000000
g flavour_button_mount_0
usemtl details
f 1741/1741/581 1742/1742/581 1743/1743/581
v -13.700000 -17.400000 37.800000
v -10.300000 -17.400000 40.000000
v -13.700000 -17.400000 40.000000
vt 0.265625 0.769531
vt 0.480469 0.984375
vt 0.265625 0.984375
vn 0.000000 -1.000000 0.000000
g flavour_button_mount_0
usemtl details
f 1744/1744/582 1745/1745/582 1746/1746/582
v -10.300000 -14.000000 37.800000
v -13.700000 -14.000000 37.800000
v -13.700000 -14.000000 40.000000
vt 0.265625 0.769531
vt 0.480469 0.769531
vt 0.480469 0.984375
vn 0.000000 1.000000 0.000000
g flavour_button_mount_0
usemtl details
f 1747/1747/583 1748/1748/583 1749/1749/583
v -10.300000 -14.000000 37.800000
v -13.700000 -14.000000 40.000000
v -10.300000 -14.000000 40.000000
vt 0.265625 0.769531
vt 0.480469 0.984375
vt 0.265625 0.984375
vn 0.000000 1.000000 -0.000000
g flavour_button_mount_0
usemtl details
f 1750/1750/584 1751/1751/584 1752/1752/584
v -13.700000 -14.000000 37.800000
v -13.700000 -17.400000 37.800000
v -13.700000 -17.400000 40.000000
vt 0.265625 0.769531
vt 0.480469 0.769531
vt 0.480469 0.984375
vn -1.000000 0.000000 0.000000
g flavour_button_mount_0
usemtl details
f 1753/1753/585 1754/1754/585 1755/1755/585
v -13.700000 -14.000000 37.800000
v -13.700000 -17.400000 40.000000
v -13.700000 -14.000000 40.000000
vt 0.265625 0.769531
vt 0.480469 0.984375
vt 0.265625 0.984375
vn -1.000000 0.000000 0.000000
g flavour_button_mount_0
usemtl details
f 1756/1756/586 1757/1757/586 1758/1758/586
v -10.300000 -17.400000 37.800000
v -10.300000 -14.000000 37.800000
v -10.300000 -14.000000 40.000000
vt 0.265625 0.769531
vt 0.480469 0.769531
vt 0.480469 0.984375
vn 1.000000 0.000000 0.000000
g flavour_button_mount_0
usemtl details
f 1759/1759/587 1760/1760/587 1761/1761/587
v -10.300000 -17.400000 37.800000
v -10.300000 -14.000000 40.000000
v -10.300000 -17.400000 40.000000
vt 0.265625 0.769531
vt 0.480469 0.984375
vt 0.265625 0.984375
vn 1.000000 0.000000 0.000000
g flavour_button_mount_0
usemtl details
f 1762/1762/588 1763/1763/588 1764/1764/588
v -13.700000 -17.400000 40.000000
v -10.300000 -17.400000 40.000000
v -10.300000 -14.000000 40.000000
vt 0.265625 0.769531
vt 0.480469 0.769531
vt 0.480469 0.984375
vn 0.000000 0.000000 1.000000
g flavour_button_mount_0
usemtl details
f 1765/1765/589 1766/1766/589 1767/1767/589
v -13.700000 -17.400000 40.000000
v -10.300000 -14.000000 40.000000
v -13.700000 -14.000000 40.000000
vt 0.265625 0.769531
vt 0.480469 0.984375
vt 0.265625 0.984375
vn 0.000000 0.000000 1.000000
g flavour_button_mount_0
usemtl details
f 1768/1768/590 1769/1769/590 1770/1770/590
v -13.700000 -14.000000 37.800000
v -10.300000 -14.000000 37.800000
v -10.300000 -17.400000 37.800000
vt 0.265625 0.769531
vt 0.480469 0.769531
vt 0.480469 0.984375
vn 0.000000 0.000000 -1.000000
g flavour_button_mount_0
usemtl details
f 1771/1771/591 1772/1772/591 1773/1773/591
v -13.700000 -14.000000 37.800000
v -10.300000 -17.400000 37.800000
v -13.700000 -17.400000 37.800000
vt 0.265625 0.769531
vt 0.480469 0.984375
vt 0.265625 0.984375
vn 0.000000 0.000000 -1.000000
g flavour_button_mount_0
usemtl details
f 1774/1774/592 1775/1775/592 1776/1776/592
v -13.250000 -18.200000 38.200000
v -10.750000 -18.200000 38.200000
v -10.750000 -18.200000 39.600000
vt 0.015625 0.769531
vt 0.230469 0.769531
vt 0.230469 0.984375
vn 0.000000 -1.000000 0.000000
g flavour_button_0
usemtl details
f 1777/1777/593 1778/1778/593 1779/1779/593
v -13.250000 -18.200000 38.200000
v -10.750000 -18.200000 39.600000
v -13.250000 -18.200000 39.600000
vt 0.015625 0.769531
vt 0.230469 0.984375
vt 0.015625 0.984375
vn 0.000000 -1.000000 0.000000
g flavour_button_0
usemtl details
f 1780/1780/594 1781/1781/594 1782/1782/594
v -10.750000 -17.300000 38.200000
v -13.250000 -17.300000 38.200000
v -13.250000 -17.300000 39.600000
vt 0.015625 0.769531
vt 0.230469 0.769531
vt 0.230469 0.984375
vn 0.000000 1.000000 0.000000
g flavour_button_0
usemtl details
f 1783/1783/595 1784/1784/595 1785/1785/595
v -10.750000 -17.300000 38.200000
v -13.250000 -17.300000 39.600000
v -10.750000 -17.300000 39.600000
vt 0.015625 0.769531
vt 0.230469 0.984375
vt 0.015625 0.984375
vn 0.000000 1.000000 -0.000000
g flavour_button_0
usemtl details
f 1786/1786/596 1787/1787/596 1788/1788/596
v -13.250000 -17.300000 38.200000
v -13.250000 -18.200000 38.200000
v -13.250000 -18.200000 39.600000
vt 0.015625 0.769531
vt 0.230469 0.769531
vt 0.230469 0.984375
vn -1.000000 0.000000 0.000000
g flavour_button_0
usemtl details
f 1789/1789/597 1790/1790/597 1791/1791/597
v -13.250000 -17.300000 38.200000
v -13.250000 -18.200000 39.600000
v -13.250000 -17.300000 39.600000
vt 0.015625 0.769531
vt 0.230469 0.984375
vt 0.015625 0.984375
vn -1.000000 0.000000 0.000000
g flavour_button_0
usemtl details
f 1792/1792/598 1793/1793/598 1794/1794/598
v -10.750000 -18.200000 38.200000
v -10.750000 -17.300000 38.200000
v -10.750000 -17.300000 39.600000
vt 0.015625 0.769531
vt 0.230469 0.769531
vt 0.230469 0.984375
vn 1.000000 0.000000 0.000000
g flavour_button_0
usemtl details
f 1795/1795/599 1796/1796/599 1797/1797/599
v -10.750000 -18.200000 38.200000
v -10.750000 -17.300000 39.600000
v -10.750000 -18.200000 39.600000
vt 0.015625 0.769531
vt 0.230469 0.984375
vt 0.015625 0.984375
vn 1.000000 0.000000 0.000000
g flavour_button_0
usemtl details
f 1798/1798/600 1799/1799/600 1800/1800/600
v -13.250000 -18.200000 39.600000
v -10.750000 -18.200000 39.600000
v -10.750000 -17.300000 39.600000
vt 0.015625 0.769531
vt 0.230469 0.769531
vt 0.230469 0.984375
vn 0.000000 0.000000 1.000000
g flavour_button_0
usemtl details
f 1801/1801/601 1802/1802/601 1803/1803/601
v -13.250000 -18.200000 39.600000
v -10.750000 -17.300000 39.600000
v -13.250000 -17.300000 39.600000
vt 0.015625 0.769531
vt 0.230469 0.984375
vt 0.015625 0.984375
vn 0.000000 0.000000 1.000000
g flavour_button_0
usemtl details
f 1804/1804/602 1805/1805/602 1806/1806/602
v -13.250000 -17.300000 38.200000
v -10.750000 -17.300000 38.200000
v -10.750000 -18.200000 38.200000
vt 0.015625 0.769531
vt 0.230469 0.769531
vt 0.230469 0.984375
vn 0.000000 0.000000 -1.000000
g flavour_button_0
usemtl details
f 1807/1807/603 1808/1808/603 1809/1809/603
v -13.250000 -17.300000 38.200000
v -10.750000 -18.200000 38.200000
v -13.250000 -18.200000 38.200000
vt 0.015625 0.769531
vt 0.230469 0.984375
vt 0.015625 0.984375
vn 0.000000 0.000000 -1.000000
g flavour_button_0
usemtl details
f 1810/1810/604 1811/1811/604 1812/1812/604
v -7.700000 -17.400000 37.800000
v -4.300000 -17.400000 37.800000
v -4.300000 -17.400000 40.000000
vt 0.265625 0.769531
vt 0.480469 0.769531
vt 0.480469 0.984375
vn 0.000000 -1.000000 0.000000
g flavour_button_mount_1
usemtl details
f 1813/1813/605 1814/1814/605 1815/1815/605
v -7.700000 -17.400000 37.800000
v -4.300000 -17.400000 40.000000
v -7.700000 -17.400000 40.000000
vt 0.265625 0.769531
vt 0.480469 0.984375
vt 0.265625 0.984375
vn 0.000000 -1.000000 0.000000
g flavour_button_mount_1
usemtl details
f 1816/1816/606 1817/1817/606 1818/1818/606
v -4.300000 -14.000000 37.800000
v -7.700000 -14.000000 37.800000
v -7.700000 -14.000000 40.000000
vt 0.265625 0.769531
vt 0.480469 0.769531
vt 0.480469 0.984375
vn 0.000000 1.000000 0.000000
g flavour_button_mount_1
usemtl details
f 1819/1819/607 1820/1820/607 1821/1821/607
v -4.300000 -14.000000 37.800000
v -7.700000 -14.000000 40.000000
v -4.300000 -14.000000 40.000000
vt 0.265625 0.769531
vt 0.480469 0.984375
vt 0.265625 0.984375
vn 0.000000 1.000000 -0.000000
g flavour_button_mount_1
usemtl details
f 1822/1822/608 1823/1823/608 1824/1824/608
v -7.700000 -14.000000 37.800000
v -7.700000 -17.400000 37.800000
v -7.700000 -17.400000 40.000000
vt 0.265625 0.769531
vt 0.480469 0.769531
vt 0.480469 0.984375
vn -1.000000 0.000000 0.000000
g flavour_button_mount_1
usemtl details
f 1825/1825/609 1826/1826/609 1827/1827/609
v -7.700000 -14.000000 37.800000
v -7.700000 -17.400000 40.000000
v -7.700000 -14.000000 40.000000
vt 0.265625 0.769531
vt 0.480469 0.984375
vt 0.265625 0.984375
vn -1.000000 0.000000 0.000000
g flavour_button_mount_1
usemtl details
f 1828/1828/610 1829/1829/610 1830/1830/610
v -4.300000 -17.400000 37.800000
v -4.300000 -14.000000 37.800000
v -4.300000 -14.000000 40.000000
vt 0.265625 0.769531
vt 0.480469 0.769531
vt 0.480469 0.984375
vn 1.000000 0.000000 0.000000
g flavour_button_mount_1
usemtl details
f 1831/1831/611 1832/1832/611 1833/1833/611
v -4.300000 -17.400000 37.800000
v -4.300000 -14.000000 40.000000
v -4.300000 -17.400000 40.000000
vt 0.265625 0.769531
vt 0.480469 0.984375
vt 0.265625 0.984375
vn 1.000000 0.000000 0.000000
g flavour_button_mount_1
usemtl details
f 1834/1834/612 1835/1835/612 1836/1836/612
v -7.700000 -17.400000 40.000000
v -4.300000 -17.400000 40.000000
v -4.300000 -14.000000 40.000000
vt 0.265625 0.769531
vt 0.480469 0.769531
vt 0.480469 0.984375
vn 0.000000 0.000000 1.000000
g flavour_button_mount_1
usemtl details
f 1837/1837/613 1838/1838/613 1839/1839/613
v -7.700000 -17.400000 40.000000
v -4.300000 -14.000000 40.000000
v -7.700000 -14.000000 40.000000
vt 0.265625 0.769531
vt 0.480469 0.984375
vt 0.265625 0.984375
vn 0.000000 0.000000 1.000000
g flavour_button_mount_1
usemtl details
f 1840/1840/614 1841/1841/614 1842/1842/614
v -7.700000 -14.000000 37.800000
v -4.300000 -14.000000 37.800000
v -4.300000 -17.400000 37.800000
vt 0.265625 0.769531
vt 0.480469 0.769531
vt 0.480469 0.984375
vn 0.000000 0.000000 -1.000000
g flavour_button_mount_1
usemtl details
f 1843/1843/615 1844/1844/615 1845/1845/615
v -7.700000 -14.000000 37.800000
v -4.300000 -17.400000 37.800000
v -7.700000 -17.400000 37.800000
vt 0.265625 0.769531
vt 0.480469 0.984375
vt 0.265625 0.984375
vn 0.000000 0.000000 -1.000000
g flavour_button_mount_1
usemtl details
f 1846/1846/616 1847/1847/616 1848/1848/616
v -7.250000 -18.200000 38.200000
v -4.750000 -18.200000 38.200000
v -4.750000 -18.200000 39.600000
vt 0.015625 0.769531
vt 0.230469 0.769531
vt 0.230469 0.984375
vn 0.000000 -1.000000 0.000000
g flavour_button_1
usemtl details
f 1849/1849/617 1850/1850/617 1851/1851/617
v -7.250000 -18.200000 38.200000
v -4.750000 -18.200000 39.600000
v -7.250000 -18.200000 39.600000
vt 0.015625 0.769531
vt 0.230469 0.984375
vt 0.015625 0.984375
vn 0.000000 -1.000000 0.000000
g flavour_button_1
usemtl details
f 1852/1852/618 1853/1853/618 1854/1854/618
v -4.750000 -17.300000 38.200000
v -7.250000 -17.300000 38.200000
v -7.250000 -17.300000 39.600000
vt 0.015625 0.769531
vt 0.230469 0.769531
vt 0.230469 0.984375
vn 0.000000 1.000000 0.000000
g flavour_button_1
usemtl details
f 1855/1855/619 1856/1856/619 1857/1857/619
v -4.750000 -17.300000 38.200000
v -7.250000 -17.300000 39.600000
v -4.750000 -17.300000 39.600000
vt 0.015625 0.769531
vt 0.230469 0.984375
vt 0.015625 0.984375
vn 0.000000 1.000000 -0.000000
g flavour_button_1
usemtl details
f 1858/1858/620 1859/1859/620 1860/1860/620
v -7.250000 -17.300000 38.200000
v -7.250000 -18.200000 38.200000
v -7.250000 -18.200000 39.600000
vt 0.015625 0.769531
vt 0.230469 0.769531
vt 0.230469 0.984375
vn -1.000000 0.000000 0.000000
g flavour_button_1
usemtl details
f 1861/1861/621 1862/1862/621 1863/1863/621
v -7.250000 -17.300000 38.200000
v -7.250000 -18.200000 39.600000
v -7.250000 -17.300000 39.600000
vt 0.015625 0.769531
vt 0.230469 0.984375
vt 0.015625 0.984375
vn -1.000000 0.000000 0.000000
g flavour_button_1
usemtl details
f 1864/1864/622 1865/1865/622 1866/1866/622
v -4.750000 -18.200000 38.200000
v -4.750000 -17.300000 38.200000
v -4.750000 -17.300000 39.600000
vt 0.015625 0.769531
vt 0.230469 0.769531
vt 0.230469 0.984375
vn 1.000000 0.000000 0.000000
g flavour_button_1
usemtl details
f 1867/1867/623 1868/1868/623 1869/1869/623
v -4.750000 -18.200000 38.200000
v -4.750000 -17.300000 39.600000
v -4.750000 -18.200000 39.600000
vt 0.015625 0.769531
vt 0.230469 0.984375
vt 0.015625 0.984375
vn 1.000000 0.000000 0.000000
g flavour_button_1
usemtl details
f 1870/1870/624 1871/1871/624 1872/1872/624
v -7.250000 -18.200000 39.600000
v -4.750000 -18.200000 39.600000
v -4.750000 -17.300000 39.600000
vt 0.015625 0.769531
vt 0.230469 0.769531
vt 0.230469 0.984375
vn 0.000000 0.000000 1.000000
g flavour_button_1
usemtl details
f 1873/1873/625 1874/1874/625 1875/1875/625
v -7.250000 -18.200000 39.600000
v -4.750000 -17.300000 39.600000
v -7.250000 -17.300000 39.600000
vt 0.015625 0.769531
vt 0.230469 0.984375
vt 0.015625 0.984375
vn 0.000000 0.000000 1.000000
g flavour_button_1
usemtl details
f 1876/1876/626 1877/1877/626 1878/1878/626
v -7.250000 -17.300000 38.200000
v -4.750000 -17.300000 38.200000
v -4.750000 -18.200000 38.200000
vt 0.015625 0.769531
vt 0.230469 0.769531
vt 0.230469 0.984375
vn 0.000000 0.000000 -1.000000
g flavour_button_1
usemtl details
f 1879/1879/627 1880/1880/627 1881/1881/627
v -7.250000 -17.300000 38.200000
v -4.750000 -18.200000 38.200000
v -7.250000 -18.200000 38.200000
vt 0.015625 0.769531
vt 0.230469 0.984375
vt 0.015625 0.984375
vn 0.000000 0.000000 -1.000000
g flavour_button_1
usemtl details
f 1882/1882/628 1883/1883/628 1884/1884/628
v -1.700000 -17.400000 37.800000
v 1.700000 -17.400000 37.800000
v 1.700000 -17.400000 40.000000
vt 0.265625 0.769531
vt 0.480469 0.769531
vt 0.480469 0.984375
vn 0.000000 -1.000000 0.000000
g flavour_button_mount_2
usemtl details
f 1885/1885/629 1886/1886/629 1887/1887/629
v -1.700000 -17.400000 37.800000
v 1.700000 -17.400000 40.000000
v -1.700000 -17.400000 40.000000
vt 0.265625 0.769531
vt 0.480469 0.984375
vt 0.265625 0.984375
vn 0.000000 -1.000000 0.000000
g flavour_button_mount_2
usemtl details
f 1888/1888/630 1889/1889/630 1890/1890/630
v 1.700000 -14.000000 37.800000
v -1.700000 -14.000000 37.800000
v -1.700000 -14.000000 40.000000
vt 0.265625 0.769531
vt 0.480469 0.769531
vt 0.480469 0.984375
vn 0.000000 1.000000 0.000000
g flavour_button_mount_2
usemtl details
f 1891/1891/631 1892/1892/631 1893/1893/631
v 1.700000 -14.000000 37.800000
v -1.700000 -14.000000 40.000000
v 1.700000 -14.000000 40.000000
vt 0.265625 0.769531
vt 0.480469 0.984375
vt 0.265625 0.984375
vn 0.000000 1.000000 -0.000000
g flavour_button_mount_2
usemtl details
f 1894/1894/632 1895/1895/632 1896/1896/632
v -1.700000 -14.000000 37.800000
v -1.700000 -17.400000 37.800000
v -1.700000 -17.400000 40.000000
vt 0.265625 0.769531
vt 0.480469 0.769531
vt 0.480469 0.984375
vn -1.000000 0.000000 0.000000
g flavour_button_mount_2
usemtl details
f 1897/1897/633 1898/1898/633 1899/1899/633
v -1.700000 -14.000000 37.800000
v -1.700000 -17.400000 40.000000
v -1.700000 -14.000000 40.000000
vt 0.265625 0.769531
vt 0.480469 0.984375
vt 0.265625 0.984375
vn -1.000000 0.000000 0.000000
g flavour_button_mount_2
usemtl details
f 1900/1900/634 1901/1901/634 1902/1902/634
v 1.700000 -17.400000 37.800000
v 1.700000 -14.000000 37.800000
v 1.700000 -14.000000 40.000000
vt 0.265625 0.769531
vt 0.480469 0.769531
vt 0.480469 0.984375
vn 1.000000 0.000000 0.000000
g flavour_button_mount_2
usemtl details
f 1903/1903/635 1904/1904/635 1905/1905/635
v 1.700000 -17.400000 37.800000
v 1.700000 -14.000000 40.000000
v 1.700000 -17.400000 40.000000
vt 0.265625 0.769531
vt 0.480469 0.984375
vt 0.265625 0.984375
vn 1.000000 0.000000 0.000000
g flavour_button_mount_2
usemtl details
f 1906/1906/636 1907/1907/636 1908/1908/636
v -1.700000 -17.400000 40.000000
v 1.700000 -17.400000 40.000000
v 1.700000 -14.000000 40.000000
vt 0.265625 0.769531
vt 0.480469 0.769531
vt 0.480469 0.984375
vn 0.000000 0.000000 1.000000
g flavour_button_mount_2
usemtl details
f 1909/1909/637 1910/1910/637 1911/1911/637
v -1.700000 -17.400000 40.000000
v 1.700000 -14.000000 40.000000
v -1.700000 -14.000000 40.000000
vt 0.265625 0.769531
vt 0.480469 0.984375
vt 0.265625 0.984375
vn 0.000000 0.000000 1.000000
g flavour_button_mount_2
usemtl details
f 1912/1912/638 1913/1913/638 1914/1914/638
v -1.700000 -14.000000 37.800000
v 1.700000 -14.000000 37.800000
v 1.700000 -17.400000 37.800000
vt 0.265625 0.769531
vt 0.480469 0.769531
vt 0.480469 0.984375
vn 0.000000 0.000000 -1.000000
g flavour_button_mount_2
usemtl details
f 1915/1915/639 1916/1916/639 1917/1917/639
v -1.700000 -14.000000 37.800000
v 1.700000 -17.400000 37.800000
v -1.700000 -17.400000 37.800000
vt 0.265625 0.769531
vt 0.480469 0.984375
vt 0.265625 0.984375
vn 0.000000 0.000000 -1.000000
g flavour_button_mount_2
usemtl details
f 1918/1918/640 1919/1919/640 1920/1920/640
v -1.250000 -18.200000 38.200000
v 1.250000 -18.200000 38.200000
v 1.250000 -18.200000 39.600000
vt 0.015625 0.769531
vt 0.230469 0.769531
vt 0.230469 0.984375
vn 0.000000 -1.000000 0.000000
g flavour_button_2
usemtl details
f 1921/1921/641 1922/1922/641 1923/1923/641
v -1.250000 -18.200000 38.200000
v 1.250000 -18.200000 39.600000
v -1.250000 -18.200000 39.600000
vt 0.015625 0.769531
vt 0.230469 0.984375
vt 0.015625 0.984375
vn 0.000000 -1.000000 0.000000
g flavour_button_2
usemtl details
f 1924/1924/642 1925/1925/642 1926/1926/642
v 1.250000 -17.300000 38.200000
v -1.250000 -17.300000 38.200000
v -1.250000 -17.300000 39.600000
vt 0.015625 0.769531
vt 0.230469 0.769531
vt 0.230469 0.984375
vn 0.000000 1.000000 0.000000
g flavour_button_2
usemtl details
f 1927/1927/643 1928/1928/643 1929/1929/643
v 1.250000 -17.300000 38.200000
v -1.250000 -17.300000 39.600000
v 1.250000 -17.300000 39.600000
vt 0.015625 0.769531
vt 0.230469 0.984375
vt 0.015625 0.984375
vn 0.000000 1.000000 -0.000000
g flavour_button_2
usemtl details
f 1930/1930/644 1931/1931/644 1932/1932/644
v -1.250000 -17.300000 38.200000
v -1.250000 -18.200000 38.200000
v -1.250000 -18.200000 39.600000
vt 0.015625 0.769531
vt 0.230469 0.769531
vt 0.230469 0.984375
vn -1.000000 0.000000 0.000000
g flavour_button_2
usemtl details
f 1933/1933/645 1934/1934/645 1935/1935/645
v -1.250000 -17.300000 38.200000
v -1.250000 -18.200000 39.600000
v -1.250000 -17.300000 39.600000
vt 0.015625 0.769531
vt 0.230469 0.984375
vt 0.015625 0.984375
vn -1.000000 0.000000 0.000000
g flavour_button_2
usemtl details
f 1936/1936/646 1937/1937/646 1938/1938/646
v 1.250000 -18.200000 38.200000
v 1.250000 -17.300000 38.200000
v 1.250000 -17.300000 39.600000
vt 0.015625 0.769531
vt 0.230469 0.769531
vt 0.230469 0.984375
vn 1.000000 0.000000 0.000000
g flavour_button_2
usemtl details
f 1939/1939/647 1940/1940/647 1941/1941/647
v 1.250000 -18.200000 38.200000
v 1.250000 -17.300000 39.600000
v 1.250000 -18.200000 39.600000
vt 0.015625 0.769531
vt 0.230469 0.984375
vt 0.015625 0.984375
vn 1.000000 0.000000 0.000000
g flavour_button_2
usemtl details
f 1942/1942/648 1943/1943/648 1944/1944/648
v -1.250000 -18.200000 39.600000
v 1.250000 -18.200000 39.600000
v 1.250000 -17.300000 39.600000
vt 0.015625 0.769531
vt 0.230469 0.769531
vt 0.230469 0.984375
vn 0.000000 0.000000 1.000000
g flavour_button_2
usemtl details
f 1945/1945/649 1946/1946/649 1947/1947/649
v -1.250000 -18.200000 39.600000
v 1.250000 -17.300000 39.600000
v -1.250000 -17.300000 39.600000
vt 0.015625 0.769531
vt 0.230469 0.984375
vt 0.015625 0.984375
vn 0.000000 0.000000 1.000000
g flavour_button_2
usemtl details
f 1948/1948/650 1949/1949/650 1950/1950/650
v -1.250000 -17.300000 38.200000
v 1.250000 -17.300000 38.200000
v 1.250000 -18.200000 38.200000
vt 0.015625 0.769531
vt 0.230469 0.769531
vt 0.230469 0.984375
vn 0.000000 0.000000 -1.000000
g flavour_button_2
usemtl details
f 1951/1951/651 1952/1952/651 1953/1953/651
v -1.250000 -17.300000 38.200000
v 1.250000 -18.200000 38.200000
v -1.250000 -18.200000 38.200000
vt 0.015625 0.769531
vt 0.230469 0.984375
vt 0.015625 0.984375
vn 0.000000 0.000000 -1.000000
g flavour_button_2
usemtl details
f 1954/1954/652 1955/1955/652 1956/1956/652
v 4.300000 -17.400000 37.800000
v 7.700000 -17.400000 37.800000
v 7.700000 -17.400000 40.000000
vt 0.265625 0.769531
vt 0.480469 0.769531
vt 0.480469 0.984375
vn 0.000000 -1.000000 0.000000
g flavour_button_mount_3
usemtl details
f 1957/1957/653 1958/1958/653 1959/1959/653
v 4.300000 -17.400000 37.800000
v 7.700000 -17.400000 40.000000
v 4.300000 -17.400000 40.000000
vt 0.265625 0.769531
vt 0.480469 0.984375
vt 0.265625 0.984375
vn 0.000000 -1.000000 0.000000
g flavour_button_mount_3
usemtl details
f 1960/1960/654 1961/1961/654 1962/1962/654
v 7.700000 -14.000000 37.800000
v 4.300000 -14.000000 37.800000
v 4.300000 -14.000000 40.000000
vt 0.265625 0.769531
vt 0.480469 0.769531
vt 0.480469 0.984375
vn 0.000000 1.000000 0.000000
g flavour_button_mount_3
usemtl details
f 1963/1963/655 1964/1964/655 1965/1965/655
v 7.700000 -14.000000 37.800000
v 4.300000 -14.000000 40.000000
v 7.700000 -14.000000 40.000000
vt 0.265625 0.769531
vt 0.480469 0.984375
vt 0.265625 0.984375
vn 0.000000 1.000000 -0.000000
g flavour_button_mount_3
usemtl details
f 1966/1966/656 1967/1967/656 1968/1968/656
v 4.300000 -14.000000 37.800000
v 4.300000 -17.400000 37.800000
v 4.300000 -17.400000 40.000000
vt 0.265625 0.769531
vt 0.480469 0.769531
vt 0.480469 0.984375
vn -1.000000 0.000000 0.000000
g flavour_button_mount_3
usemtl details
f 1969/1969/657 1970/1970/657 1971/1971/657
v 4.300000 -14.000000 37.800000
v 4.300000 -17.400000 40.000000
v 4.300000 -14.000000 40.000000
vt 0.265625 0.769531
vt 0.480469 0.984375
vt 0.265625 0.984375
vn -1.000000 0.000000 0.000000
g flavour_button_mount_3
usemtl details
f 1972/1972/658 1973/1973/658 1974/1974/658
v 7.700000 -17.400000 37.800000
v 7.700000 -14.000000 37.800000
v 7.700000 -14.000000 40.000000
vt 0.265625 0.769531
vt 0.480469 0.769531
vt 0.480469 0.984375
vn 1.000000 0.000000 0.000000
g flavour_button_mount_3
usemtl details
f 1975/1975/659 1976/1976/659 1977/1977/659
v 7.700000 -17.400000 37.800000
v 7.700000 -14.000000 40.000000
v 7.700000 -17.400000 40.000000
vt 0.265625 0.769531
vt 0.480469 0.984375
vt 0.265625 0.984375
vn 1.000000 0.000000 0.000000
g flavour_button_mount_3
usemtl details
f 1978/1978/660 1979/1979/660 1980/1980/660
v 4.300000 -17.400000 40.000000
v 7.700000 -17.400000 40.000000
v 7.700000 -14.000000 40.000000
vt 0.265625 0.769531
vt 0.480469 0.769531
vt 0.480469 0.984375
vn 0.000000 0.000000 1.000000
g flavour_button_mount_3
usemtl details
f 1981/1981/661 1982/1982/661 1983/1983/661
v 4.300000 -17.400000 40.000000
v 7.700000 -14.000000 40.000000
v 4.300000 -14.000000 40.000000
vt 0.265625 0.769531
vt 0.480469 0.984375
vt 0.265625 0.984375
vn 0.000000 0.000000 1.000000
g flavour_button_mount_3
usemtl details
f 1984/1984/662 1985/1985/662 1986/1986/662
v 4.300000 -14.000000 37.800000
v 7.700000 -14.000000 37.800000
v 7.700000 -17.400000 37.800000
vt 0.265625 0.769531
vt 0.480469 0.769531
vt 0.480469 0.984375
vn 0.000000 0.000000 -1.000000
g flavour_button_mount_3
usemtl details
f 1987/1987/663 1988/1988/663 1989/1989/663
v 4.300000 -14.000000 37.800000
v 7.700000 -17.400000 37.800000
v 4.300000 -17.400000 37.800000
vt 0.265625 0.769531
vt 0.480469 0.984375
vt 0.265625 0.984375
vn 0.000000 0.000000 -1.000000
g flavour_button_mount_3
usemtl details
f 1990/1990/664 1991/1991/664 1992/1992/664
v 4.750000 -18.200000 38.200000
v 7.250000 -18.200000 38.200000
v 7.250000 -18.200000 39.600000
vt 0.015625 0.769531
vt 0.230469 0.769531
vt 0.230469 0.984375
vn 0.000000 -1.000000 0.000000
g flavour_button_3
usemtl details
f 1993/1993/665 1994/1994/665 1995/1995/665
v 4.750000 -18.200000 38.200000
v 7.250000 -18.200000 39.600000
v 4.750000 -18.200000 39.600000
vt 0.015625 0.769531
vt 0.230469 0.984375
vt 0.015625 0.984375
vn 0.000000 -1.000000 0.000000
g flavour_button_3
usemtl details
f 1996/1996/666 1997/1997/666 1998/1998/666
v 7.250000 -17.300000 38.200000
v 4.750000 -17.300000 38.200000
v 4.750000 -17.300000 39.600000
vt 0.015625 0.769531
vt 0.230469 0.769531
vt 0.230469 0.984375
vn 0.000000 1.000000 0.000000
g flavour_button_3
usemtl details
f 1999/1999/667 2000/2000/667 2001/2001/667
v 7.250000 -17.300000 38.200000
v 4.750000 -17.300000 39.600000
v 7.250000 -17.300000 39.600000
vt 0.015625 0.769531
vt 0.230469 0.984375
vt 0.015625 0.984375
vn 0.000000 1.000000 -0.000000
g flavour_button_3
usemtl details
f 2002/2002/668 2003/2003/668 2004/2004/668
v 4.750000 -17.300000 38.200000
v 4.750000 -18.200000 38.200000
v 4.750000 -18.200000 39.600000
vt 0.015625 0.769531
vt 0.230469 0.769531
vt 0.230469 0.984375
vn -1.000000 0.000000 0.000000
g flavour_button_3
usemtl details
f 2005/2005/669 2006/2006/669 2007/2007/669
v 4.750000 -17.300000 38.200000
v 4.750000 -18.200000 39.600000
v 4.750000 -17.300000 39.600000
vt 0.015625 0.769531
vt 0.230469 0.984375
vt 0.015625 0.984375
vn -1.000000 0.000000 0.000000
g flavour_button_3
usemtl details
f 2008/2008/670 2009/2009/670 2010/2010/670
v 7.250000 -18.200000 38.200000
v 7.250000 -17.300000 38.200000
v 7.250000 -17.300000 39.600000
vt 0.015625 0.769531
vt 0.230469 0.769531
vt 0.230469 0.984375
vn 1.000000 0.000000 0.000000
g flavour_button_3
usemtl details
f 2011/2011/671 2012/2012/671 2013/2013/671
v 7.250000 -18.200000 38.200000
v 7.250000 -17.300000 39.600000
v 7.250000 -18.200000 39.600000
vt 0.015625 0.769531
vt 0.230469 0.984375
vt 0.015625 0.984375
vn 1.000000 0.000000 0.000000
g flavour_button_3
usemtl details
f 2014/2014/672 2015/2015/672 2016/2016/672
v 4.750000 -18.200000 39.600000
v 7.250000 -18.200000 39.600000
v 7.250000 -17.300000 39.600000
vt 0.015625 0.769531
vt 0.230469 0.769531
vt 0.230469 0.984375
vn 0.000000 0.000000 1.000000
g flavour_button_3
usemtl details
f 2017/2017/673 2018/2018/673 2019/2019/673
v 4.750000 -18.200000 39.600000
v 7.250000 -17.300000 39.600000
v 4.750000 -17.300000 39.600000
vt 0.015625 0.769531
vt 0.230469 0.984375
vt 0.015625 0.984375
vn 0.000000 0.000000 1.000000
g flavour_button_3
usemtl details
f 2020/2020/674 2021/2021/674 2022/2022/674
v 4.750000 -17.300000 38.200000
v 7.250000 -17.300000 38.200000
v 7.250000 -18.200000 38.200000
vt 0.015625 0.769531
vt 0.230469 0.769531
vt 0.230469 0.984375
vn 0.000000 0.000000 -1.000000
g flavour_button_3
usemtl details
f 2023/2023/675 2024/2024/675 2025/2025/675
v 4.750000 -17.300000 38.200000
v 7.250000 -18.200000 38.200000
v 4.750000 -18.200000 38.200000
vt 0.015625 0.769531
vt 0.230469 0.984375
vt 0.015625 0.984375
vn 0.000000 0.000000 -1.000000
g flavour_button_3
usemtl details
f 2026/2026/676 2027/2027/676 2028/2028/676
v 10.300000 -17.400000 37.800000
v 13.700000 -17.400000 37.800000
v 13.700000 -17.400000 40.000000
vt 0.265625 0.769531
vt 0.480469 0.769531
vt 0.480469 0.984375
vn 0.000000 -1.000000 0.000000
g flavour_button_mount_4
usemtl details
f 2029/2029/677 2030/2030/677 2031/2031/677
v 10.300000 -17.400000 37.800000
v 13.700000 -17.400000 40.000000
v 10.300000 -17.400000 40.000000
vt 0.265625 0.769531
vt 0.480469 0.984375
vt 0.265625 0.984375
vn 0.000000 -1.000000 0.000000
g flavour_button_mount_4
usemtl details
f 2032/2032/678 2033/2033/678 2034/2034/678
v 13.700000 -14.000000 37.800000
v 10.300000 -14.000000 37.800000
v 10.300000 -14.000000 40.000000
vt 0.265625 0.769531
vt 0.480469 0.769531
vt 0.480469 0.984375
vn 0.000000 1.000000 0.000000
g flavour_button_mount_4
usemtl details
f 2035/2035/679 2036/2036/679 2037/2037/679
v 13.700000 -14.000000 37.800000
v 10.300000 -14.000000 40.000000
v 13.700000 -14.000000 40.000000
vt 0.265625 0.769531
vt 0.480469 0.984375
vt 0.265625 0.984375
vn 0.000000 1.000000 -0.000000
g flavour_button_mount_4
usemtl details
f 2038/2038/680 2039/2039/680 2040/2040/680
v 10.300000 -14.000000 37.800000
v 10.300000 -17.400000 37.800000
v 10.300000 -17.400000 40.000000
vt 0.265625 0.769531
vt 0.480469 0.769531
vt 0.480469 0.984375
vn -1.000000 0.000000 0.000000
g flavour_button_mount_4
usemtl details
f 2041/2041/681 2042/2042/681 2043/2043/681
v 10.300000 -14.000000 37.800000
v 10.300000 -17.400000 40.000000
v 10.300000 -14.000000 40.000000
vt 0.265625 0.769531
vt 0.480469 0.984375
vt 0.265625 0.984375
vn -1.000000 0.000000 0.000000
g flavour_button_mount_4
usemtl details
f 2044/2044/682 2045/2045/682 2046/2046/682
v 13.700000 -17.400000 37.800000
v 13.700000 -14.000000 37.800000
v 13.700000 -14.000000 40.000000
vt 0.265625 0.769531
vt 0.480469 0.769531
vt 0.480469 0.984375
vn 1.000000 0.000000 0.000000
g flavour_button_mount_4
usemtl details
f 2047/2047/683 2048/2048/683 2049/2049/683
v 13.700000 -17.400000 37.800000
v 13.700000 -14.000000 40.000000
v 13.700000 -17.400000 40.000000
vt 0.265625 0.769531
vt 0.480469 0.984375
vt 0.265625 0.984375
vn 1.000000 0.000000 0.000000
g flavour_button_mount_4
usemtl details
f 2050/2050/684 2051/2051/684 2052/2052/684
v 10.300000 -17.400000 40.000000
v 13.700000 -17.400000 40.000000
v 13.700000 -14.000000 40.000000
vt 0.265625 0.769531
vt 0.480469 0.769531
vt 0.480469 0.984375
vn 0.000000 0.000000 1.000000
g flavour_button_mount_4
usemtl details
f 2053/2053/685 2054/2054/685 2055/2055/685
v 10.300000 -17.400000 40.000000
v 13.700000 -14.000000 40.000000
v 10.300000 -14.000000 40.000000
vt 0.265625 0.769531
vt 0.480469 0.984375
vt 0.265625 0.984375
vn 0.000000 0.000000 1.000000
g flavour_button_mount_4
usemtl details
f 2056/2056/686 2057/2057/686 2058/2058/686
v 10.300000 -14.000000 37.800000
v 13.700000 -14.000000 37.800000
v 13.700000 -17.400000 37.800000
vt 0.265625 0.769531
vt 0.480469 0.769531
vt 0.480469 0.984375
vn 0.000000 0.000000 -1.000000
g flavour_button_mount_4
usemtl details
f 2059/2059/687 2060/2060/687 2061/2061/687
v 10.300000 -14.000000 37.800000
v 13.700000 -17.400000 37.800000
v 10.300000 -17.400000 37.800000
vt 0.265625 0.769531
vt 0.480469 0.984375
vt 0.265625 0.984375
vn 0.000000 0.000000 -1.000000
g flavour_button_mount_4
usemtl details
f 2062/2062/688 2063/2063/688 2064/2064/688
v 10.750000 -18.200000 38.200000
v 13.250000 -18.200000 38.200000
v 13.250000 -18.200000 39.600000
vt 0.015625 0.769531
vt 0.230469 0.769531
vt 0.230469 0.984375
vn 0.000000 -1.000000 0.000000
g flavour_button_4
usemtl details
f 2065/2065/689 2066/2066/689 2067/2067/689
v 10.750000 -18.200000 38.200000
v 13.250000 -18.200000 39.600000
v 10.750000 -18.200000 39.600000
vt 0.015625 0.769531
vt 0.230469 0.984375
vt 0.015625 0.984375
vn 0.000000 -1.000000 0.000000
g flavour_button_4
usemtl details
f 2068/2068/690 2069/2069/690 2070/2070/690
v 13.250000 -17.300000 38.200000
v 10.750000 -17.300000 38.200000
v 10.750000 -17.300000 39.600000
vt 0.015625 0.769531
vt 0.230469 0.769531
vt 0.230469 0.984375
vn 0.000000 1.000000 0.000000
g flavour_button_4
usemtl details
f 2071/2071/691 2072/2072/691 2073/2073/691
v 13.250000 -17.300000 38.200000
v 10.750000 -17.300000 39.600000
v 13.250000 -17.300000 39.600000
vt 0.015625 0.769531
vt 0.230469 0.984375
vt 0.015625 0.984375
vn 0.000000 1.000000 -0.000000
g flavour_button_4
usemtl details
f 2074/2074/692 2075/2075/692 2076/2076/692
v 10.750000 -17.300000 38.200000
v 10.750000 -18.200000 38.200000
v 10.750000 -18.200000 39.600000
vt 0.015625 0.769531
vt 0.230469 0.769531
vt 0.230469 0.984375
vn -1.000000 0.000000 0.000000
g flavour_button_4
usemtl details
f 2077/2077/693 2078/2078/693 2079/2079/693
v 10.750000 -17.300000 38.200000
v 10.750000 -18.200000 39.600000
v 10.750000 -17.300000 39.600000
vt 0.015625 0.769531
vt 0.230469 0.984375
vt 0.015625 0.984375
vn -1.000000 0.000000 0.000000
g flavour_button_4
usemtl details
f 2080/2080/694 2081/2081/694 2082/2082/694
v 13.250000 -18.200000 38.200000
v 13.250000 -17.300000 38.200000
v 13.250000 -17.300000 39.600000
vt 0.015625 0.769531
vt 0.230469 0.769531
vt 0.230469 0.984375
vn 1.000000 0.000000 0.000000
g flavour_button_4
usemtl details
f 2083/2083/695 2084/2084/695 2085/2085/695
v 13.250000 -18.200000 38.200000
v 13.250000 -17.300000 39.600000
v 13.250000 -18.200000 39.600000
vt 0.015625 0.769531
vt 0.230469 0.984375
vt 0.015625 0.984375
vn 1.000000 0.000000 0.000000
g flavour_button_4
usemtl details
f 2086/2086/696 2087/2087/696 2088/2088/696
v 10.750000 -18.200000 39.600000
v 13.250000 -18.200000 39.600000
v 13.250000 -17.300000 39.600000
vt 0.015625 0.769531
vt 0.230469 0.769531
vt 0.230469 0.984375
vn 0.000000 0.000000 1.000000
g flavour_button_4
usemtl details
f 2089/2089/697 2090/2090/697 2091/2091/697
v 10.750000 -18.200000 39.600000
v 13.250000 -17.300000 39.600000
v 10.750000 -17.300000 39.600000
vt 0.015625 0.769531
vt 0.230469 0.984375
vt 0.015625 0.984375
vn 0.000000 0.000000 1.000000
g flavour_button_4
usemtl details
f 2092/2092/698 2093/2093/698 2094/2094/698
v 10.750000 -17.300000 38.200000
v 13.250000 -17.300000 38.200000
v 13.250000 -18.200000 38.200000
vt 0.015625 0.769531
vt 0.230469 0.769531
vt 0.230469 0.984375
vn 0.000000 0.000000 -1.000000
g flavour_button_4
usemtl details
f 2095/2095/699 2096/2096/699 2097/2097/699
v 10.750000 -17.300000 38.200000
v 13.250000 -18.200000 38.200000
v 10.750000 -18.200000 38.200000
vt 0.015625 0.769531
vt 0.230469 0.984375
vt 0.015625 0.984375
vn 0.000000 0.000000 -1.000000
g flavour_button_4
usemtl details
f 2098/2098/700 2099/2099/700 2100/2100/700
v -1.500000 -3.000000 76.000000
v 1.500000 -3.000000 76.000000
v 1.500000 -3.000000 82.000000
vt 0.015625 0.769531
vt 0.230469 0.769531
vt 0.230469 0.984375
vn 0.000000 -1.000000 0.000000
g sign_support
usemtl details
f 2101/2101/701 2102/2102/701 2103/2103/701
v -1.500000 -3.000000 76.000000
v 1.500000 -3.000000 82.000000
v -1.500000 -3.000000 82.000000
vt 0.015625 0.769531
vt 0.230469 0.984375
vt 0.015625 0.984375
vn 0.000000 -1.000000 0.000000
g sign_support
usemtl details
f 2104/2104/702 2105/2105/702 2106/2106/702
v 1.500000 0.000000 76.000000
v -1.500000 0.000000 76.000000
v -1.500000 0.000000 82.000000
vt 0.015625 0.769531
vt 0.230469 0.769531
vt 0.230469 0.984375
vn 0.000000 1.000000 0.000000
g sign_support
usemtl details
f 2107/2107/703 2108/2108/703 2109/2109/703
v 1.500000 0.000000 76.000000
v -1.500000 0.000000 82.000000
v 1.500000 0.000000 82.000000
vt 0.015625 0.769531
vt 0.230469 0.984375
vt 0.015625 0.984375
vn 0.000000 1.000000 -0.000000
g sign_support
usemtl details
f 2110/2110/704 2111/2111/704 2112/2112/704
v -1.500000 0.000000 76.000000
v -1.500000 -3.000000 76.000000
v -1.500000 -3.000000 82.000000
vt 0.015625 0.769531
vt 0.230469 0.769531
vt 0.230469 0.984375
vn -1.000000 0.000000 0.000000
g sign_support
usemtl details
f 2113/2113/705 2114/2114/705 2115/2115/705
v -1.500000 0.000000 76.000000
v -1.500000 -3.000000 82.000000
v -1.500000 0.000000 82.000000
vt 0.015625 0.769531
vt 0.230469 0.984375
vt 0.015625 0.984375
vn -1.000000 0.000000 0.000000
g sign_support
usemtl details
f 2116/2116/706 2117/2117/706 2118/2118/706
v 1.500000 -3.000000 76.000000
v 1.500000 0.000000 76.000000
v 1.500000 0.000000 82.000000
vt 0.015625 0.769531
vt 0.230469 0.769531
vt 0.230469 0.984375
vn 1.000000 0.000000 0.000000
g sign_support
usemtl details
f 2119/2119/707 2120/2120/707 2121/2121/707
v 1.500000 -3.000000 76.000000
v 1.500000 0.000000 82.000000
v 1.500000 -3.000000 82.000000
vt 0.015625 0.769531
vt 0.230469 0.984375
vt 0.015625 0.984375
vn 1.000000 0.000000 0.000000
g sign_support
usemtl details
f 2122/2122/708 2123/2123/708 2124/2124/708
v -1.500000 -3.000000 82.000000
v 1.500000 -3.000000 82.000000
v 1.500000 0.000000 82.000000
vt 0.015625 0.769531
vt 0.230469 0.769531
vt 0.230469 0.984375
vn 0.000000 0.000000 1.000000
g sign_support
usemtl details
f 2125/2125/709 2126/2126/709 2127/2127/709
v -1.500000 -3.000000 82.000000
v 1.500000 0.000000 82.000000
v -1.500000 0.000000 82.000000
vt 0.015625 0.769531
vt 0.230469 0.984375
vt 0.015625 0.984375
vn 0.000000 0.000000 1.000000
g sign_support
usemtl details
f 2128/2128/710 2129/2129/710 2130/2130/710
v -1.500000 0.000000 76.000000
v 1.500000 0.000000 76.000000
v 1.500000 -3.000000 76.000000
vt 0.015625 0.769531
vt 0.230469 0.769531
vt 0.230469 0.984375
vn 0.000000 0.000000 -1.000000
g sign_support
usemtl details
f 2131/2131/711 2132/2132/711 2133/2133/711
v -1.500000 0.000000 76.000000
v 1.500000 -3.000000 76.000000
v -1.500000 -3.000000 76.000000
vt 0.015625 0.769531
vt 0.230469 0.984375
vt 0.015625 0.984375
vn 0.000000 0.000000 -1.000000
g sign_support
usemtl details
f 2134/2134/712 2135/2135/712 2136/2136/712
v 8.700000 -3.000000 84.500000
v 8.700000 0.000000 84.500000
v 8.037752 0.000000 87.829346
vt 0.015625 0.769531
vt 0.230469 0.769531
vt 0.230469 0.984375
vn 0.980785 -0.000000 0.195090
g round_perk_sign
usemtl details
f 2137/2137/713 2138/2138/713 2139/2139/713
v 8.700000 -3.000000 84.500000
v 8.037752 0.000000 87.829346
v 8.037752 -3.000000 87.829346
vt 0.015625 0.769531
vt 0.230469 0.984375
vt 0.015625 0.984375
vn 0.980785 0.000000 0.195090
g round_perk_sign
usemtl details
f 2140/2140/714 2141/2141/714 2142/2142/714
v 8.050000 -3.050000 84.500000
v 8.700000 -3.050000 84.500000
v 8.037752 -3.050000 87.829346
vt 0.015625 0.769531
vt 0.230469 0.769531
vt 0.230469 0.984375
vn 0.000000 -1.000000 0.000000
g round_perk_sign
usemtl details
f 2143/2143/715 2144/2144/715 2145/2145/715
v 8.050000 -3.050000 84.500000
v 8.037752 -3.050000 87.829346
v 7.437230 -3.050000 87.580602
vt 0.015625 0.769531
vt 0.230469 0.984375
vt 0.015625 0.984375
vn 0.000000 -1.000000 0.000000
g round_perk_sign
usemtl details
f 2146/2146/716 2147/2147/716 2148/2148/716
v 0.000000 -3.080000 84.500000
v 8.050000 -3.080000 84.500000
v 7.437230 -3.080000 87.580602
vt 0.248047 0.501953
vt 0.480469 0.501953
vt 0.462777 0.590897
vn 0.000000 -1.000000 0.000000
g round_perk_sign
usemtl details
f 2149/2149/717 2150/2150/717 2151/2151/717
v 0.000000 0.000000 84.500000
v 8.037752 0.000000 87.829346
v 8.700000 0.000000 84.500000
vt 0.515625 0.769531
vt 0.730469 0.769531
vt 0.730469 0.984375
vn 0.000000 1.000000 0.000000
g round_perk_sign
usemtl details
f 2152/2152/718 2153/2153/718 2154/2154/718
v 8.037752 -3.000000 87.829346
v 8.037752 0.000000 87.829346
v 6.151829 0.000000 90.651829
vt 0.015625 0.769531
vt 0.230469 0.769531
vt 0.230469 0.984375
vn 0.831470 -0.000000 0.555570
g round_perk_sign
usemtl details
f 2155/2155/719 2156/2156/719 2157/2157/719
v 8.037752 -3.000000 87.829346
v 6.151829 0.000000 90.651829
v 6.151829 -3.000000 90.651829
vt 0.015625 0.769531
vt 0.230469 0.984375
vt 0.015625 0.984375
vn 0.831470 0.000000 0.555570
g round_perk_sign
usemtl details
f 2158/2158/720 2159/2159/720 2160/2160/720
v 7.437230 -3.050000 87.580602
v 8.037752 -3.050000 87.829346
v 6.151829 -3.050000 90.651829
vt 0.015625 0.769531
vt 0.230469 0.769531
vt 0.230469 0.984375
vn 0.000000 -1.000000 0.000000
g round_perk_sign
usemtl details
f 2161/2161/721 2162/2162/721 2163/2163/721
v 7.437230 -3.050000 87.580602
v 6.151829 -3.050000 90.651829
v 5.692210 -3.050000 90.192210
vt 0.015625 0.769531
vt 0.230469 0.984375
vt 0.015625 0.984375
vn 0.000000 -1.000000 0.000000
g round_perk_sign
usemtl details
f 2164/2164/722 2165/2165/722 2166/2166/722
v 0.000000 -3.080000 84.500000
v 7.437230 -3.080000 87.580602
v 5.692210 -3.080000 90.192210
vt 0.248047 0.501953
vt 0.462777 0.590897
vt 0.412394 0.666300
vn 0.000000 -1.000000 0.000000
g round_perk_sign
usemtl details
f 2167/2167/723 2168/2168/723 2169/2169/723
v 0.000000 0.000000 84.500000
v 6.151829 0.000000 90.651829
v 8.037752 0.000000 87.829346
vt 0.515625 0.769531
vt 0.730469 0.769531
vt 0.730469 0.984375
vn 0.000000 1.000000 0.000000
g round_perk_sign
usemtl details
f 2170/2170/724 2171/2171/724 2172/2172/724
v 6.151829 -3.000000 90.651829
v 6.151829 0.000000 90.651829
v 3.329346 0.000000 92.537752
vt 0.015625 0.769531
vt 0.230469 0.769531
vt 0.230469 0.984375
vn 0.555570 -0.000000 0.831470
g round_perk_sign
usemtl details
f 2173/2173/725 2174/2174/725 2175/2175/725
v 6.151829 -3.000000 90.651829
v 3.329346 0.000000 92.537752
v 3.329346 -3.000000 92.537752
vt 0.015625 0.769531
vt 0.230469 0.984375
vt 0.015625 0.984375
vn 0.555570 0.000000 0.831470
g round_perk_sign
usemtl details
f 2176/2176/726 2177/2177/726 2178/2178/726
v 5.692210 -3.050000 90.192210
v 6.151829 -3.050000 90.651829
v 3.329346 -3.050000 92.537752
vt 0.015625 0.769531
vt 0.230469 0.769531
vt 0.230469 0.984375
vn 0.000000 -1.000000 0.000000
g round_perk_sign
usemtl details
f 2179/2179/727 2180/2180/727 2181/2181/727
v 5.692210 -3.050000 90.192210
v 3.329346 -3.050000 92.537752
v 3.080602 -3.050000 91.937230
vt 0.015625 0.769531
vt 0.230469 0.984375
vt 0.015625 0.984375
vn 0.000000 -1.000000 0.000000
g round_perk_sign
usemtl details
f 2182/2182/728 2183/2183/728 2184/2184/728
v 0.000000 -3.080000 84.500000
v 5.692210 -3.080000 90.192210
v 3.080602 -3.080000 91.937230
vt 0.248047 0.501953
vt 0.412394 0.666300
vt 0.336991 0.716683
vn 0.000000 -1.000000 0.000000
g round_perk_sign
usemtl details
f 2185/2185/729 2186/2186/729 2187/2187/729
v 0.000000 0.000000 84.500000
v 3.329346 0.000000 92.537752
v 6.151829 0.000000 90.651829
vt 0.515625 0.769531
vt 0.730469 0.769531
vt 0.730469 0.984375
vn 0.000000 1.000000 0.000000
g round_perk_sign
usemtl details
f 2188/2188/730 2189/2189/730 2190/2190/730
v 3.329346 -3.000000 92.537752
v 3.329346 0.000000 92.537752
v 0.000000 0.000000 93.200000
vt 0.015625 0.769531
vt 0.230469 0.769531
vt 0.230469 0.984375
vn 0.195090 -0.000000 0.980785
g round_perk_sign
usemtl details
f 2191/2191/731 2192/2192/731 2193/2193/731
v 3.329346 -3.000000 92.537752
v 0.000000 0.000000 93.200000
v 0.000000 -3.000000 93.200000
vt 0.015625 0.769531
vt 0.230469 0.984375
vt 0.015625 0.984375
vn 0.195090 0.000000 0.980785
g round_perk_sign
usemtl details
f 2194/2194/732 2195/2195/732 2196/2196/732
v 3.080602 -3.050000 91.937230
v 3.329346 -3.050000 92.537752
v 0.000000 -3.050000 93.200000
vt 0.015625 0.769531
vt 0.230469 0.769531
vt 0.230469 0.984375
vn 0.000000 -1.000000 0.000000
g round_perk_sign
usemtl details
f 2197/2197/733 2198/2198/733 2199/2199/733
v 3.080602 -3.050000 91.937230
v 0.000000 -3.050000 93.200000
v 0.000000 -3.050000 92.550000
vt 0.015625 0.769531
vt 0.230469 0.984375
vt 0.015625 0.984375
vn 0.000000 -1.000000 0.000000
g round_perk_sign
usemtl details
f 2200/2200/734 2201/2201/734 2202/2202/734
v 0.000000 -3.080000 84.500000
v 3.080602 -3.080000 91.937230
v 0.000000 -3.080000 92.550000
vt 0.248047 0.501953
vt 0.336991 0.716683
vt 0.248047 0.734375
vn 0.000000 -1.000000 0.000000
g round_perk_sign
usemtl details
f 2203/2203/735 2204/2204/735 2205/2205/735
v 0.000000 0.000000 84.500000
v 0.000000 0.000000 93.200000
v 3.329346 0.000000 92.537752
vt 0.515625 0.769531
vt 0.730469 0.769531
vt 0.730469 0.984375
vn 0.000000 1.000000 0.000000
g round_perk_sign
usemtl details
f 2206/2206/736 2207/2207/736 2208/2208/736
v 0.000000 -3.000000 93.200000
v 0.000000 0.000000 93.200000
v -3.329346 0.000000 92.537752
vt 0.015625 0.769531
vt 0.230469 0.769531
vt 0.230469 0.984375
vn -0.195090 0.000000 0.980785
g round_perk_sign
usemtl details
f 2209/2209/737 2210/2210/737 2211/2211/737
v 0.000000 -3.000000 93.200000
v -3.329346 0.000000 92.537752
v -3.329346 -3.000000 92.537752
vt 0.015625 0.769531
vt 0.230469 0.984375
vt 0.015625 0.984375
vn -0.195090 0.000000 0.980785
g round_perk_sign
usemtl details
f 2212/2212/738 2213/2213/738 2214/2214/738
v 0.000000 -3.050000 92.550000
v 0.000000 -3.050000 93.200000
v -3.329346 -3.050000 92.537752
vt 0.015625 0.769531
vt 0.230469 0.769531
vt 0.230469 0.984375
vn -0.000000 -1.000000 0.000000
g round_perk_sign
usemtl details
f 2215/2215/739 2216/2216/739 2217/2217/739
v 0.000000 -3.050000 92.550000
v -3.329346 -3.050000 92.537752
v -3.080602 -3.050000 91.937230
vt 0.015625 0.769531
vt 0.230469 0.984375
vt 0.015625 0.984375
vn 0.000000 -1.000000 0.000000
g round_perk_sign
usemtl details
f 2218/2218/740 2219/2219/740 2220/2220/740
v 0.000000 -3.080000 84.500000
v 0.000000 -3.080000 92.550000
v -3.080602 -3.080000 91.937230
vt 0.248047 0.501953
vt 0.248047 0.734375
vt 0.159103 0.716683
vn 0.000000 -1.000000 0.000000
g round_perk_sign
usemtl details
f 2221/2221/741 2222/2222/741 2223/2223/741
v 0.000000 0.000000 84.500000
v -3.329346 0.000000 92.537752
v 0.000000 0.000000 93.200000
vt 0.515625 0.769531
vt 0.730469 0.769531
vt 0.730469 0.984375
vn 0.000000 1.000000 -0.000000
g round_perk_sign
usemtl details
f 2224/2224/742 2225/2225/742 2226/2226/742
v -3.329346 -3.000000 92.537752
v -3.329346 0.000000 92.537752
v -6.151829 0.000000 90.651829
vt 0.015625 0.769531
vt 0.230469 0.769531
vt 0.230469 0.984375
vn -0.555570 0.000000 0.831470
g round_perk_sign
usemtl details
f 2227/2227/743 2228/2228/743 2229/2229/743
v -3.329346 -3.000000 92.537752
v -6.151829 0.000000 90.651829
v -6.151829 -3.000000 90.651829
vt 0.015625 0.769531
vt 0.230469 0.984375
vt 0.015625 0.984375
vn -0.555570 0.000000 0.831470
g round_perk_sign
usemtl details
f 2230/2230/744 2231/2231/744 2232/2232/744
v -3.080602 -3.050000 91.937230
v -3.329346 -3.050000 92.537752
v -6.151829 -3.050000 90.651829
vt 0.015625 0.769531
vt 0.230469 0.769531
vt 0.230469 0.984375
vn -0.000000 -1.000000 0.000000
g round_perk_sign
usemtl details
f 2233/2233/745 2234/2234/745 2235/2235/745
v -3.080602 -3.050000 91.937230
v -6.151829 -3.050000 90.651829
v -5.692210 -3.050000 90.192210
vt 0.015625 0.769531
vt 0.230469 0.984375
vt 0.015625 0.984375
vn 0.000000 -1.000000 0.000000
g round_perk_sign
usemtl details
f 2236/2236/746 2237/2237/746 2238/2238/746
v 0.000000 -3.080000 84.500000
v -3.080602 -3.080000 91.937230
v -5.692210 -3.080000 90.192210
vt 0.248047 0.501953
vt 0.159103 0.716683
vt 0.083700 0.666300
vn 0.000000 -1.000000 0.000000
g round_perk_sign
usemtl details
f 2239/2239/747 2240/2240/747 2241/2241/747
v 0.000000 0.000000 84.500000
v -6.151829 0.000000 90.651829
v -3.329346 0.000000 92.537752
vt 0.515625 0.769531
vt 0.730469 0.769531
vt 0.730469 0.984375
vn 0.000000 1.000000 0.000000
g round_perk_sign
usemtl details
f 2242/2242/748 2243/2243/748 2244/2244/748
v -6.151829 -3.000000 90.651829
v -6.151829 0.000000 90.651829
v -8.037752 0.000000 87.829346
vt 0.015625 0.769531
vt 0.230469 0.769531
vt 0.230469 0.984375
vn -0.831470 0.000000 0.555570
g round_perk_sign
usemtl details
f 2245/2245/749 2246/2246/749 2247/2247/749
v -6.151829 -3.000000 90.651829
v -8.037752 0.000000 87.829346
v -8.037752 -3.000000 87.829346
vt 0.015625 0.769531
vt 0.230469 0.984375
vt 0.015625 0.984375
vn -0.831470 0.000000 0.555570
g round_perk_sign
usemtl details
f 2248/2248/750 2249/2249/750 2250/2250/750
v -5.692210 -3.050000 90.192210
v -6.151829 -3.050000 90.651829
v -8.037752 -3.050000 87.829346
vt 0.015625 0.769531
vt 0.230469 0.769531
vt 0.230469 0.984375
vn -0.000000 -1.000000 0.000000
g round_perk_sign
usemtl details
f 2251/2251/751 2252/2252/751 2253/2253/751
v -5.692210 -3.050000 90.192210
v -8.037752 -3.050000 87.829346
v -7.437230 -3.050000 87.580602
vt 0.015625 0.769531
vt 0.230469 0.984375
vt 0.015625 0.984375
vn 0.000000 -1.000000 0.000000
g round_perk_sign
usemtl details
f 2254/2254/752 2255/2255/752 2256/2256/752
v 0.000000 -3.080000 84.500000
v -5.692210 -3.080000 90.192210
v -7.437230 -3.080000 87.580602
vt 0.248047 0.501953
vt 0.083700 0.666300
vt 0.033317 0.590897
vn 0.000000 -1.000000 0.000000
g round_perk_sign
usemtl details
f 2257/2257/753 2258/2258/753 2259/2259/753
v 0.000000 0.000000 84.500000
v -8.037752 0.000000 87.829346
v -6.151829 0.000000 90.651829
vt 0.515625 0.769531
vt 0.730469 0.769531
vt 0.730469 0.984375
vn 0.000000 1.000000 0.000000
g round_perk_sign
usemtl details
f 2260/2260/754 2261/2261/754 2262/2262/754
v -8.037752 -3.000000 87.829346
v -8.037752 0.000000 87.829346
v -8.700000 0.000000 84.500000
vt 0.015625 0.769531
vt 0.230469 0.769531
vt 0.230469 0.984375
vn -0.980785 0.000000 0.195090
g round_perk_sign
usemtl details
f 2263/2263/755 2264/2264/755 2265/2265/755
v -8.037752 -3.000000 87.829346
v -8.700000 0.000000 84.500000
v -8.700000 -3.000000 84.500000
vt 0.015625 0.769531
vt 0.230469 0.984375
vt 0.015625 0.984375
vn -0.980785 0.000000 0.195090
g round_perk_sign
usemtl details
f 2266/2266/756 2267/2267/756 2268/2268/756
v -7.437230 -3.050000 87.580602
v -8.037752 -3.050000 87.829346
v -8.700000 -3.050000 84.500000
vt 0.015625 0.769531
vt 0.230469 0.769531
vt 0.230469 0.984375
vn -0.000000 -1.000000 0.000000
g round_perk_sign
usemtl details
f 2269/2269/757 2270/2270/757 2271/2271/757
v -7.437230 -3.050000 87.580602
v -8.700000 -3.050000 84.500000
v -8.050000 -3.050000 84.500000
vt 0.015625 0.769531
vt 0.230469 0.984375
vt 0.015625 0.984375
vn 0.000000 -1.000000 0.000000
g round_perk_sign
usemtl details
f 2272/2272/758 2273/2273/758 2274/2274/758
v 0.000000 -3.080000 84.500000
v -7.437230 -3.080000 87.580602
v -8.050000 -3.080000 84.500000
vt 0.248047 0.501953
vt 0.033317 0.590897
vt 0.015625 0.501953
vn 0.000000 -1.000000 0.000000
g round_perk_sign
usemtl details
f 2275/2275/759 2276/2276/759 2277/2277/759
v 0.000000 0.000000 84.500000
v -8.700000 0.000000 84.500000
v -8.037752 0.000000 87.829346
vt 0.515625 0.769531
vt 0.730469 0.769531
vt 0.730469 0.984375
vn 0.000000 1.000000 0.000000
g round_perk_sign
usemtl details
f 2278/2278/760 2279/2279/760 2280/2280/760
v -8.700000 -3.000000 84.500000
v -8.700000 0.000000 84.500000
v -8.037752 0.000000 81.170654
vt 0.015625 0.769531
vt 0.230469 0.769531
vt 0.230469 0.984375
vn -0.980785 0.000000 -0.195090
g round_perk_sign
usemtl details
f 2281/2281/761 2282/2282/761 2283/2283/761
v -8.700000 -3.000000 84.500000
v -8.037752 0.000000 81.170654
v -8.037752 -3.000000 81.170654
vt 0.015625 0.769531
vt 0.230469 0.984375
vt 0.015625 0.984375
vn -0.980785 0.000000 -0.195090
g round_perk_sign
usemtl details
f 2284/2284/762 2285/2285/762 2286/2286/762
v -8.050000 -3.050000 84.500000
v -8.700000 -3.050000 84.500000
v -8.037752 -3.050000 81.170654
vt 0.015625 0.769531
vt 0.230469 0.769531
vt 0.230469 0.984375
vn -0.000000 -1.000000 -0.000000
g round_perk_sign
usemtl details
f 2287/2287/763 2288/2288/763 2289/2289/763
v -8.050000 -3.050000 84.500000
v -8.037752 -3.050000 81.170654
v -7.437230 -3.050000 81.419398
vt 0.015625 0.769531
vt 0.230469 0.984375
vt 0.015625 0.984375
vn 0.000000 -1.000000 0.000000
g round_perk_sign
usemtl details
f 2290/2290/764 2291/2291/764 2292/2292/764
v 0.000000 -3.080000 84.500000
v -8.050000 -3.080000 84.500000
v -7.437230 -3.080000 81.419398
vt 0.248047 0.501953
vt 0.015625 0.501953
vt 0.033317 0.413009
vn -0.000000 -1.000000 0.000000
g round_perk_sign
usemtl details
f 2293/2293/765 2294/2294/765 2295/2295/765
v 0.000000 0.000000 84.500000
v -8.037752 0.000000 81.170654
v -8.700000 0.000000 84.500000
vt 0.515625 0.769531
vt 0.730469 0.769531
vt 0.730469 0.984375
vn 0.000000 1.000000 0.000000
g round_perk_sign
usemtl details
f 2296/2296/766 2297/2297/766 2298/2298/766
v -8.037752 -3.000000 81.170654
v -8.037752 0.000000 81.170654
v -6.151829 0.000000 78.348171
vt 0.015625 0.769531
vt 0.230469 0.769531
vt 0.230469 0.984375
vn -0.831470 0.000000 -0.555570
g round_perk_sign
usemtl details
f 2299/2299/767 2300/2300/767 2301/2301/767
v -8.037752 -3.000000 81.170654
v -6.151829 0.000000 78.348171
v -6.151829 -3.000000 78.348171
vt 0.015625 0.769531
vt 0.230469 0.984375
vt 0.015625 0.984375
vn -0.831470 0.000000 -0.555570
g round_perk_sign
usemtl details
f 2302/2302/768 2303/2303/768 2304/2304/768
v -7.437230 -3.050000 81.419398
v -8.037752 -3.050000 81.170654
v -6.151829 -3.050000 78.348171
vt 0.015625 0.769531
vt 0.230469 0.769531
vt 0.230469 0.984375
vn 0.000000 -1.000000 -0.000000
g round_perk_sign
usemtl details
f 2305/2305/769 2306/2306/769 2307/2307/769
v -7.437230 -3.050000 81.419398
v -6.151829 -3.050000 78.348171
v -5.692210 -3.050000 78.807790
vt 0.015625 0.769531
vt 0.230469 0.984375
vt 0.015625 0.984375
vn 0.000000 -1.000000 0.000000
g round_perk_sign
usemtl details
f 2308/2308/770 2309/2309/770 2310/2310/770
v 0.000000 -3.080000 84.500000
v -7.437230 -3.080000 81.419398
v -5.692210 -3.080000 78.807790
vt 0.248047 0.501953
vt 0.033317 0.413009
vt 0.083700 0.337606
vn 0.000000 -1.000000 0.000000
g round_perk_sign
usemtl details
f 2311/2311/771 2312/2312/771 2313/2313/771
v 0.000000 0.000000 84.500000
v -6.151829 0.000000 78.348171
v -8.037752 0.000000 81.170654
vt 0.515625 0.769531
vt 0.730469 0.769531
vt 0.730469 0.984375
vn 0.000000 1.000000 0.000000
g round_perk_sign
usemtl details
f 2314/2314/772 2315/2315/772 2316/2316/772
v -6.151829 -3.000000 78.348171
v -6.151829 0.000000 78.348171
v -3.329346 0.000000 76.462248
vt 0.015625 0.769531
vt 0.230469 0.769531
vt 0.230469 0.984375
vn -0.555570 0.000000 -0.831470
g round_perk_sign
usemtl details
f 2317/2317/773 2318/2318/773 2319/2319/773
v -6.151829 -3.000000 78.348171
v -3.329346 0.000000 76.462248
v -3.329346 -3.000000 76.462248
vt 0.015625 0.769531
vt 0.230469 0.984375
vt 0.015625 0.984375
vn -0.555570 0.000000 -0.831470
g round_perk_sign
usemtl details
f 2320/2320/774 2321/2321/774 2322/2322/774
v -5.692210 -3.050000 78.807790
v -6.151829 -3.050000 78.348171
v -3.329346 -3.050000 76.462248
vt 0.015625 0.769531
vt 0.230469 0.769531
vt 0.230469 0.984375
vn 0.000000 -1.000000 -0.000000
g round_perk_sign
usemtl details
f 2323/2323/775 2324/2324/775 2325/2325/775
v -5.692210 -3.050000 78.807790
v -3.329346 -3.050000 76.462248
v -3.080602 -3.050000 77.062770
vt 0.015625 0.769531
vt 0.230469 0.984375
vt 0.015625 0.984375
vn 0.000000 -1.000000 0.000000
g round_perk_sign
usemtl details
f 2326/2326/776 2327/2327/776 2328/2328/776
v 0.000000 -3.080000 84.500000
v -5.692210 -3.080000 78.807790
v -3.080602 -3.080000 77.062770
vt 0.248047 0.501953
vt 0.083700 0.337606
vt 0.159103 0.287223
vn 0.000000 -1.000000 0.000000
g round_perk_sign
usemtl details
f 2329/2329/777 2330/2330/777 2331/2331/777
v 0.000000 0.000000 84.500000
v -3.329346 0.000000 76.462248
v -6.151829 0.000000 78.348171
vt 0.515625 0.769531
vt 0.730469 0.769531
vt 0.730469 0.984375
vn 0.000000 1.000000 0.000000
g round_perk_sign
usemtl details
f 2332/2332/778 2333/2333/778 2334/2334/778
v -3.329346 -3.000000 76.462248
v -3.329346 0.000000 76.462248
v -0.000000 0.000000 75.800000
vt 0.015625 0.769531
vt 0.230469 0.769531
vt 0.230469 0.984375
vn -0.195090 0.000000 -0.980785
g round_perk_sign
usemtl details
f 2335/2335/779 2336/2336/779 2337/2337/779
v -3.329346 -3.000000 76.462248
v -0.000000 0.000000 75.800000
v -0.000000 -3.000000 75.800000
vt 0.015625 0.769531
vt 0.230469 0.984375
vt 0.015625 0.984375
vn -0.195090 0.000000 -0.980785
g round_perk_sign
usemtl details
f 2338/2338/780 2339/2339/780 2340/2340/780
v -3.080602 -3.050000 77.062770
v -3.329346 -3.050000 76.462248
v -0.000000 -3.050000 75.800000
vt 0.015625 0.769531
vt 0.230469 0.769531
vt 0.230469 0.984375
vn 0.000000 -1.000000 -0.000000
g round_perk_sign
usemtl details
f 2341/2341/781 2342/2342/781 2343/2343/781
v -3.080602 -3.050000 77.062770
v -0.000000 -3.050000 75.800000
v -0.000000 -3.050000 76.450000
vt 0.015625 0.769531
vt 0.230469 0.984375
vt 0.015625 0.984375
vn 0.000000 -1.000000 0.000000
g round_perk_sign
usemtl details
f 2344/2344/782 2345/2345/782 2346/2346/782
v 0.000000 -3.080000 84.500000
v -3.080602 -3.080000 77.062770
v -0.000000 -3.080000 76.450000
vt 0.248047 0.501953
vt 0.159103 0.287223
vt 0.248047 0.269531
vn 0.000000 -1.000000 0.000000
g round_perk_sign
usemtl details
f 2347/2347/783 2348/2348/783 2349/2349/783
v 0.000000 0.000000 84.500000
v -0.000000 0.000000 75.800000
v -3.329346 0.000000 76.462248
vt 0.515625 0.769531
vt 0.730469 0.769531
vt 0.730469 0.984375
vn 0.000000 1.000000 0.000000
g round_perk_sign
usemtl details
f 2350/2350/784 2351/2351/784 2352/2352/784
v -0.000000 -3.000000 75.800000
v -0.000000 0.000000 75.800000
v 3.329346 0.000000 76.462248
vt 0.015625 0.769531
vt 0.230469 0.769531
vt 0.230469 0.984375
vn 0.195090 0.000000 -0.980785
g round_perk_sign
usemtl details
f 2353/2353/785 2354/2354/785 2355/2355/785
v -0.000000 -3.000000 75.800000
v 3.329346 0.000000 76.462248
v 3.329346 -3.000000 76.462248
vt 0.015625 0.769531
vt 0.230469 0.984375
vt 0.015625 0.984375
vn 0.195090 0.000000 -0.980785
g round_perk_sign
usemtl details
f 2356/2356/786 2357/2357/786 2358/2358/786
v -0.000000 -3.050000 76.450000
v -0.000000 -3.050000 75.800000
v 3.329346 -3.050000 76.462248
vt 0.015625 0.769531
vt 0.230469 0.769531
vt 0.230469 0.984375
vn 0.000000 -1.000000 -0.000000
g round_perk_sign
usemtl details
f 2359/2359/787 2360/2360/787 2361/2361/787
v -0.000000 -3.050000 76.450000
v 3.329346 -3.050000 76.462248
v 3.080602 -3.050000 77.062770
vt 0.015625 0.769531
vt 0.230469 0.984375
vt 0.015625 0.984375
vn 0.000000 -1.000000 0.000000
g round_perk_sign
usemtl details
f 2362/2362/788 2363/2363/788 2364/2364/788
v 0.000000 -3.080000 84.500000
v -0.000000 -3.080000 76.450000
v 3.080602 -3.080000 77.062770
vt 0.248047 0.501953
vt 0.248047 0.269531
vt 0.336991 0.287223
vn 0.000000 -1.000000 -0.000000
g round_perk_sign
usemtl details
f 2365/2365/789 2366/2366/789 2367/2367/789
v 0.000000 0.000000 84.500000
v 3.329346 0.000000 76.462248
v -0.000000 0.000000 75.800000
vt 0.515625 0.769531
vt 0.730469 0.769531
vt 0.730469 0.984375
vn 0.000000 1.000000 0.000000
g round_perk_sign
usemtl details
f 2368/2368/790 2369/2369/790 2370/2370/790
v 3.329346 -3.000000 76.462248
v 3.329346 0.000000 76.462248
v 6.151829 0.000000 78.348171
vt 0.015625 0.769531
vt 0.230469 0.769531
vt 0.230469 0.984375
vn 0.555570 0.000000 -0.831470
g round_perk_sign
usemtl details
f 2371/2371/791 2372/2372/791 2373/2373/791
v 3.329346 -3.000000 76.462248
v 6.151829 0.000000 78.348171
v 6.151829 -3.000000 78.348171
vt 0.015625 0.769531
vt 0.230469 0.984375
vt 0.015625 0.984375
vn 0.555570 0.000000 -0.831470
g round_perk_sign
usemtl details
f 2374/2374/792 2375/2375/792 2376/2376/792
v 3.080602 -3.050000 77.062770
v 3.329346 -3.050000 76.462248
v 6.151829 -3.050000 78.348171
vt 0.015625 0.769531
vt 0.230469 0.769531
vt 0.230469 0.984375
vn 0.000000 -1.000000 0.000000
g round_perk_sign
usemtl details
f 2377/2377/793 2378/2378/793 2379/2379/793
v 3.080602 -3.050000 77.062770
v 6.151829 -3.050000 78.348171
v 5.692210 -3.050000 78.807790
vt 0.015625 0.769531
vt 0.230469 0.984375
vt 0.015625 0.984375
vn 0.000000 -1.000000 0.000000
g round_perk_sign
usemtl details
f 2380/2380/794 2381/2381/794 2382/2382/794
v 0.000000 -3.080000 84.500000
v 3.080602 -3.080000 77.062770
v 5.692210 -3.080000 78.807790
vt 0.248047 0.501953
vt 0.336991 0.287223
vt 0.412394 0.337606
vn 0.000000 -1.000000 0.000000
g round_perk_sign
usemtl details
f 2383/2383/795 2384/2384/795 2385/2385/795
v 0.000000 0.000000 84.500000
v 6.151829 0.000000 78.348171
v 3.329346 0.000000 76.462248
vt 0.515625 0.769531
vt 0.730469 0.769531
vt 0.730469 0.984375
vn 0.000000 1.000000 0.000000
g round_perk_sign
usemtl details
f 2386/2386/796 2387/2387/796 2388/2388/796
v 6.151829 -3.000000 78.348171
v 6.151829 0.000000 78.348171
v 8.037752 0.000000 81.170654
vt 0.015625 0.769531
vt 0.230469 0.769531
vt 0.230469 0.984375
vn 0.831470 0.000000 -0.555570
g round_perk_sign
usemtl details
f 2389/2389/797 2390/2390/797 2391/2391/797
v 6.151829 -3.000000 78.348171
v 8.037752 0.000000 81.170654
v 8.037752 -3.000000 81.170654
vt 0.015625 0.769531
vt 0.230469 0.984375
vt 0.015625 0.984375
vn 0.831470 0.000000 -0.555570
g round_perk_sign
usemtl details
f 2392/2392/798 2393/2393/798 2394/2394/798
v 5.692210 -3.050000 78.807790
v 6.151829 -3.050000 78.348171
v 8.037752 -3.050000 81.170654
vt 0.015625 0.769531
vt 0.230469 0.769531
vt 0.230469 0.984375
vn 0.000000 -1.000000 0.000000
g round_perk_sign
usemtl details
f 2395/2395/799 2396/2396/799 2397/2397/799
v 5.692210 -3.050000 78.807790
v 8.037752 -3.050000 81.170654
v 7.437230 -3.050000 81.419398
vt 0.015625 0.769531
vt 0.230469 0.984375
vt 0.015625 0.984375
vn 0.000000 -1.000000 0.000000
g round_perk_sign
usemtl details
f 2398/2398/800 2399/2399/800 2400/2400/800
v 0.000000 -3.080000 84.500000
v 5.692210 -3.080000 78.807790
v 7.437230 -3.080000 81.419398
vt 0.248047 0.501953
vt 0.412394 0.337606
vt 0.462777 0.413009
vn 0.000000 -1.000000 0.000000
g round_perk_sign
usemtl details
f 2401/2401/801 2402/2402/801 2403/2403/801
v 0.000000 0.000000 84.500000
v 8.037752 0.000000 81.170654
v 6.151829 0.000000 78.348171
vt 0.515625 0.769531
vt 0.730469 0.769531
vt 0.730469 0.984375
vn 0.000000 1.000000 0.000000
g round_perk_sign
usemtl details
f 2404/2404/802 2405/2405/802 2406/2406/802
v 8.037752 -3.000000 81.170654
v 8.037752 0.000000 81.170654
v 8.700000 0.000000 84.500000
vt 0.015625 0.769531
vt 0.230469 0.769531
vt 0.230469 0.984375
vn 0.980785 0.000000 -0.195090
g round_perk_sign
usemtl details
f 2407/2407/803 2408/2408/803 2409/2409/803
v 8.037752 -3.000000 81.170654
v 8.700000 0.000000 84.500000
v 8.700000 -3.000000 84.500000
vt 0.015625 0.769531
vt 0.230469 0.984375
vt 0.015625 0.984375
vn 0.980785 0.000000 -0.195090
g round_perk_sign
usemtl details
f 2410/2410/804 2411/2411/804 2412/2412/804
v 7.437230 -3.050000 81.419398
v 8.037752 -3.050000 81.170654
v 8.700000 -3.050000 84.500000
vt 0.015625 0.769531
vt 0.230469 0.769531
vt 0.230469 0.984375
vn 0.000000 -1.000000 0.000000
g round_perk_sign
usemtl details
f 2413/2413/805 2414/2414/805 2415/2415/805
v 7.437230 -3.050000 81.419398
v 8.700000 -3.050000 84.500000
v 8.050000 -3.050000 84.500000
vt 0.015625 0.769531
vt 0.230469 0.984375
vt 0.015625 0.984375
vn 0.000000 -1.000000 0.000000
g round_perk_sign
usemtl details
f 2416/2416/806 2417/2417/806 2418/2418/806
v 0.000000 -3.080000 84.500000
v 7.437230 -3.080000 81.419398
v 8.050000 -3.080000 84.500000
vt 0.248047 0.501953
vt 0.462777 0.413009
vt 0.480469 0.501953
vn 0.000000 -1.000000 0.000000
g round_perk_sign
usemtl details
f 2419/2419/807 2420/2420/807 2421/2421/807
v 0.000000 0.000000 84.500000
v 8.700000 0.000000 84.500000
v 8.037752 0.000000 81.170654
vt 0.515625 0.769531
vt 0.730469 0.769531
vt 0.730469 0.984375
vn -0.000000 1.000000 0.000000
g round_perk_sign
usemtl details
f 2422/2422/808 2423/2423/808 2424/2424/808
